Time,RECPROUSM156N,PCEDGC96,PCENDC96,PCESC96,RSAFS,DSPIC96,PSAVERT,TOTALSA,NONREVSL,DGORDER,HSN1F,PAYEMS,UNRATE,CIVPART,JTSJOR,JTSHIR,JTSTSR,AWHAETP,CPILFESL,PPIFIS,PCEPI,PCEPILFE,CES0500000003,AHETPI,CSUSHPINSA,IQ,IR,BOPTEXP,BOPTIMP,BOPSTB,TWEXBGSMTH,EXHOSLUSM495S,RCES0500000003*
1939-01-01,,,,,,,,,,,,29923.0,,,,,,,,,,,,,,,,,,,,,
1939-02-01,,,,,,,,,,,,30100.0,,,,,,,,,,,,,,,,,,,,,
1939-03-01,,,,,,,,,,,,30280.0,,,,,,,,,,,,,,,,,,,,,
1939-04-01,,,,,,,,,,,,30094.0,,,,,,,,,,,,,,,,,,,,,
1939-05-01,,,,,,,,,,,,30299.0,,,,,,,,,,,,,,,,,,,,,
1939-06-01,,,,,,,,,,,,30502.0,,,,,,,,,,,,,,,,,,,,,
1939-07-01,,,,,,,,,,,,30419.0,,,,,,,,,,,,,,,,,,,,,
1939-08-01,,,,,,,,,,,,30663.0,,,,,,,,,,,,,,,,,,,,,
1939-09-01,,,,,,,,,,,,31031.0,,,,,,,,,,,,,,,,,,,,,
1939-10-01,,,,,,,,,,,,31411.0,,,,,,,,,,,,,,,,,,,,,
1939-11-01,,,,,,,,,,,,31470.0,,,,,,,,,,,,,,,,,,,,,
1939-12-01,,,,,,,,,,,,31542.0,,,,,,,,,,,,,,,,,,,,,
1940-01-01,,,,,,,,,,,,31603.0,,,,,,,,,,,,,,,,,,,,,
1940-02-01,,,,,,,,,,,,31715.0,,,,,,,,,,,,,,,,,,,,,
1940-03-01,,,,,,,,,,,,31825.0,,,,,,,,,,,,,,,,,,,,,
1940-04-01,,,,,,,,,,,,31701.0,,,,,,,,,,,,,,,,,,,,,
1940-05-01,,,,,,,,,,,,31879.0,,,,,,,,,,,,,,,,,,,,,
1940-06-01,,,,,,,,,,,,31977.0,,,,,,,,,,,,,,,,,,,,,
1940-07-01,,,,,,,,,,,,31942.0,,,,,,,,,,,,,,,,,,,,,
1940-08-01,,,,,,,,,,,,32352.0,,,,,,,,,,,,,,,,,,,,,
1940-09-01,,,,,,,,,,,,32810.0,,,,,,,,,,,,,,,,,,,,,
1940-10-01,,,,,,,,,,,,33267.0,,,,,,,,,,,,,,,,,,,,,
1940-11-01,,,,,,,,,,,,33669.0,,,,,,,,,,,,,,,,,,,,,
1940-12-01,,,,,,,,,,,,34174.0,,,,,,,,,,,,,,,,,,,,,
1941-01-01,,,,,,,,,,,,34481.0,,,,,,,,,,,,,,,,,,,,,
1941-02-01,,,,,,,,,,,,34843.0,,,,,,,,,,,,,,,,,,,,,
1941-03-01,,,,,,,,,,,,35092.0,,,,,,,,,,,,,,,,,,,,,
1941-04-01,,,,,,,,,,,,35468.0,,,,,,,,,,,,,,,,,,,,,
1941-05-01,,,,,,,,,,,,36182.0,,,,,,,,,,,,,,,,,,,,,
1941-06-01,,,,,,,,,,,,36650.0,,,,,,,,,,,,,,,,,,,,,
1941-07-01,,,,,,,,,,,,37137.0,,,,,,,,,,,,,,,,,,,,,
1941-08-01,,,,,,,,,,,,37544.0,,,,,,,,,,,,,,,,,,,,,
1941-09-01,,,,,,,,,,,,37835.0,,,,,,,,,,,,,,,,,,,,,
1941-10-01,,,,,,,,,,,,37949.0,,,,,,,,,,,,,,,,,,,,,
1941-11-01,,,,,,,,,,,,38024.0,,,,,,,,,,,,,,,,,,,,,
1941-12-01,,,,,,,,,,,,38104.0,,,,,,,,,,,,,,,,,,,,,
1942-01-01,,,,,,,,,,,,38347.0,,,,,,,,,,,,,,,,,,,,,
1942-02-01,,,,,,,,,,,,38512.0,,,,,,,,,,,,,,,,,,,,,
1942-03-01,,,,,,,,,,,,38935.0,,,,,,,,,,,,,,,,,,,,,
1942-04-01,,,,,,,,,,,,39352.0,,,,,,,,,,,,,,,,,,,,,
1942-05-01,,,,,,,,,,,,39771.0,,,,,,,,,,,,,,,,,,,,,
1942-06-01,,,,,,,,,,,,40029.0,,,,,,,,,,,,,,,,,,,,,
1942-07-01,,,,,,,,,,,,40472.0,,,,,,,,,,,,,,,,,,,,,
1942-08-01,,,,,,,,,,,,40988.0,,,,,,,,,,,,,,,,,,,,,
1942-09-01,,,,,,,,,,,,41259.0,,,,,,,,,,,,,,,,,,,,,
1942-10-01,,,,,,,,,,,,41515.0,,,,,,,,,,,,,,,,,,,,,
1942-11-01,,,,,,,,,,,,41674.0,,,,,,,,,,,,,,,,,,,,,
1942-12-01,,,,,,,,,,,,41915.0,,,,,,,,,,,,,,,,,,,,,
1943-01-01,,,,,,,,,6577.83,,,42172.0,,,,,,,,,,,,,,,,,,,,,
1943-02-01,,,,,,,,,6463.04,,,42393.0,,,,,,,,,,,,,,,,,,,,,
1943-03-01,,,,,,,,,6234.21,,,42552.0,,,,,,,,,,,,,,,,,,,,,
1943-04-01,,,,,,,,,6125.75,,,42647.0,,,,,,,,,,,,,,,,,,,,,
1943-05-01,,,,,,,,,5936.26,,,42596.0,,,,,,,,,,,,,,,,,,,,,
1943-06-01,,,,,,,,,5822.23,,,42781.0,,,,,,,,,,,,,,,,,,,,,
1943-07-01,,,,,,,,,5718.37,,,42700.0,,,,,,,,,,,,,,,,,,,,,
1943-08-01,,,,,,,,,5638.75,,,42546.0,,,,,,,,,,,,,,,,,,,,,
1943-09-01,,,,,,,,,5647.59,,,42492.0,,,,,,,,,,,,,,,,,,,,,
1943-10-01,,,,,,,,,5650.74,,,42675.0,,,,,,,,,,,,,,,,,,,,,
1943-11-01,,,,,,,,,5576.87,,,42821.0,,,,,,,,,,,,,,,,,,,,,
1943-12-01,,,,,,,,,5462.52,,,42746.0,,,,,,,,,,,,,,,,,,,,,
1944-01-01,,,,,,,,,5398.57,,,42654.0,,,,,,,,,,,,,,,,,,,,,
1944-02-01,,,,,,,,,5354.36,,,42538.0,,,,,,,,,,,,,,,,,,,,,
1944-03-01,,,,,,,,,5370.36,,,42294.0,,,,,,,,,,,,,,,,,,,,,
1944-04-01,,,,,,,,,5379.18,,,42063.0,,,,,,,,,,,,,,,,,,,,,
1944-05-01,,,,,,,,,5430.5,,,41985.0,,,,,,,,,,,,,,,,,,,,,
1944-06-01,,,,,,,,,5467.79,,,41947.0,,,,,,,,,,,,,,,,,,,,,
1944-07-01,,,,,,,,,5498.2,,,41904.0,,,,,,,,,,,,,,,,,,,,,
1944-08-01,,,,,,,,,5533.96,,,41850.0,,,,,,,,,,,,,,,,,,,,,
1944-09-01,,,,,,,,,5549.23,,,41679.0,,,,,,,,,,,,,,,,,,,,,
1944-10-01,,,,,,,,,5565.93,,,41708.0,,,,,,,,,,,,,,,,,,,,,
1944-11-01,,,,,,,,,5570.1,,,41711.0,,,,,,,,,,,,,,,,,,,,,
1944-12-01,,,,,,,,,5585.69,,,41860.0,,,,,,,,,,,,,,,,,,,,,
1945-01-01,,,,,,,,,5602.73,,,41895.0,,,,,,,,,,,,,,,,,,,,,
1945-02-01,,,,,,,,,5573.81,,,41897.0,,,,,,,,,,,,,,,,,,,,,
1945-03-01,,,,,,,,,5667.69,,,41798.0,,,,,,,,,,,,,,,,,,,,,
1945-04-01,,,,,,,,,5582.45,,,41446.0,,,,,,,,,,,,,,,,,,,,,
1945-05-01,,,,,,,,,5605.25,,,41304.0,,,,,,,,,,,,,,,,,,,,,
1945-06-01,,,,,,,,,5704.45,,,41149.0,,,,,,,,,,,,,,,,,,,,,
1945-07-01,,,,,,,,,5748.78,,,40874.0,,,,,,,,,,,,,,,,,,,,,
1945-08-01,,,,,,,,,5767.01,,,40466.0,,,,,,,,,,,,,,,,,,,,,
1945-09-01,,,,,,,,,5758.27,,,38507.0,,,,,,,,,,,,,,,,,,,,,
1945-10-01,,,,,,,,,5932.02,,,38600.0,,,,,,,,,,,,,,,,,,,,,
1945-11-01,,,,,,,,,6095.55,,,38996.0,,,,,,,,,,,,,,,,,,,,,
1945-12-01,,,,,,,,,6567.05,,,39110.0,,,,,,,,,,,,,,,,,,,,,
1946-01-01,,,,,,,,,6504.51,,,39829.0,,,,,,,,,,,,,,,,,,,,,
1946-02-01,,,,,,,,,6765.95,,,39244.0,,,,,,,,,,,,,,,,,,,,,
1946-03-01,,,,,,,,,7005.45,,,40195.0,,,,,,,,,,,,,,,,,,,,,
1946-04-01,,,,,,,,,7333.22,,,40913.0,,,,,,,,,,,,,,,,,,,,,
1946-05-01,,,,,,,,,7532.37,,,41349.0,,,,,,,,,,,,,,,,,,,,,
1946-06-01,,,,,,,,,7702.21,,,41735.0,,,,,,,,,,,,,,,,,,,,,
1946-07-01,,,,,,,,,7933.64,,,42153.0,,,,,,,,,,,,,,,,,,,,,
1946-08-01,,,,,,,,,8345.16,,,42642.0,,,,,,,,,,,,,,,,,,,,,
1946-09-01,,,,,,,,,8599.6,,,42915.0,,,,,,,,,,,,,,,,,,,,,
1946-10-01,,,,,,,,,8895.14,,,43093.0,,,,,,,,,,,,,,,,,,,,,
1946-11-01,,,,,,,,,9218.28,,,43395.0,,,,,,,,,,,,,,,,,,,,,
1946-12-01,,,,,,,,,9444.39,,,43379.0,,,,,,,,,,,,,,,,,,,,,
1947-01-01,,,,,,,,,9770.2,,,43535.0,,,,,,,,,,,,,,,,,,,,,
1947-02-01,,,,,,,,,10089.0,,,43557.0,,,,,,,,,,,,,,,,,,,,,
1947-03-01,,,,,,,,,10345.85,,,43607.0,,,,,,,,,,,,,,,,,,,,,
1947-04-01,,,,,,,,,10645.94,,,43499.0,,,,,,,,,,,,,,,,,,,,,
1947-05-01,,,,,,,,,10926.31,,,43638.0,,,,,,,,,,,,,,,,,,,,,
1947-06-01,,,,,,,,,11135.65,,,43810.0,,,,,,,,,,,,,,,,,,,,,
1947-07-01,,,,,,,,,11364.12,,,43743.0,,,,,,,,,,,,,,,,,,,,,
1947-08-01,,,,,,,,,11582.88,,,43960.0,,,,,,,,,,,,,,,,,,,,,
1947-09-01,,,,,,,,,11860.3,,,44203.0,,,,,,,,,,,,,,,,,,,,,
1947-10-01,,,,,,,,,12205.13,,,44411.0,,,,,,,,,,,,,,,,,,,,,
1947-11-01,,,,,,,,,12534.87,,,44484.0,,,,,,,,,,,,,,,,,,,,,
1947-12-01,,,,,,,,,12855.62,,,44581.0,,,,,,,,,,,,,,,,,,,,,
1948-01-01,,,,,,,,,13228.61,,,44679.0,3.4,58.6,,,,,,,,,,,,,,,,,,,
1948-02-01,,,,,,,,,13524.28,,,44533.0,3.8,58.9,,,,,,,,,,,,,,,,,,,
1948-03-01,,,,,,,,,13921.24,,,44683.0,4.0,58.5,,,,,,,,,,,,,,,,,,,
1948-04-01,,,,,,,,,14264.07,,,44379.0,3.9,59.0,,,,,,,,,,,,,,,,,,,
1948-05-01,,,,,,,,,14500.28,,,44796.0,3.5,58.3,,,,,,,,,,,,,,,,,,,
1948-06-01,,,,,,,,,14775.27,,,45034.0,3.6,59.2,,,,,,,,,,,,,,,,,,,
1948-07-01,,,,,,,,,15041.57,,,45160.0,3.6,59.3,,,,,,,,,,,,,,,,,,,
1948-08-01,,,,,,,,,15229.7,,,45178.0,3.9,58.9,,,,,,,,,,,,,,,,,,,
1948-09-01,,,,,,,,,15515.14,,,45294.0,3.8,58.9,,,,,,,,,,,,,,,,,,,
1948-10-01,,,,,,,,,15579.62,,,45245.0,3.7,58.7,,,,,,,,,,,,,,,,,,,
1948-11-01,,,,,,,,,15603.37,,,45192.0,3.8,58.7,,,,,,,,,,,,,,,,,,,
1948-12-01,,,,,,,,,15803.23,,,45032.0,4.0,59.1,,,,,,,,,,,,,,,,,,,
1949-01-01,,,,,,,,,15901.7,,,44668.0,4.3,58.7,,,,,,,,,,,,,,,,,,,
1949-02-01,,,,,,,,,16009.26,,,44497.0,4.7,59.0,,,,,,,,,,,,,,,,,,,
1949-03-01,,,,,,,,,16092.98,,,44240.0,5.0,58.9,,,,,,,,,,,,,,,,,,,
1949-04-01,,,,,,,,,16413.2,,,44236.0,5.3,58.8,,,,,,,,,,,,,,,,,,,
1949-05-01,,,,,,,,,16638.1,,,43984.0,6.1,59.0,,,,,,,,,,,,,,,,,,,
1949-06-01,,,,,,,,,16860.93,,,43739.0,6.2,58.6,,,,,,,,,,,,,,,,,,,
1949-07-01,,,,,,,,,17061.1,,,43531.0,6.7,58.9,,,,,,,,,,,,,,,,,,,
1949-08-01,,,,,,,,,17355.49,,,43624.0,6.8,59.2,,,,,,,,,,,,,,,,,,,
1949-09-01,,,,,,,,,17695.16,,,43780.0,6.6,59.1,,,,,,,,,,,,,,,,,,,
1949-10-01,,,,,,,,,18021.32,,,42942.0,7.9,59.6,,,,,,,,,,,,,,,,,,,
1949-11-01,,,,,,,,,18435.99,,,43242.0,6.4,59.4,,,,,,,,,,,,,,,,,,,
1949-12-01,,,,,,,,,18772.21,,,43522.0,6.6,59.2,,,,,,,,,,,,,,,,,,,
1950-01-01,,,,,,,,,19050.87,,,43526.0,6.5,58.9,,,,,,,,,,,,,,,,,,,
1950-02-01,,,,,,,,,19371.63,,,43297.0,6.4,58.9,,,,,,,,,,,,,,,,,,,
1950-03-01,,,,,,,,,19734.83,,,43954.0,6.3,58.8,,,,,,,,,,,,,,,,,,,
1950-04-01,,,,,,,,,20148.38,,,44382.0,5.8,59.2,,,,,,,,,,,,,,,,,,,
1950-05-01,,,,,,,,,20621.68,,,44718.0,5.5,59.1,,,,,,,,,,,,,,,,,,,
1950-06-01,,,,,,,,,21118.84,,,45083.0,5.4,59.4,,,,,,,,,,,,,,,,,,,
1950-07-01,,,,,,,,,22086.29,,,45454.0,5.0,59.1,,,,,,,,,,,,,,,,,,,
1950-08-01,,,,,,,,,22728.26,,,46192.0,4.5,59.5,,,,,,,,,,,,,,,,,,,
1950-09-01,,,,,,,,,23171.57,,,46438.0,4.4,59.2,,,,,,,,,,,,,,,,,,,
1950-10-01,,,,,,,,,23242.15,,,46706.0,4.2,59.4,,,,,,,,,,,,,,,,,,,
1950-11-01,,,,,,,,,23258.56,,,46776.0,4.2,59.3,,,,,,,,,,,,,,,,,,,
1950-12-01,,,,,,,,,23229.16,,,46861.0,4.3,59.2,,,,,,,,,,,,,,,,,,,
1951-01-01,,,,,,,,,23797.6,,,47288.0,3.7,59.1,,,,,,,,,,,,,,,,,,,
1951-02-01,,,,,,,,,24109.42,,,47577.0,3.4,59.1,,,,,,,,,,,,,,,,,,,
1951-03-01,,,,,,,,,24280.96,,,47873.0,3.4,59.8,,,,,,,,,,,,,,,,,,,
1951-04-01,,,,,,,,,24076.15,,,47861.0,3.1,59.1,,,,,,,,,,,,,,,,,,,
1951-05-01,,,,,,,,,23994.88,,,47952.0,3.0,59.4,,,,,,,,,,,,,,,,,,,
1951-06-01,,,,,,,,,23841.03,,,48064.0,3.2,59.0,,,,,,,,,,,,,,,,,,,
1951-07-01,,,,,,,,,23706.57,,,48061.0,3.1,59.4,,,,,,,,,,,,,,,,,,,
1951-08-01,,,,,,,,,23940.11,,,48012.0,3.1,59.2,,,,,,,,,,,,,,,,,,,
1951-09-01,,,,,,,,,24098.29,,,47954.0,3.3,59.1,,,,,,,,,,,,,,,,,,,
1951-10-01,,,,,,,,,24288.01,,,48006.0,3.5,59.4,,,,,,,,,,,,,,,,,,,
1951-11-01,,,,,,,,,24639.74,,,48147.0,3.5,59.2,,,,,,,,,,,,,,,,,,,
1951-12-01,,,,,,,,,24627.95,,,48314.0,3.1,59.6,,,,,,,,,,,,,,,,,,,
1952-01-01,,,,,,,,,24801.92,,,48296.0,3.2,59.5,,,,,,,,,,,,,,,,,,,
1952-02-01,,,,,,,,,25151.92,,,48522.0,3.1,59.5,,,,,,,,,,,,,,,,,,,
1952-03-01,,,,,,,,,25195.58,,,48504.0,2.9,58.9,,,,,,,,,,,,,,,,,,,
1952-04-01,,,,,,,,,25548.05,,,48620.0,2.9,58.8,,,,,,,,,,,,,,,,,,,
1952-05-01,,,,,,,,,26146.47,,,48642.0,3.0,59.1,,,,,,,,,,,,,,,,,,,
1952-06-01,,,,,,,,,26762.43,,,48282.0,3.0,59.1,,,,,,,,,,,,,,,,,,,
1952-07-01,,,,,,,,,27210.19,,,48143.0,3.2,58.9,,,,,,,,,,,,,,,,,,,
1952-08-01,,,,,,,,,27468.78,,,48924.0,3.4,58.7,,,,,,,,,,,,,,,,,,,
1952-09-01,,,,,,,,,27869.82,,,49320.0,3.1,59.2,,,,,,,,,,,,,,,,,,,
1952-10-01,,,,,,,,,28496.56,,,49597.0,3.0,58.7,,,,,,,,,,,,,,,,,,,
1952-11-01,,,,,,,,,29049.11,,,49816.0,2.8,59.1,,,,,,,,,,,,,,,,,,,
1952-12-01,,,,,,,,,29685.58,,,50166.0,2.7,59.2,,,,,,,,,,,,,,,,,,,
1953-01-01,,,,,,,,,30479.45,,,50144.0,2.9,59.5,,,,,,,,,,,,,,,,,,,
1953-02-01,,,,,,,,,30886.61,,,50339.0,2.6,59.5,,,,,,,,,,,,,,,,,,,
1953-03-01,,,,,,,,,31639.33,,,50473.0,2.6,59.6,,,,,,,,,,,,,,,,,,,
1953-04-01,,,,,,,,,32117.35,,,50435.0,2.7,59.1,,,,,,,,,,,,,,,,,,,
1953-05-01,,,,,,,,,32431.82,,,50490.0,2.5,58.6,,,,,,,,,,,,,,,,,,,
1953-06-01,,,,,,,,,32501.58,,,50519.0,2.5,58.9,,,,,,,,,,,,,,,,,,,
1953-07-01,,,,,,,,,32792.3,,,50536.0,2.6,58.9,,,,,,,,,,,,,,,,,,,
1953-08-01,,,,,,,,,33060.61,,,50489.0,2.7,58.6,,,,,,,,,,,,,,,,,,,
1953-09-01,,,,,,,,,33255.74,,,50368.0,2.9,58.5,,,,,,,,,,,,,,,,,,,
1953-10-01,,,,,,,,,33482.28,,,50240.0,3.1,58.5,,,,,,,,,,,,,,,,,,,
1953-11-01,,,,,,,,,33558.31,,,49908.0,3.5,58.6,,,,,,,,,,,,,,,,,,,
1953-12-01,,,,,,,,,33696.92,,,49703.0,4.5,58.3,,,,,,,,,,,,,,,,,,,
1954-01-01,,,,,,,,,34064.9,,,49469.0,4.9,58.6,,,,,,,,,,,,,,,,,,,
1954-02-01,,,,,,,,,33701.35,,,49382.0,5.2,59.3,,,,,,,,,,,,,,,,,,,
1954-03-01,,,,,,,,,33507.66,,,49157.0,5.7,59.1,,,,,,,,,,,,,,,,,,,
1954-04-01,,,,,,,,,33706.5,,,49179.0,5.9,59.2,,,,,,,,,,,,,,,,,,,
1954-05-01,,,,,,,,,33704.8,,,48965.0,5.9,58.9,,,,,,,,,,,,,,,,,,,
1954-06-01,,,,,,,,,33815.39,,,48895.0,5.6,58.5,,,,,,,,,,,,,,,,,,,
1954-07-01,,,,,,,,,34057.2,,,48835.0,5.8,58.4,,,,,,,,,,,,,,,,,,,
1954-08-01,,,,,,,,,34009.56,,,48826.0,6.0,58.7,,,,,,,,,,,,,,,,,,,
1954-09-01,,,,,,,,,34137.28,,,48886.0,6.1,59.2,,,,,,,,,,,,,,,,,,,
1954-10-01,,,,,,,,,34363.37,,,48942.0,5.7,58.8,,,,,,,,,,,,,,,,,,,
1954-11-01,,,,,,,,,34608.56,,,49180.0,5.3,58.6,,,,,,,,,,,,,,,,,,,
1954-12-01,,,,,,,,,35028.27,,,49331.0,5.0,58.1,,,,,,,,,,,,,,,,,,,
1955-01-01,,,,,,,,,35372.51,,,49496.0,4.9,58.6,,,,,,,,,,,,,,,,,,,
1955-02-01,,,,,,,,,35925.41,,,49644.0,4.7,58.4,,,,,,,,,,,,,,,,,,,
1955-03-01,,,,,,,,,36530.32,,,49962.0,4.6,58.5,,,,,,,,,,,,,,,,,,,
1955-04-01,,,,,,,,,37235.21,,,50248.0,4.7,59.0,,,,,,,,,,,,,,,,,,,
1955-05-01,,,,,,,,,37736.78,,,50512.0,4.3,58.8,,,,,,,,,,,,,,,,,,,
1955-06-01,,,,,,,,,38536.67,,,50790.0,4.2,58.8,,,,,,,,,,,,,,,,,,,
1955-07-01,,,,,,,,,39029.43,,,50987.0,4.0,59.3,,,,,,,,,,,,,,,,,,,
1955-08-01,,,,,,,,,39732.77,,,51111.0,4.2,59.7,,,,,,,,,,,,,,,,,,,
1955-09-01,,,,,,,,,40394.19,,,51266.0,4.1,59.7,,,,,,,,,,,,,,,,,,,
1955-10-01,,,,,,,,,40833.66,,,51429.0,4.3,59.8,,,,,,,,,,,,,,,,,,,
1955-11-01,,,,,,,,,41366.82,,,51592.0,4.2,59.9,,,,,,,,,,,,,,,,,,,
1955-12-01,,,,,,,,,41869.03,,,51805.0,4.2,60.2,,,,,,,,,,,,,,,,,,,
1956-01-01,,,,,,,,,42120.13,,,51975.0,4.0,60.2,,,,,,,,,,,,,,,,,,,
1956-02-01,,,,,,,,,42561.07,,,52167.0,3.9,59.9,,,,,,,,,,,,,,,,,,,
1956-03-01,,,,,,,,,43205.25,,,52294.0,4.2,59.8,,,,,,,,,,,,,,,,,,,
1956-04-01,,,,,,,,,43383.97,,,52375.0,4.0,59.9,,,,,,,,,,,,,,,,,,,
1956-05-01,,,,,,,,,43799.61,,,52506.0,4.3,60.2,,,,,,,,,,,,,,,,,,,
1956-06-01,,,,,,,,,44053.63,,,52586.0,4.3,60.1,,,,,,,,,,,,,,,,,,,
1956-07-01,,,,,,,,,44173.42,,,51955.0,4.4,60.1,,,,,,,,,,,,,,,,,,,
1956-08-01,,,,,,,,,44498.86,,,52631.0,4.1,60.0,,,,,,,,,,,,,,,,,,,
1956-09-01,,,,,,,,,44778.98,,,52604.0,3.9,60.0,,,,,,,,,,,,,,,,,,,
1956-10-01,,,,,,,,,44934.15,,,52777.0,3.9,59.8,,,,,,,,,,,,,,,,,,,
1956-11-01,,,,,,,,,45400.79,,,52821.0,4.3,59.8,,,,,,,,,,,,,,,,,,,
1956-12-01,,,,,,,,,45448.24,,,52929.0,4.2,59.8,,,,,,,,,,,,,,,,,,,
1957-01-01,,,,,,,,,45700.5,,,52887.0,4.2,59.5,,,,,28.5,,,,,,,,,,,,,,
1957-02-01,,,,,,,,,46042.24,,,53097.0,3.9,59.9,,,,,28.6,,,,,,,,,,,,,,
1957-03-01,,,,,,,,,46245.3,,,53156.0,3.7,59.8,,,,,28.7,,,,,,,,,,,,,,
1957-04-01,,,,,,,,,46517.42,,,53238.0,3.9,59.5,,,,,28.8,,,,,,,,,,,,,,
1957-05-01,,,,,,,,,46838.04,,,53150.0,4.1,59.5,,,,,28.8,,,,,,,,,,,,,,
1957-06-01,,,,,,,,,47000.29,,,53067.0,4.3,59.8,,,,,28.9,,,,,,,,,,,,,,
1957-07-01,,,,,,,,,47368.47,,,53123.0,4.2,60.0,,,,,29.0,,,,,,,,,,,,,,
1957-08-01,,,,,,,,,47646.21,,,53128.0,4.1,59.3,,,,,29.0,,,,,,,,,,,,,,
1957-09-01,,,,,,,,,47741.48,,,52934.0,4.4,59.6,,,,,29.1,,,,,,,,,,,,,,
1957-10-01,,,,,,,,,47879.0,,,52763.0,4.5,59.5,,,,,29.2,,,,,,,,,,,,,,
1957-11-01,,,,,,,,,47959.67,,,52558.0,5.1,59.5,,,,,29.3,,,,,,,,,,,,,,
1957-12-01,,,,,,,,,48078.27,,,52384.0,5.2,59.6,,,,,29.3,,,,,,,,,,,,,,
1958-01-01,,,,,,,,,48292.47,,,52076.0,5.8,59.3,,,,,29.3,,,,,,,,,,,,,,
1958-02-01,,,,,,,,,48097.52,12026.0,,51576.0,6.4,59.3,,,,,29.4,,,,,,,,,,,,,,
1958-03-01,,,,,,,,,47773.44,12630.0,,51299.0,6.7,59.3,,,,,29.5,,,,,,,,,,,,,,
1958-04-01,,,,,,,,,47662.5,11836.0,,51027.0,7.4,59.6,,,,,29.5,,,,,,,,,,,,,,
1958-05-01,,,,,,,,,47618.28,12380.0,,50914.0,7.4,59.8,,,,,29.5,,,,,,,,,,,,,,
1958-06-01,,,,,,,,,47507.36,13399.0,,50914.0,7.3,59.5,,,,,29.6,,,,,,,,,,,,,,
1958-07-01,,,,,,,,,47552.28,13072.0,,51039.0,7.5,59.6,,,,,29.6,,,,,,,,,,,,,,
1958-08-01,,,,,,,,,47592.98,13783.0,,51233.0,7.4,59.8,,,,,29.6,,,,,,,,,,,,,,
1958-09-01,,,,,,,,,47712.92,13326.0,,51506.0,7.1,59.7,,,,,29.7,,,,,,,,,,,,,,
1958-10-01,,,,,,,,,47823.17,14230.0,,51485.0,6.7,59.6,,,,,29.7,,,,,,,,,,,,,,
1958-11-01,,,,,,,,,47987.48,15438.0,,51944.0,6.2,59.2,,,,,29.8,,,,,,,,,,,,,,
1958-12-01,,,,,,,,,48394.35,14722.0,,52085.0,6.2,59.2,,,,,29.9,,,,,,,,,,,,,,
1959-01-01,,97.5,595.6,667.0,,2318.4,11.3,,48961.16,15647.0,,52478.0,6.0,59.3,,,,,29.9,,15.164,15.501,,,,,,,,,,,
1959-02-01,,101.9,597.7,670.8,,2325.4,10.6,,49513.71,16374.0,,52688.0,5.9,59.0,,,,,29.9,,15.179,15.513,,,,,,,,,,,
1959-03-01,,102.3,606.6,674.9,,2338.7,10.3,,50007.73,16741.0,,53014.0,5.6,59.3,,,,,30.0,,15.189,15.531,,,,,,,,,,,
1959-04-01,,103.8,596.9,678.8,,2353.8,11.2,,50463.43,16926.0,,53321.0,5.2,59.4,,,,,30.0,,15.219,15.57,,,,,,,,,,,
1959-05-01,,104.0,608.5,683.3,,2366.6,10.6,,51007.24,16213.0,,53550.0,5.1,59.2,,,,,30.1,,15.227,15.589,,,,,,,,,,,
1959-06-01,,105.1,609.1,686.9,,2374.5,10.5,,51675.44,16971.0,,53681.0,5.0,59.2,,,,,30.2,,15.271,15.635,,,,,,,,,,,
1959-07-01,,104.0,604.8,689.9,,2370.8,10.7,,52356.85,15676.0,,53804.0,5.1,59.4,,,,,30.2,,15.303,15.672,,,,,,,,,,,
1959-08-01,,106.5,606.5,692.9,,2356.8,9.6,,53038.53,14935.0,,53336.0,5.2,59.2,,,,,30.2,,15.325,15.697,,,,,,,,,,,
1959-09-01,,109.1,612.9,696.0,,2357.8,8.7,,53683.75,15342.0,,53428.0,5.5,59.3,,,,,30.3,,15.365,15.738,,,,,,,,,,,
1959-10-01,,102.7,612.3,699.4,,2359.5,9.4,,54365.95,15632.0,,53358.0,5.7,59.4,,,,,30.4,,15.402,15.765,,,,,,,,,,,
1959-11-01,,102.3,609.6,703.0,,2376.6,10.1,,54794.81,14754.0,,53634.0,5.8,59.1,,,,,30.4,,15.412,15.794,,,,,,,,,,,
1959-12-01,,97.8,614.5,705.5,,2399.7,11.0,,56010.68,16124.0,,54174.0,5.3,59.5,,,,,30.5,,15.43,15.818,,,,,,,,,,,
1960-01-01,,99.0,613.4,708.8,,2404.9,10.9,,56015.58,15507.0,,54274.0,5.2,59.1,,,,,30.5,,15.421,15.822,,,,,,,,,,,
1960-02-01,,105.0,607.1,710.6,,2405.3,10.6,,56364.63,15455.0,,54513.0,4.8,59.1,,,,,30.6,,15.437,15.852,,,,,,,,,,,
1960-03-01,,109.4,615.7,713.6,,2408.1,9.4,,56862.88,15284.0,,54454.0,5.4,58.5,,,,,30.6,,15.446,15.853,,,,,,,,,,,
1960-04-01,,113.1,628.1,716.2,,2417.3,8.4,,57711.4,15120.0,,54813.0,5.2,59.5,,,,,30.6,,15.502,15.882,,,,,,,,,,,
1960-05-01,,105.2,612.5,718.0,,2422.6,10.4,,57951.03,15303.0,,54475.0,5.1,59.5,,,,,30.6,,15.518,15.908,,,,,,,,,,,
1960-06-01,,102.4,617.2,717.7,,2424.9,10.4,,58387.06,15596.0,,54348.0,5.4,59.7,,,,,30.7,,15.525,15.917,,,,,,,,,,,
1960-07-01,,103.3,618.8,716.8,,2428.8,10.4,,58746.71,15065.0,,54306.0,5.5,59.5,,,,,30.6,,15.553,15.945,,,,,,,,,,,
1960-08-01,,105.6,613.9,716.5,,2423.3,10.3,,58947.15,15982.0,,54272.0,5.6,59.5,,,,,30.6,,15.579,15.968,,,,,,,,,,,
1960-09-01,,109.5,612.2,718.1,,2426.7,10.0,,59364.65,15870.0,,54227.0,5.5,59.7,,,,,30.6,,15.588,15.981,,,,,,,,,,,
1960-10-01,,108.1,617.8,721.8,,2435.6,9.8,,59628.99,14704.0,,54142.0,6.1,59.4,,,,,30.8,,15.606,15.99,,,,,,,,,,,
1960-11-01,,103.7,618.5,724.4,,2425.5,9.8,,59874.01,14733.0,,53961.0,6.1,59.8,,,,,30.8,,15.659,16.033,,,,,,,,,,,
1960-12-01,,97.8,610.1,726.5,,2414.6,10.4,,60025.31,14923.0,,53742.0,6.6,59.7,,,,,30.7,,15.662,16.028,,,,,,,,,,,
1961-01-01,,95.7,615.1,728.4,,2437.9,11.1,,60671.85,14092.0,,53683.0,6.6,59.6,,,,,30.8,,15.665,16.032,,,,,,,,,,,
1961-02-01,,96.4,617.8,730.4,,2448.1,11.1,,60310.13,14443.0,,53557.0,6.9,59.6,,,,,30.8,,15.679,16.048,,,,,,,,,,,
1961-03-01,,99.3,625.5,735.7,,2458.4,10.4,,60455.46,14474.0,,53659.0,6.9,59.7,,,,,30.9,,15.67,16.053,,,,,,,,,,,
1961-04-01,,98.1,624.1,741.0,,2463.4,10.6,,60075.87,15334.0,,53627.0,7.0,59.3,,,,,30.9,,15.661,16.075,,,,,,,,,,,
1961-05-01,,99.4,625.8,746.2,,2483.5,10.8,,60179.69,15522.0,,53786.0,7.1,59.4,,,,,30.9,,15.67,16.096,,,,,,,,,,,
1961-06-01,,100.1,627.9,747.0,,2509.1,11.5,,60334.75,15881.0,,53977.0,6.9,59.7,,,,,31.0,,15.677,16.12,,,,,,,,,,,
1961-07-01,,100.9,623.0,746.6,,2517.6,12.0,,60395.98,15628.0,,54123.0,7.0,59.3,,,,,31.0,,15.711,16.145,,,,,,,,,,,
1961-08-01,,101.8,626.4,746.9,,2517.7,11.7,,60619.48,16552.0,,54298.0,6.6,59.3,,,,,31.1,,15.724,16.162,,,,,,,,,,,
1961-09-01,,102.4,629.6,751.6,,2519.9,11.3,,60883.09,16296.0,,54388.0,6.7,59.0,,,,,31.1,,15.742,16.194,,,,,,,,,,,
1961-10-01,,104.0,631.4,756.8,,2546.6,11.7,,61158.22,16430.0,,54522.0,6.5,59.1,,,,,31.1,,15.741,16.199,,,,,,,,,,,
1961-11-01,,107.0,635.5,762.3,,2570.1,11.6,,61748.29,16991.0,,54742.0,6.1,59.1,,,,,31.2,,15.742,16.202,,,,,,,,,,,
1961-12-01,,109.3,638.9,765.4,,2585.8,11.6,,62248.53,17536.0,,54872.0,6.0,58.8,,,,,31.2,,15.746,16.216,,,,,,,,,,,
1962-01-01,,108.8,639.7,766.2,,2579.4,11.3,,62282.8,17469.0,,54891.0,5.8,58.8,,,,,31.2,,15.776,16.235,,,,,,,,,,,
1962-02-01,,108.4,638.3,767.7,,2590.9,11.8,,62640.35,17570.0,,55188.0,5.5,59.0,,,,,31.2,,15.818,16.262,,,,,,,,,,,
1962-03-01,,110.0,644.1,771.9,,2608.1,11.6,,63128.57,17056.0,,55275.0,5.6,58.9,,,,,31.3,,15.839,16.3,,,,,,,,,,,
1962-04-01,,110.4,644.2,776.7,,2619.6,11.7,,63866.91,16826.0,,55602.0,5.6,58.7,,,,,31.3,,15.857,16.303,,,,,,,,,,,
1962-05-01,,113.2,647.2,781.2,,2621.1,11.1,,64601.04,16896.0,,55628.0,5.5,58.9,,,,,31.4,,15.867,16.326,,,,,,,,,,,
1962-06-01,,112.2,640.2,783.6,,2621.6,11.5,,65137.42,16795.0,,55644.0,5.5,58.8,,,,,31.4,,15.877,16.356,,,,,,,,,,,
1962-07-01,,112.1,643.9,785.3,,2633.0,11.6,,65512.18,17031.0,,55746.0,5.4,58.5,,,,,31.4,,15.868,16.37,,,,,,,,,,,
1962-08-01,,111.8,647.1,787.1,,2635.5,11.4,,66055.12,16929.0,,55838.0,5.7,59.0,,,,,31.5,,15.891,16.372,,,,,,,,,,,
1962-09-01,,115.1,655.0,790.4,,2636.3,10.4,,66438.33,17697.0,,55978.0,5.6,59.0,,,,,31.5,,15.969,16.404,,,,,,,,,,,
1962-10-01,,112.2,649.3,794.3,,2649.3,11.3,,67028.88,18048.0,,56041.0,5.4,58.7,,,,,31.5,,15.953,16.403,,,,,,,,,,,
1962-11-01,,119.4,654.0,797.4,,2656.5,10.4,,67642.1,17591.0,,56056.0,5.7,58.5,,,,,31.5,,15.964,16.415,,,,,,,,,,,
1962-12-01,,122.9,654.7,799.3,,2669.0,10.3,,68126.72,18486.0,,56028.0,5.5,58.4,,,,,31.6,,15.958,16.42,,,,,,,,,,,
1963-01-01,,121.9,656.0,799.1,,2688.2,10.9,,68656.46,18352.0,591.0,56115.0,5.7,58.6,,,,,31.5,,15.997,16.451,,,,,,,,,,,
1963-02-01,,120.3,651.8,800.9,,2672.3,10.7,,69376.75,18555.0,464.0,56230.0,5.9,58.6,,,,,31.6,,16.014,16.47,,,,,,,,,,,
1963-03-01,,119.9,658.0,803.6,,2683.6,10.6,,70073.41,18885.0,461.0,56320.0,5.7,58.6,,,,,31.7,,16.001,16.48,,,,,,,,,,,
1963-04-01,,122.0,657.7,806.4,,2694.6,10.7,,70801.61,18720.0,605.0,56580.0,5.7,58.8,,,,,31.7,,16.0,16.5,,,,,,,,,,,
1963-05-01,,122.6,655.9,808.9,,2705.0,10.9,,71335.14,18940.0,586.0,56616.0,5.9,58.8,,,,,31.7,,16.026,16.53,,,,,,,,,,,
1963-06-01,,125.8,660.5,815.1,,2718.6,10.5,,71875.59,18206.0,526.0,56659.0,5.6,58.5,,,,,31.8,,16.061,16.558,,,,,,,,,,,
1963-07-01,,126.9,661.5,821.0,,2721.6,10.1,,72716.45,18877.0,665.0,56794.0,5.6,58.7,,,,,31.8,,16.093,16.573,,,,,,,,,,,
1963-08-01,,123.6,667.6,826.5,,2732.5,10.2,,73576.16,18299.0,570.0,56910.0,5.4,58.5,,,,,31.9,,16.115,16.588,,,,,,,,,,,
1963-09-01,,124.1,660.5,830.6,,2752.9,11.0,,74169.77,18810.0,590.0,57078.0,5.5,58.7,,,,,31.9,,16.112,16.618,,,,,,,,,,,
1963-10-01,,123.1,659.3,833.7,,2768.9,11.5,,75112.95,19146.0,567.0,57283.0,5.5,58.8,,,,,32.0,,16.143,16.655,,,,,,,,,,,
1963-11-01,,126.8,661.5,837.1,,2774.7,11.0,,75606.92,18798.0,579.0,57255.0,5.7,58.8,,,,,32.0,,16.166,16.67,,,,,,,,,,,
1963-12-01,,131.2,670.2,841.1,,2797.1,10.7,,76581.45,18444.0,514.0,57361.0,5.5,58.5,,,,,32.1,,16.19,16.694,,,,,,,,,,,
1964-01-01,,132.0,669.5,846.5,,2806.4,10.7,,77461.36,20498.0,549.0,57487.0,5.6,58.6,,,,,32.2,,16.224,16.717,,2.5,,,,,,,,,
1964-02-01,,132.6,677.1,850.1,,2815.3,10.4,,78336.23,19753.0,609.0,57753.0,5.4,58.8,,,,,32.2,,16.247,16.749,,2.5,,,,,,,,,
1964-03-01,,130.6,682.3,854.5,,2882.1,12.1,,79240.41,19616.0,562.0,57897.0,5.4,58.7,,,,,32.2,,16.257,16.765,,2.51,,,,,,,,,
1964-04-01,,132.1,679.7,858.7,,2897.7,12.4,,79908.16,20403.0,559.0,57922.0,5.3,59.1,,,,,32.2,,16.269,16.78,,2.52,,,,,,,,,
1964-05-01,,135.6,692.3,862.4,,2912.9,11.7,,80834.52,20405.0,523.0,58089.0,5.1,59.1,,,,,32.2,,16.271,16.794,,2.52,,,,,,,,,
1964-06-01,,138.1,694.5,866.5,,2922.5,11.5,,81428.18,20551.0,580.0,58219.0,5.2,58.7,,,,,32.3,,16.294,16.806,,2.53,,,,,,,,,
1964-07-01,,140.3,699.0,870.6,,2936.4,11.2,,82294.5,21503.0,575.0,58412.0,4.9,58.6,,,,,32.3,,16.315,16.823,,2.54,,,,,,,,,
1964-08-01,,141.6,704.2,874.1,,2949.4,11.1,,82973.05,19761.0,582.0,58619.0,5.0,58.6,,,,,32.3,,16.327,16.845,,2.55,,,,,,,,,
1964-09-01,,137.3,700.7,878.6,,2961.1,11.8,,83921.97,20999.0,590.0,58903.0,5.1,58.7,,,,,32.3,,16.352,16.852,,2.56,,,,,,,,,
1964-10-01,,139.9,703.8,882.5,,2960.2,11.2,,84530.18,20682.0,583.0,58793.0,5.1,58.6,,,,,32.4,,16.362,16.859,,2.55,,,,,,,,,
1964-11-01,,134.0,695.0,886.8,,2979.4,12.5,,84944.03,20562.0,548.0,59218.0,4.8,58.5,,,,,32.5,,16.385,16.883,,2.56,,,,,,,,,
1964-12-01,,131.7,712.3,889.5,,3008.0,12.5,,85959.57,21666.0,540.0,59421.0,5.0,58.6,,,,,32.5,,16.409,16.907,,2.58,,,,,,,,,
1965-01-01,,138.8,710.4,891.5,,3013.8,12.1,,87182.59,22416.0,533.0,59582.0,4.9,58.6,,,,,32.6,,16.427,16.93,,2.58,,,,,,,,,
1965-02-01,,149.1,717.8,893.9,,3014.5,10.7,,88152.04,22206.0,559.0,59800.0,5.1,58.7,,,,,32.6,,16.434,16.95,,2.59,,,,,,,,,
1965-03-01,,156.4,707.5,898.3,,3024.6,10.8,,88916.07,22752.0,556.0,60003.0,4.7,58.7,,,,,32.6,,16.455,16.96,,2.61,,,,,,,,,
1965-04-01,,154.2,719.5,903.1,,3027.8,10.2,,90047.41,23068.0,555.0,60259.0,4.8,58.8,,,,,32.7,,16.481,16.98,,2.6,,,,,,,,,
1965-05-01,,148.6,723.9,907.2,,3061.4,11.2,,90885.88,22445.0,544.0,60491.0,4.6,59.0,,,,,32.7,,16.518,17.011,,2.62,,,,,,,,,
1965-06-01,,142.4,716.3,912.2,,3065.8,12.1,,91830.09,22763.0,614.0,60690.0,4.6,58.8,,,,,32.7,,16.566,17.007,,2.63,,,,,,,,,
1965-07-01,,146.0,728.4,915.1,,3097.8,11.9,,92694.63,23495.0,554.0,60965.0,4.4,59.1,,,,,32.7,,16.578,17.024,,2.63,,,,,,,,,
1965-08-01,,152.0,727.8,919.2,,3113.1,11.7,,93287.1,23705.0,615.0,61228.0,4.4,58.9,,,,,32.7,,16.582,17.056,,2.64,,,,,,,,,
1965-09-01,,163.0,734.2,925.1,,3194.5,12.5,,94126.48,23026.0,587.0,61490.0,4.3,58.7,,,,,32.8,,16.59,17.076,,2.65,,,,,,,,,
1965-10-01,,161.7,756.3,931.4,,3178.9,10.9,,94804.53,24215.0,555.0,61719.0,4.2,58.9,,,,,32.8,,16.595,17.07,,2.66,,,,,,,,,
1965-11-01,,160.4,753.1,937.2,,3201.4,11.5,,95405.27,24469.0,616.0,61996.0,4.1,58.8,,,,,32.9,,16.623,17.102,,2.67,,,,,,,,,
1965-12-01,,159.0,756.9,940.3,,3214.6,11.7,,95954.72,25030.0,609.0,62322.0,4.0,59.0,,,,,33.0,,16.683,17.154,,2.67,,,,,,,,,
1966-01-01,,163.3,759.7,942.3,,3216.8,11.2,,97030.72,25791.0,599.0,62529.0,4.0,59.0,,,,,33.0,,16.703,17.159,,2.68,,,,,,,,,
1966-02-01,,167.8,763.1,944.0,,3230.2,11.0,,97758.36,25681.0,541.0,62796.0,3.8,58.8,,,,,33.1,,16.772,17.201,,2.69,,,,,,,,,
1966-03-01,,172.9,764.4,949.3,,3242.8,10.7,,98446.39,26793.0,557.0,63192.0,3.8,58.8,,,,,33.1,,16.813,17.223,,2.7,,,,,,,,,
1966-04-01,,167.8,771.3,952.8,,3230.5,10.3,,98805.09,26279.0,545.0,63437.0,3.8,59.0,,,,,33.3,,16.871,17.285,,2.71,,,,,,,,,
1966-05-01,,158.6,764.9,957.6,,3235.7,11.2,,99305.44,25963.0,499.0,63712.0,3.9,59.0,,,,,33.4,,16.892,17.331,,2.72,,,,,,,,,
1966-06-01,,156.7,770.9,960.0,,3249.2,11.4,,99788.67,26651.0,434.0,64111.0,3.8,59.1,,,,,33.5,,16.934,17.387,,2.73,,,,,,,,,
1966-07-01,,160.0,779.1,962.0,,3260.4,10.9,,100061.44,26024.0,435.0,64301.0,3.8,59.1,,,,,33.6,,16.967,17.438,,2.74,,,,,,,,,
1966-08-01,,166.5,770.2,964.6,,3277.2,11.2,,100586.7,25433.0,377.0,64507.0,3.8,59.3,,,,,33.7,,17.032,17.47,,2.75,,,,,,,,,
1966-09-01,,173.1,773.4,968.5,,3296.6,11.0,,100672.45,27326.0,358.0,64643.0,3.7,59.3,,,,,33.8,,17.086,17.524,,2.76,,,,,,,,,
1966-10-01,,168.7,769.1,972.2,,3307.3,11.6,,100953.07,26463.0,387.0,64854.0,3.7,59.3,,,,,34.0,,17.131,17.581,,2.77,,,,,,,,,
1966-11-01,,165.9,772.2,976.9,,3322.5,11.8,,101437.35,25575.0,382.0,65019.0,3.6,59.6,,,,,34.0,,17.156,17.625,,2.78,,,,,,,,,
1966-12-01,,165.1,772.3,981.5,,3319.6,11.6,,101788.22,25501.0,369.0,65199.0,3.8,59.5,,,,,34.1,,17.192,17.679,,2.78,,,,,,,,,
1967-01-01,,164.3,773.0,1089.5,,3353.7,12.1,,102198.55,24924.0,416.0,65407.0,3.9,59.5,,,,,34.2,,17.193,17.695,,2.8,,,,,,,,,
1967-02-01,0.0,158.3,773.2,1092.7,,3360.2,12.6,,102362.59,24775.0,408.0,65429.0,3.8,59.3,,,,,34.2,,17.213,17.727,,2.81,,,,,,,,,
1967-03-01,0.0,160.9,775.0,1097.5,,3385.5,12.8,,102732.16,24402.0,439.0,65530.0,3.8,59.1,,,,,34.3,,17.222,17.754,,2.81,,,,,,,,,
1967-04-01,0.0,168.2,777.3,1102.2,,3384.5,11.9,,102885.94,24581.0,479.0,65466.0,3.8,59.4,,,,,34.4,,17.251,17.803,,2.82,,,,,,,,,
1967-05-01,0.0,167.2,775.6,1106.6,,3391.3,12.0,,103151.4,25968.0,503.0,65620.0,3.8,59.3,,,,,34.5,,17.284,17.842,,2.83,,,,,,,,,
1967-06-01,0.74,169.5,779.2,1111.1,,3403.8,11.9,,103741.04,26426.0,499.0,65750.0,3.9,59.6,,,,,34.6,,17.339,17.887,,2.85,,,,,,,,,
1967-07-01,0.48,167.0,772.1,1117.5,,3417.4,12.6,,104094.25,25504.0,515.0,65888.0,3.8,59.6,,,,,34.7,,17.398,17.948,,2.86,,,,,,,,,
1967-08-01,0.08,164.2,777.8,1123.5,,3429.7,12.6,,104677.52,26043.0,504.0,66143.0,3.8,59.7,,,,,34.9,,17.452,18.003,,2.88,,,,,,,,,
1967-09-01,0.24,169.0,784.0,1125.9,,3429.3,11.9,,105172.29,25575.0,531.0,66164.0,3.8,59.7,,,,,35.0,,17.505,18.067,,2.88,,,,,,,,,
1967-10-01,0.1,163.8,773.6,1127.7,,3434.5,12.9,,105440.72,26052.0,566.0,66225.0,4.0,59.9,,,,,35.1,,17.554,18.134,,2.89,,,,,,,,,
1967-11-01,0.06,165.5,781.1,1130.5,,3455.3,12.8,,106296.61,26412.0,500.0,66703.0,3.9,59.8,,,,,35.2,,17.612,18.192,,2.91,,,,,,,,,
1967-12-01,0.12,171.7,792.4,1135.7,,3461.6,11.8,,106842.64,28865.0,502.0,66900.0,3.8,59.9,,,,,35.4,,17.64,18.237,,2.92,,,,,,,,,
1968-01-01,1.66,175.7,792.0,1142.5,,3480.2,11.7,,105455.63,27256.0,494.0,66804.0,3.7,59.2,,,,,35.5,,17.722,18.318,,2.94,,,,,,,,,
1968-02-01,0.26,174.6,796.7,1140.8,,3505.4,12.3,,106569.64,27421.0,543.0,67215.0,3.8,59.6,,,,,35.7,,17.794,18.397,,2.95,,,,,,,,,
1968-03-01,0.28,182.8,809.7,1149.5,,3538.4,11.7,,107276.3,28648.0,490.0,67295.0,3.7,59.6,,,,,35.8,,17.852,18.47,,2.97,,,,,,,,,
1968-04-01,0.22,177.8,805.7,1156.6,,3550.7,12.3,,108119.91,27502.0,501.0,67556.0,3.5,59.5,,,,,35.9,,17.908,18.538,,2.99,,,,,,,,,
1968-05-01,0.06,183.3,807.0,1161.6,,3565.2,12.0,,108838.59,26989.0,441.0,67652.0,3.5,59.9,,,,,36.0,,17.974,18.608,,3.0,,,,,,,,,
1968-06-01,0.06,182.3,816.1,1174.4,,3581.3,11.7,,109453.37,27347.0,441.0,67905.0,3.7,60.0,,,,,36.2,,18.032,18.681,,3.01,,,,,,,,,
1968-07-01,0.12,188.5,823.5,1175.8,,3573.9,10.7,,110438.04,27217.0,493.0,68126.0,3.7,59.8,,,,,36.4,,18.087,18.743,,3.03,,,,,,,,,
1968-08-01,0.18,189.6,825.3,1179.1,,3578.5,10.5,,111075.84,27074.0,507.0,68330.0,3.5,59.6,,,,,36.5,,18.161,18.816,,3.04,,,,,,,,,
1968-09-01,0.08,190.0,817.8,1184.8,,3578.9,10.6,,111914.51,28649.0,501.0,68484.0,3.4,59.5,,,,,36.7,,18.224,18.892,,3.07,,,,,,,,,
1968-10-01,0.08,189.3,819.0,1188.9,,3591.7,10.8,,113273.13,30010.0,502.0,68721.0,3.4,59.5,,,,,36.9,,18.304,18.969,,3.08,,,,,,,,,
1968-11-01,0.06,186.8,829.0,1195.0,,3605.1,10.6,,114198.84,28909.0,469.0,68984.0,3.4,59.6,,,,,37.1,,18.366,19.041,,3.1,,,,,,,,,
1968-12-01,0.12,188.1,818.2,1200.4,,3617.6,11.1,,115357.55,28783.0,511.0,69248.0,3.4,59.7,,,,,37.2,,18.404,19.098,,3.11,,,,,,,,,
1969-01-01,0.1,192.7,826.0,1202.0,,3611.0,10.3,,116088.47,29503.0,480.0,69439.0,3.4,59.6,,,,,37.3,,18.476,19.17,,3.12,,,,,,,,,
1969-02-01,0.06,193.2,832.9,1208.8,,3611.8,9.7,,117232.7,30300.0,524.0,69699.0,3.4,60.0,,,,,37.6,,18.523,19.236,,3.14,,,,,,,,,
1969-03-01,0.1,188.7,830.8,1209.0,,3618.3,10.2,,118123.78,29840.0,474.0,69905.0,3.4,59.9,,,,,37.8,,18.61,19.326,,3.16,,,,,,,,,
1969-04-01,0.38,190.9,833.0,1212.4,,3613.0,9.7,,119085.12,31433.0,450.0,70072.0,3.4,60.0,,,,,38.1,,18.692,19.4,,3.18,,,,,,,,,
1969-05-01,0.28,191.1,839.1,1221.6,,3654.1,10.1,,119971.12,29583.0,447.0,70328.0,3.4,59.8,,,,,38.1,,18.767,19.478,,3.19,,,,,,,,,
1969-06-01,0.28,190.8,830.0,1224.3,,3679.9,11.1,,120652.71,29083.0,461.0,70636.0,3.5,60.1,,,,,38.3,,18.858,19.545,,3.21,,,,,,,,,
1969-07-01,0.48,186.2,833.3,1224.8,,3705.6,11.8,,121140.31,29220.0,436.0,70729.0,3.5,60.1,,,,,38.5,,18.941,19.636,,3.22,,,,,,,,,
1969-08-01,0.96,190.4,840.8,1231.2,,3728.3,11.5,,121611.48,29871.0,422.0,71008.0,3.5,60.3,,,,,38.7,,18.993,19.691,,3.24,,,,,,,,,
1969-09-01,5.44,194.6,832.2,1237.3,,3736.6,11.6,,122160.18,31030.0,396.0,70914.0,3.7,60.3,,,,,38.9,,19.072,19.77,,3.26,,,,,,,,,
1969-10-01,9.16,191.1,842.7,1244.1,,3745.4,11.4,,122692.79,30242.0,401.0,71121.0,3.7,60.4,,,,,39.1,,19.137,19.855,,3.28,,,,,,,,,
1969-11-01,40.56,189.0,840.3,1248.3,,3751.9,11.6,,123105.28,29572.0,441.0,71086.0,3.5,60.2,,,,,39.2,,19.22,19.931,,3.3,,,,,,,,,
1969-12-01,45.14,188.3,838.4,1250.3,,3758.6,11.8,,123551.35,29244.0,452.0,71241.0,3.5,60.2,,,,,39.4,,19.308,20.005,,3.31,,,,,,,,,
1970-01-01,54.78,185.7,850.1,1256.0,,3778.6,11.8,,124109.78,28093.0,461.0,71176.0,3.9,60.4,,,,,39.6,,19.377,20.071,,3.31,,,,,,,,,
1970-02-01,43.12,189.2,847.1,1265.2,,3790.5,11.7,,124388.57,27911.0,373.0,71305.0,4.2,60.4,,,,,39.8,,19.454,20.148,,3.33,,,,,,,,,
1970-03-01,42.32,183.4,850.2,1258.6,,3805.0,12.4,,124371.86,27240.0,389.0,71451.0,4.4,60.6,,,,,40.1,,19.502,20.223,,3.36,,,,,,,,,
1970-04-01,43.9,186.1,844.9,1263.0,,3846.0,13.3,,124341.19,26657.0,445.0,71348.0,4.6,60.6,,,,,40.4,,19.601,20.303,,3.36,,,,,,,,,
1970-05-01,40.46,188.3,853.3,1266.5,,3830.3,12.4,,124396.14,27503.0,466.0,71124.0,4.8,60.3,,,,,40.5,,19.663,20.375,,3.37,,,,,,,,,
1970-06-01,37.96,189.6,854.4,1272.3,,3838.2,12.3,,124905.34,28026.0,485.0,71029.0,4.9,60.2,,,,,40.8,,19.714,20.448,,3.4,,,,,,,,,
1970-07-01,38.4,187.9,853.0,1276.8,,3892.6,13.5,,125434.01,27703.0,481.0,71053.0,5.0,60.4,,,,,40.9,,19.786,20.526,,3.41,,,,,,,,,
1970-08-01,55.0,189.3,855.4,1282.6,,3905.1,13.4,,125642.21,27527.0,515.0,70937.0,5.1,60.3,,,,,41.1,,19.838,20.597,,3.44,,,,,,,,,
1970-09-01,72.66,188.4,861.2,1289.9,,3900.8,12.9,,126164.17,27639.0,564.0,70944.0,5.4,60.2,,,,,41.3,,19.927,20.683,,3.45,,,,,,,,,
1970-10-01,80.72,181.3,859.3,1289.1,,3888.1,13.1,,126277.15,25464.0,545.0,70521.0,5.5,60.4,,,,,41.5,,20.026,20.785,,3.45,,,,,,,,,
1970-11-01,31.72,170.2,860.8,1290.1,,3882.3,13.6,,125892.46,25878.0,570.0,70409.0,5.9,60.4,,,,,41.8,,20.105,20.892,,3.47,,,,,,,,,
1970-12-01,0.06,173.2,869.8,1297.3,,3900.0,13.2,,126590.09,28770.0,582.0,70792.0,6.1,60.4,,,,,42.0,,20.194,20.997,,3.5,,,,,,,,,
1971-01-01,0.04,193.9,868.6,1297.4,,3959.8,13.3,,126995.07,29658.0,618.0,70865.0,5.9,60.4,,,,,42.1,,20.237,21.08,,3.53,,,,,,,,,
1971-02-01,1.02,192.7,868.7,1305.3,,3965.2,13.3,,127700.05,30214.0,618.0,70807.0,5.9,60.1,,,,,42.2,,20.296,21.16,,3.55,,,,,,,,,
1971-03-01,0.38,197.4,861.1,1307.7,,3978.2,13.5,,128438.74,29625.0,681.0,70860.0,6.0,60.0,,,,,42.2,,20.363,21.228,,3.56,,,,,,,,,
1971-04-01,0.12,198.2,868.5,1313.0,,3986.5,13.2,,129532.62,28883.0,662.0,71036.0,5.9,60.1,,,,,42.4,,20.443,21.307,,3.58,,,,,,,,,
1971-05-01,0.1,196.4,866.8,1317.2,,4002.6,13.6,,130198.92,28536.0,618.0,71247.0,5.9,60.2,,,,,42.6,,20.528,21.4,,3.61,,,,,,,,,
1971-06-01,0.18,202.6,872.8,1319.3,,4087.3,14.7,,131029.09,29282.0,646.0,71254.0,5.9,59.8,,,,,42.8,,20.619,21.485,,3.62,,,,,,,,,
1971-07-01,0.64,198.1,867.1,1322.9,,4029.1,13.8,,132007.17,28928.0,706.0,71315.0,6.0,60.1,,,,,42.9,,20.681,21.567,,3.63,,,,,,,,,
1971-08-01,0.3,201.8,870.4,1327.4,,4043.3,13.6,,133207.31,30554.0,659.0,71373.0,6.1,60.2,,,,,43.0,,20.741,21.597,,3.66,,,,,,,,,
1971-09-01,0.06,213.1,870.8,1334.3,,4067.3,13.3,,134535.82,30616.0,625.0,71614.0,6.0,60.1,,,,,43.0,,20.772,21.633,,3.67,,,,,,,,,
1971-10-01,0.06,213.6,869.7,1341.9,,4080.4,13.3,,135613.18,29972.0,647.0,71642.0,5.8,60.1,,,,,43.1,,20.804,21.667,,3.68,,,,,,,,,
1971-11-01,0.04,213.6,878.5,1345.1,,4090.0,13.1,,137328.97,30890.0,710.0,71847.0,6.0,60.4,,,,,43.2,,20.847,21.716,,3.7,,,,,,,,,
1971-12-01,0.02,213.0,881.9,1360.0,,4110.9,13.0,,138684.84,31666.0,689.0,72109.0,6.0,60.4,,,,,43.3,,20.929,21.784,,3.73,,,,,,,,,
1972-01-01,0.04,218.4,872.1,1364.1,,4090.1,12.5,,139568.47,32331.0,698.0,72441.0,5.8,60.2,,,,,43.5,,21.015,21.877,,3.8,,,,,,,,,
1972-02-01,0.08,215.8,878.2,1367.2,,4115.2,12.8,,140830.72,33100.0,711.0,72648.0,5.7,60.2,,,,,43.6,,21.098,21.936,,3.82,,,,,,,,,
1972-03-01,0.04,221.5,896.1,1379.7,,4132.3,11.8,,142535.76,33165.0,640.0,72944.0,5.8,60.5,,,,,43.6,,21.128,21.979,,3.84,,,,,,,,,
1972-04-01,0.02,221.7,897.5,1384.9,,4130.6,11.5,,143894.0,33511.0,684.0,73162.0,5.7,60.4,,,,,43.8,,21.16,22.03,,3.86,,,,,,,,,
1972-05-01,0.06,224.7,906.4,1381.9,,4160.9,11.7,,145621.23,34140.0,677.0,73469.0,5.7,60.4,,,,,43.9,,21.207,22.081,,3.88,,,,,,,,,
1972-06-01,0.16,225.2,907.5,1389.1,,4174.2,11.7,,147367.3,34313.0,687.0,73758.0,5.7,60.4,,,,,44.0,,21.239,22.126,,3.88,,,,,,,,,
1972-07-01,0.3,228.3,913.6,1397.0,,4204.5,11.7,,148321.93,33616.0,681.0,73709.0,5.6,60.4,,,,,44.1,,21.315,22.189,,3.9,,,,,,,,,
1972-08-01,0.04,231.1,916.3,1404.2,,4243.5,12.0,,149806.2,35367.0,773.0,74141.0,5.6,60.6,,,,,44.3,,21.377,22.236,,3.92,,,,,,,,,
1972-09-01,0.04,229.7,919.9,1407.5,,4260.0,12.2,,151245.55,37474.0,767.0,74264.0,5.5,60.4,,,,,44.3,,21.473,22.31,,3.94,,,,,,,,,
1972-10-01,0.04,239.6,933.6,1421.4,,4366.9,13.0,,152834.96,36729.0,843.0,74674.0,5.6,60.3,,,,,44.4,,21.497,22.323,,3.97,,,,,,,,,
1972-11-01,0.04,242.3,931.6,1431.6,,4415.4,13.6,,154699.79,37526.0,735.0,74973.0,5.3,60.3,,,,,44.4,,21.561,22.382,,3.99,,,,,,,,,
1972-12-01,0.06,244.7,932.1,1438.2,,4435.1,13.7,,156809.86,39203.0,772.0,75268.0,5.2,60.5,,,,,44.6,,21.63,22.449,,4.0,,,,,,,,,
1973-01-01,0.06,253.7,942.0,1438.9,,4411.9,12.4,,159913.81,40211.0,781.0,75617.0,4.9,60.0,,,,,44.6,,21.695,22.463,,4.03,,,,,,,,,
1973-02-01,0.08,257.9,946.7,1444.6,,4444.7,12.5,,162096.12,41296.0,737.0,76014.0,5.0,60.5,,,,,44.8,,21.809,22.534,,4.05,,,,,,,,,
1973-03-01,0.64,262.2,939.2,1449.9,,4461.0,12.7,,164253.28,42562.0,725.0,76284.0,4.9,60.8,,,,,45.0,,21.964,22.625,,4.06,,,,,,,28.3166,,
1973-04-01,0.82,256.9,934.7,1452.2,,4466.7,13.2,,165937.83,42047.0,661.0,76455.0,5.0,60.8,,,,,45.1,,22.127,22.756,,4.09,,,,,,,28.5161,,
1973-05-01,0.28,257.7,932.8,1460.3,,4475.0,13.2,,168084.27,42450.0,660.0,76648.0,4.9,60.6,,,,,45.3,,22.236,22.844,,4.1,,,,,,,28.3601,,
1973-06-01,0.24,246.7,936.0,1468.4,,4488.3,13.6,,170082.2,42508.0,650.0,76887.0,4.9,60.9,,,,,45.4,,22.363,22.943,,4.12,,,,,,,27.9268,,
1973-07-01,0.26,250.5,952.0,1466.0,,4499.0,13.2,,171787.46,42763.0,601.0,76913.0,4.8,60.9,,,,,45.5,,22.444,23.041,,4.15,,,,,,,27.5246,,
1973-08-01,0.38,247.4,927.2,1466.2,,4484.4,13.9,,173525.75,42773.0,566.0,77168.0,4.8,60.7,,,,,45.7,,22.703,23.148,,4.16,,,,,,,27.8284,,
1973-09-01,0.14,257.4,940.8,1477.3,,4507.3,13.1,,174411.96,42374.0,561.0,77276.0,4.8,60.8,,,,,46.0,,22.793,23.265,,4.2,,,,,,,27.8945,,
1973-10-01,0.18,248.5,936.5,1477.3,,4546.9,14.4,,176288.39,44069.0,565.0,77607.0,4.6,60.9,,,,,46.3,,22.922,23.355,,4.21,,,,,,,27.7865,,
1973-11-01,1.86,247.0,940.3,1481.0,,4554.1,14.4,,177946.52,45351.0,547.0,77920.0,4.8,61.2,,,,,46.5,,23.11,23.468,,4.24,,,,,,,28.5577,,
1973-12-01,35.0,240.8,932.8,1475.5,,4537.2,14.8,,178744.09,43215.0,519.0,78031.0,4.9,61.2,,,,,46.7,,23.3,23.598,,4.25,,,,,,,28.9158,,
1974-01-01,39.54,240.0,930.6,1479.2,,4504.1,14.3,,179985.68,45523.0,523.0,78100.0,5.1,61.3,,,,,46.9,,23.523,23.714,,4.27,,,,,,,29.7141,,
1974-02-01,36.0,235.0,924.1,1478.1,,4470.2,14.2,,181188.92,45588.0,539.0,78254.0,5.2,61.4,,,,,47.2,,23.797,23.865,,4.29,,,,,,,29.3151,,
1974-03-01,33.54,240.9,918.1,1481.1,,4438.2,13.4,,181980.99,45117.0,572.0,78296.0,5.1,61.3,,,,,47.6,,24.073,24.051,,4.32,,,,,,,28.8752,,
1974-04-01,32.56,240.7,921.9,1487.1,,4435.1,13.1,,183021.12,45911.0,544.0,78382.0,5.1,61.1,,,,,47.9,,24.243,24.231,,4.33,,,,,,,28.5955,,
1974-05-01,31.26,244.0,920.7,1492.8,,4430.6,12.8,,183917.37,48425.0,590.0,78549.0,5.1,61.2,,,,,48.5,,24.482,24.464,,4.4,,,,,,,28.4183,,
1974-06-01,42.94,238.0,920.5,1495.7,,4421.7,12.8,,184598.24,48359.0,534.0,78604.0,5.4,61.2,,,,,49.0,,24.69,24.715,,4.44,,,,,,,28.6966,,
1974-07-01,53.3,240.3,925.0,1495.9,,4438.7,12.8,,185641.86,49793.0,534.0,78636.0,5.5,61.4,,,,,49.5,,24.872,24.934,,4.45,,,,,,,28.9211,,
1974-08-01,81.72,251.7,925.4,1497.3,,4432.6,12.1,,186290.11,51833.0,492.0,78619.0,5.5,61.2,,,,,50.2,,25.132,25.174,,4.49,,,,,,,29.3048,,
1974-09-01,86.04,236.6,918.4,1500.8,,4428.0,12.9,,186366.2,48850.0,511.0,78610.0,5.9,61.4,,,,,50.7,,25.393,25.4,,4.53,,,,,,,29.4665,,
1974-10-01,94.56,225.6,917.3,1510.5,,4442.6,13.4,,186004.12,45989.0,448.0,78630.0,6.0,61.3,,,,,51.2,,25.575,25.599,,4.56,,,,,,,29.4022,,
1974-11-01,99.74,213.6,911.9,1504.7,,4419.0,13.8,,185679.08,45331.0,450.0,78265.0,6.6,61.3,,,,,51.6,,25.767,25.786,,4.57,,,,,,,29.3449,,
1974-12-01,99.72,212.0,900.6,1516.9,,4419.7,14.0,,185676.58,41584.0,417.0,77652.0,7.2,61.2,,,,,52.0,,25.971,25.968,,4.6,,,,,,,29.334,,
1975-01-01,99.5,219.9,910.1,1512.6,,4417.4,13.2,,185788.75,41296.0,416.0,77293.0,8.1,61.4,,,,,52.3,,26.132,26.119,,4.61,25.25,,,,,,29.3372,,
1975-02-01,99.4,227.6,913.6,1522.5,,4420.1,12.5,,186286.19,40732.0,422.0,76918.0,8.1,61.0,,,,,52.8,,26.274,26.304,,4.64,25.29,,,,,,29.1152,,
1975-03-01,92.58,219.0,917.4,1527.7,,4424.1,12.7,,185932.07,38420.0,477.0,76648.0,8.6,61.2,,,,,53.0,,26.363,26.441,,4.67,25.36,,,,,,29.0777,,
1975-04-01,14.1,219.1,914.2,1536.6,,4505.1,14.2,,185400.23,40638.0,543.0,76460.0,8.8,61.3,,,,,53.3,,26.452,26.57,,4.67,25.4,,,,,,29.4573,,
1975-05-01,3.14,229.5,943.6,1541.6,,4765.1,17.3,,185283.3,39944.0,579.0,76624.0,9.0,61.5,,,,,53.5,,26.558,26.683,,4.69,25.48,,,,,,29.5491,,
1975-06-01,0.86,232.1,942.5,1544.2,,4604.9,14.3,,182452.41,40021.0,557.0,76521.0,8.8,61.2,,,,,53.8,,26.724,26.813,,4.72,25.47,,,,,,29.7366,,
1975-07-01,0.14,239.6,938.9,1548.8,,4533.9,12.6,,183693.69,43775.0,569.0,76770.0,8.6,61.3,,,,,54.0,,26.953,26.978,,4.74,25.6,,,,,,30.4197,,
1975-08-01,0.08,239.0,943.5,1552.2,,4564.1,13.0,,184044.04,44010.0,566.0,77153.0,8.4,61.3,,,,,54.2,,27.07,27.071,,4.78,25.76,,,,,,30.9555,,
1975-09-01,0.04,245.7,941.0,1552.3,,4575.2,13.0,,184938.4,43913.0,556.0,77228.0,8.4,61.2,,,,,54.5,,27.204,27.218,,4.79,26.03,,,,,,31.2257,,
1975-10-01,0.06,241.2,936.3,1566.5,,4594.3,13.4,,185623.24,43254.0,609.0,77540.0,8.4,61.2,,,,,54.8,,27.362,27.354,,4.82,26.23,,,,,,31.2975,,
1975-11-01,0.16,248.7,946.4,1565.1,,4590.9,12.7,,186789.65,43688.0,680.0,77685.0,8.3,61.1,,,,,55.2,,27.538,27.535,,4.86,26.42,,,,,,31.277,,
1975-12-01,0.04,256.3,949.2,1579.7,,4595.3,12.0,,189506.73,44156.0,669.0,78017.0,8.2,61.1,,,,,55.5,,27.69,27.702,,4.87,26.49,,,,,,31.5028,,
1976-01-01,0.02,259.0,964.4,1591.0,,4625.1,11.7,12.814,191088.21,45898.0,603.0,78503.0,7.9,61.3,,,,,55.9,,27.795,27.844,,4.9,26.58,,,,,,31.4746,,
1976-02-01,0.06,263.0,958.9,1589.3,,4653.7,12.3,13.34,192358.93,48112.0,644.0,78816.0,7.7,61.3,,,,,56.2,,27.831,27.955,,4.93,26.62,,,,,,31.4524,,
1976-03-01,0.16,263.6,964.9,1598.5,,4667.6,12.2,13.378,194024.47,50103.0,591.0,79048.0,7.6,61.3,,,,,56.5,,27.873,28.047,,4.95,26.85,,,,,,31.6725,,
1976-04-01,0.08,266.6,974.9,1602.5,,4673.7,11.7,13.223,195904.02,49968.0,611.0,79292.0,7.7,61.6,,,,,56.7,,27.936,28.157,,4.98,27.11,,,,,,31.8994,,
1976-05-01,0.16,256.2,969.2,1604.5,,4673.8,12.3,12.962,196605.92,50057.0,570.0,79312.0,7.4,61.5,,,,,57.0,,28.069,28.29,,5.01,27.44,,,,,,31.9818,,
1976-06-01,0.08,264.7,982.5,1609.3,,4678.3,11.4,13.051,198154.3,50930.0,591.0,79376.0,7.6,61.5,,,,,57.2,,28.192,28.405,,5.03,27.52,,,,,,32.0589,,
1976-07-01,0.04,265.9,981.3,1618.4,,4705.1,11.7,13.466,199687.3,52528.0,664.0,79547.0,7.8,61.8,,,,,57.6,,28.335,28.561,,5.06,27.76,,,,,,31.9549,,
1976-08-01,0.0,263.5,984.9,1623.5,,4714.6,11.7,12.953,200609.32,52144.0,648.0,79704.0,7.8,61.8,,,,,57.9,,28.491,28.726,,5.11,27.94,,,,,,31.9687,,
1976-09-01,0.08,265.5,985.5,1632.8,,4715.6,11.4,13.61,202355.86,52460.0,696.0,79892.0,7.6,61.6,,,,,58.2,,28.651,28.894,,5.14,28.14,,,,,,32.5896,,
1976-10-01,0.14,262.9,991.0,1636.8,,4707.4,11.1,12.823,204119.91,52564.0,708.0,79911.0,7.7,61.6,,,,,58.5,,28.801,29.036,,5.16,28.24,,,,,,32.7277,,
1976-11-01,0.02,266.4,988.5,1654.7,,4749.8,11.4,13.332,206099.35,54182.0,735.0,80240.0,7.8,61.9,,,,,58.7,,28.932,29.168,,5.21,28.4,,,,,,33.2128,,
1976-12-01,0.0,280.1,997.7,1663.8,,4767.9,10.6,14.527,209232.54,57253.0,767.0,80448.0,7.8,61.8,,,,,58.9,,29.094,29.326,,5.23,28.64,,,,,,33.3059,,
1977-01-01,0.74,271.8,998.5,1668.3,,4758.3,10.6,14.396,195049.52,55851.0,825.0,80690.0,7.5,61.6,,,,,59.3,,29.263,29.505,,5.26,28.88,,,,,,33.2439,,
1977-02-01,0.02,281.2,1001.1,1667.2,,4716.2,9.3,14.709,197994.31,56361.0,839.0,80988.0,7.6,61.9,,,,,59.7,,29.492,29.686,,5.3,29.21,,,,,,33.4731,,
1977-03-01,0.04,289.9,995.0,1662.8,,4782.4,10.5,15.17,201350.33,59500.0,872.0,81391.0,7.4,62.0,,,,,60.0,,29.64,29.812,,5.32,29.63,,,,,,33.599,,
1977-04-01,0.04,288.0,998.0,1666.8,,4789.7,10.5,15.135,203776.39,59035.0,799.0,81728.0,7.2,62.1,,,,,60.3,,29.812,29.959,,5.36,30.16,,,,,,33.5098,,
1977-05-01,0.06,286.7,999.2,1677.2,,4790.6,10.3,14.984,206332.78,59429.0,807.0,82088.0,7.0,62.2,,,,,60.6,,29.963,30.112,,5.4,30.53,,,,,,33.5519,,
1977-06-01,0.04,288.5,991.8,1683.1,,4810.5,10.6,14.952,208978.57,61526.0,805.0,82488.0,7.2,62.4,,,,,61.0,,30.131,30.292,,5.42,30.76,,,,,,33.5886,,
1977-07-01,0.06,289.0,1001.0,1697.3,,4841.6,10.5,14.641,211514.21,61049.0,755.0,82834.0,6.9,62.1,,,,,61.2,,30.287,30.479,,5.46,31.08,,,,,,33.4006,,
1977-08-01,0.14,291.8,995.5,1700.2,,4861.2,10.9,14.859,213868.73,61810.0,808.0,83075.0,7.0,62.3,,,,,61.5,,30.428,30.629,,5.48,31.39,,,,,,33.6461,,
1977-09-01,0.06,294.2,997.6,1705.3,,4887.8,11.1,14.65,215887.98,63370.0,842.0,83532.0,6.8,62.3,,,,,61.8,,30.543,30.758,,5.51,31.8,,,,,,33.7359,,
1977-10-01,0.06,293.6,1009.7,1718.2,,4923.4,11.0,14.9,218941.91,64699.0,819.0,83800.0,6.8,62.4,,,,,62.0,,30.685,30.907,,5.55,32.2,,,,,,33.5467,,
1977-11-01,0.34,298.0,1022.7,1714.1,,4962.7,11.2,14.799,221793.74,64202.0,829.0,84173.0,6.8,62.8,,,,,62.3,,30.861,31.067,,5.58,32.53,,,,,,33.4052,,
1977-12-01,1.52,300.3,1016.4,1726.1,,4983.5,11.4,15.175,223147.88,66770.0,835.0,84410.0,6.4,62.7,,,,,62.7,,31.011,31.227,,5.61,32.82,,,,,,32.9875,,
1978-01-01,15.3,280.1,1009.3,1731.5,,4962.0,11.9,13.704,225840.72,62687.0,795.0,84594.0,6.4,62.8,,,,,63.1,,31.194,31.414,,5.66,33.15,,,,,,32.7816,,
1978-02-01,0.18,290.1,1024.1,1747.0,,4991.5,11.1,14.363,228843.81,65180.0,791.0,84948.0,6.3,62.7,,,,,63.4,,31.339,31.535,,5.69,33.51,,,,,,32.796,,
1978-03-01,0.02,298.1,1035.0,1754.5,,5033.0,11.0,15.166,232783.64,68471.0,814.0,85460.0,6.3,62.8,,,,,63.8,,31.542,31.706,,5.73,33.98,,,,,,32.6313,,
1978-04-01,0.02,309.9,1029.5,1763.5,,5050.5,10.8,16.198,235793.94,70887.0,864.0,86162.0,6.1,63.0,,,,,64.3,,31.781,31.911,,5.79,34.43,,,,,,32.6225,,
1978-05-01,0.28,313.2,1034.3,1767.0,,5047.2,10.3,16.298,239905.41,71664.0,857.0,86509.0,6.0,63.1,,,,,64.7,,32.008,32.099,,5.82,34.91,,,,,,32.8663,,
1978-06-01,0.22,313.0,1037.8,1776.7,,5047.5,10.0,16.348,244553.78,72728.0,834.0,86950.0,5.9,63.3,,,,,65.2,,32.217,32.278,,5.86,35.43,,,,,,32.4995,,
1978-07-01,0.34,307.2,1037.9,1769.8,,5072.8,10.9,15.528,247270.46,71451.0,789.0,87204.0,6.2,63.2,,,,,65.6,,32.393,32.468,,5.9,35.93,,,,,,31.9245,,
1978-08-01,0.06,315.3,1042.6,1784.2,,5094.2,10.5,16.045,250331.25,73933.0,756.0,87483.0,5.9,63.2,,,,,66.1,,32.557,32.642,,5.92,36.41,,,,,,31.4503,,
1978-09-01,0.08,300.4,1053.8,1788.4,,5095.8,10.6,14.641,252669.05,75749.0,812.0,87621.0,6.0,63.3,,,,,66.7,,32.742,32.83,,5.97,36.79,,,,,,31.555,,
1978-10-01,0.06,309.1,1046.9,1788.3,,5109.5,10.7,15.845,254367.42,78545.0,872.0,87956.0,5.8,63.3,,,,,67.2,,33.003,33.071,,6.02,37.15,,,,,,31.0473,,
1978-11-01,0.08,309.6,1057.5,1786.0,,5114.1,10.5,15.484,257689.52,78609.0,798.0,88391.0,5.9,63.5,,,,,67.6,,33.19,33.249,,6.05,37.54,,,,,,31.6439,,
1978-12-01,0.26,311.0,1067.3,1793.2,,5139.6,10.4,15.338,260409.43,77796.0,805.0,88671.0,6.0,63.6,,,,,68.0,,33.345,33.378,,6.1,37.99,,,,,,31.7669,,
1979-01-01,2.22,305.0,1057.9,1806.3,,5164.0,11.1,15.061,264315.1,78202.0,754.0,88808.0,5.9,63.6,,,,,68.5,,33.597,33.549,,6.13,38.5,,,,,,31.7636,,
1979-02-01,1.42,307.8,1061.7,1817.1,,5184.7,11.0,15.321,267716.65,80775.0,723.0,89055.0,5.9,63.8,,,,,69.2,,33.776,33.659,,6.18,38.98,,,,,,31.9634,,
1979-03-01,2.2,307.3,1068.7,1812.2,,5198.5,11.2,15.275,270831.04,84232.0,793.0,89479.0,5.8,63.8,,,,,69.8,,34.04,33.852,,6.22,39.5,,,,,,32.0448,,
1979-04-01,29.08,301.5,1051.2,1824.0,,5156.1,11.0,14.742,273554.91,78302.0,748.0,89417.0,5.8,63.5,,,,,70.3,,34.395,34.165,,6.21,40.01,,,,,,32.3099,,
1979-05-01,2.46,303.0,1055.9,1822.8,,5132.2,10.3,14.374,276657.03,80075.0,727.0,89789.0,5.6,63.3,,,,,70.8,,34.751,34.462,,6.27,40.53,,,,,,32.5761,,
1979-06-01,2.96,294.6,1068.2,1827.9,,5118.9,9.8,12.744,278767.47,80591.0,700.0,90108.0,5.7,63.5,,,,,71.3,,35.038,34.655,,6.32,41.05,,,,,,32.5997,,
1979-07-01,3.9,302.7,1057.1,1825.2,,5156.2,10.6,14.112,281859.38,78987.0,715.0,90217.0,5.7,63.6,,,,,71.9,,35.305,34.829,,6.36,41.51,,,,,,32.1351,,
1979-08-01,4.74,309.0,1074.2,1832.9,,5163.7,9.7,14.344,284513.99,77082.0,729.0,90300.0,6.0,63.6,,,,,72.7,,35.575,35.06,,6.4,41.93,,,,,,32.2773,,
1979-09-01,4.1,313.2,1078.2,1830.8,,5159.3,9.4,14.292,287373.54,79890.0,727.0,90327.0,5.9,63.8,,,,,73.3,,35.889,35.299,,6.45,42.28,,,,,,32.3296,,
1979-10-01,3.84,301.4,1073.9,1845.3,,5156.6,9.7,13.112,290070.61,79242.0,670.0,90481.0,6.0,63.7,,,,,74.0,,36.182,35.557,,6.46,42.64,,,,,,32.7061,,
1979-11-01,5.0,299.8,1083.3,1846.5,,5171.2,9.7,13.025,292474.39,77678.0,597.0,90573.0,5.9,63.7,,,,,74.8,,36.433,35.784,,6.51,42.95,,,,,,33.1268,,
1979-12-01,7.28,299.1,1078.0,1844.9,,5182.2,10.1,13.496,294992.67,78532.0,559.0,90672.0,6.0,63.9,,,,,75.7,,36.739,36.041,,6.56,43.21,,,,,,32.9142,,
1980-01-01,11.34,309.4,1082.0,1853.4,,5218.8,9.9,14.439,296725.93,82849.0,592.0,90800.0,6.3,64.0,,,,,76.7,,37.124,36.315,,6.57,43.43,,,,,,32.8911,,
1980-02-01,45.34,296.9,1075.8,1850.3,,5191.3,10.1,13.276,298927.1,83281.0,541.0,90883.0,6.3,64.0,,,,,77.5,,37.526,36.677,,6.63,43.69,,,,,,33.1543,,
1980-03-01,88.34,281.9,1069.7,1851.9,,5159.0,10.3,12.077,298903.04,80362.0,474.0,90994.0,6.3,63.7,,,,,78.6,,37.987,37.017,,6.69,44.06,,,,,,34.0265,,
1980-04-01,99.16,264.9,1065.7,1837.8,,5153.4,11.4,10.444,297327.17,75138.0,370.0,90849.0,6.9,63.8,,,,,79.5,,38.185,37.207,,6.72,44.47,,,,,,34.3139,,
1980-05-01,99.3,258.5,1062.4,1833.8,,5134.3,11.5,9.54,294661.72,68987.0,469.0,90420.0,7.5,63.9,,,,,80.1,,38.482,37.507,,6.76,44.78,,,,,,33.2554,,
1980-06-01,85.92,265.5,1057.8,1845.8,,5145.1,11.3,10.449,292912.84,71430.0,552.0,90101.0,7.6,63.7,,,,,81.0,,38.725,37.756,,6.82,45.06,,,,,,32.774,,
1980-07-01,29.56,279.9,1057.5,1853.7,,5189.8,11.4,11.664,293019.76,77374.0,636.0,89840.0,7.8,63.8,,,,,80.8,,39.026,38.021,,6.86,45.37,,,,,,32.7803,,
1980-08-01,0.72,273.8,1063.8,1858.8,,5194.8,11.4,11.154,293131.9,76145.0,659.0,90099.0,7.7,63.7,,,,,81.3,,39.351,38.296,,6.91,45.64,,,,,,33.1591,,
1980-09-01,0.16,273.1,1058.1,1866.4,,5216.6,11.7,10.912,293771.86,83058.0,596.0,90213.0,7.5,63.6,,,,,82.1,,39.715,38.657,,6.95,45.86,,,,,,32.9804,,
1980-10-01,0.14,286.0,1065.8,1878.7,,5257.1,11.3,11.412,295240.42,85583.0,561.0,90490.0,7.5,63.7,,,,,83.0,,40.033,38.975,,7.02,46.05,,,,,,33.157,,
1980-11-01,0.14,284.9,1060.8,1875.7,,5264.5,11.6,11.257,295558.63,82783.0,562.0,90747.0,7.5,63.8,,,,,83.9,,40.359,39.282,,7.09,46.23,,,,,,33.8296,,
1980-12-01,1.18,282.7,1069.5,1894.2,,5288.4,11.4,10.939,296950.0,86217.0,532.0,90943.0,7.2,63.6,,,,,84.9,,40.621,39.518,,7.13,46.42,,,,,,34.1928,,
1981-01-01,4.14,286.7,1081.5,1873.6,,5267.1,10.9,11.282,297538.14,82567.0,511.0,91033.0,7.5,63.9,,,,,85.4,,41.011,39.861,,7.18,46.56,,,,,,34.1687,,
1981-02-01,3.82,294.4,1073.2,1865.2,,5250.2,10.8,12.351,298933.64,82837.0,510.0,91105.0,7.4,63.9,,,,,85.9,,41.426,40.152,,7.23,46.75,,,,,,35.1163,,
1981-03-01,2.62,298.1,1072.2,1873.3,,5264.4,10.8,12.427,300844.92,84911.0,514.0,91210.0,7.4,64.1,,,,,86.4,,41.715,40.375,,7.29,47.02,,,,,,35.2977,,
1981-04-01,2.54,284.1,1077.5,1875.5,,5249.0,10.8,10.49,302007.54,87159.0,470.0,91283.0,7.2,64.2,,,,,87.0,,41.897,40.633,,7.33,47.44,,,,,,36.0075,,
1981-05-01,2.38,279.6,1076.0,1886.5,,5258.8,10.9,10.354,303465.64,87101.0,467.0,91296.0,7.5,64.3,,,,,87.8,,42.085,40.913,,7.37,47.77,,,,,,37.0107,,
1981-06-01,2.64,280.0,1083.0,1903.3,,5287.2,10.8,10.415,304001.45,87195.0,415.0,91490.0,7.5,63.7,,,,,88.6,,42.253,41.117,,7.41,48.08,,,,,,37.8468,,
1981-07-01,5.24,283.4,1078.2,1896.0,,5370.5,12.3,10.428,305633.03,87175.0,431.0,91601.0,7.2,63.8,,,,,89.8,,42.508,41.365,,7.45,48.33,,,,,,38.6074,,
1981-08-01,46.14,300.9,1079.6,1890.1,,5386.1,12.0,12.681,305855.27,85065.0,378.0,91565.0,7.4,63.8,,,,,90.7,,42.774,41.642,,7.52,48.58,,,,,,39.256,,
1981-09-01,79.88,286.9,1078.5,1888.4,,5376.3,12.3,11.08,309400.99,84065.0,338.0,91477.0,7.6,63.5,,,,,91.8,,43.033,41.915,,7.56,48.67,,,,,,38.6414,,
1981-10-01,91.92,270.4,1079.8,1891.7,,5382.3,12.9,9.418,309829.36,80370.0,356.0,91380.0,7.9,63.8,,,,,92.1,,43.228,42.165,,7.59,48.74,,,,,,38.5434,,
1981-11-01,94.34,268.9,1076.7,1888.2,,5385.0,13.0,9.494,311002.55,79015.0,382.0,91171.0,8.3,63.9,,,,,92.5,,43.46,42.411,,7.63,48.74,,,,,,38.1272,,
1981-12-01,94.36,267.6,1084.4,1900.9,,5377.6,12.4,9.055,310373.44,75976.0,457.0,90895.0,8.5,63.6,,,,,93.0,,43.594,42.568,,7.64,48.78,,,,,,38.2581,,
1982-01-01,91.46,272.3,1075.8,1896.4,,5384.7,12.6,10.285,313971.26,79673.0,368.0,90565.0,8.6,63.7,,,,,93.3,,43.853,42.829,,7.72,48.81,,,,,,38.8994,,
1982-02-01,12.48,281.3,1088.3,1898.5,,5399.5,12.0,10.924,314908.25,79628.0,365.0,90563.0,8.9,63.8,,,,,93.8,,43.985,42.994,,7.72,48.89,,,,,,40.2818,,
1982-03-01,57.82,281.2,1081.6,1902.8,,5398.9,12.1,10.651,315260.16,82293.0,374.0,90434.0,9.0,63.8,,,,,93.9,,44.098,43.182,,7.75,48.86,,,,,,41.7681,,
1982-04-01,67.66,275.3,1087.7,1906.2,,5452.7,12.8,9.747,316379.45,80357.0,339.0,90150.0,9.3,63.9,,,,,94.7,,44.12,43.353,,7.77,48.93,,,,,,42.2802,,
1982-05-01,70.2,287.8,1085.3,1901.0,,5430.3,12.2,11.103,317589.6,77558.0,384.0,90107.0,9.4,64.2,,,,,95.4,,44.382,43.589,,7.84,49.0,,,,,,41.8936,,
1982-06-01,72.46,274.4,1077.5,1911.6,,5400.9,12.2,9.613,318500.2,77341.0,370.0,89865.0,9.6,63.9,,,,,96.1,,44.704,43.808,,7.85,49.0,,,,,,43.5745,,
1982-07-01,72.74,275.5,1092.5,1911.9,,5450.4,12.5,9.759,318106.43,78440.0,375.0,89521.0,9.8,64.0,,,,,96.7,,44.969,44.092,,7.9,48.98,,,,,,44.3984,,
1982-08-01,70.84,277.7,1086.5,1918.3,,5459.3,12.5,9.947,318058.26,74819.0,407.0,89363.0,9.8,64.1,,,,,97.1,,45.108,44.295,,7.94,48.96,,,,,,45.9147,,
1982-09-01,66.46,291.0,1089.5,1927.8,,5457.7,11.7,11.129,319214.09,77033.0,481.0,89183.0,10.1,64.1,,,,,97.2,,45.233,44.459,,7.94,48.98,,80.0,,,,46.5762,,
1982-10-01,63.38,282.6,1099.5,1943.0,,5452.2,11.2,10.14,319521.05,76040.0,480.0,88907.0,10.4,64.1,,,,,97.5,,45.487,44.741,,7.96,48.98,,,,,,46.6788,,
1982-11-01,35.16,299.7,1096.5,1950.3,,5474.3,10.9,12.03,321126.34,73626.0,554.0,88786.0,10.8,64.2,,,,,97.3,,45.624,44.906,,7.98,48.99,,,,,,46.884,,
1982-12-01,14.3,302.3,1104.1,1951.9,,5500.9,10.9,11.249,323500.44,79268.0,521.0,88771.0,10.8,64.1,,,,,97.2,,45.693,45.049,,8.01,49.07,,79.9,,,,46.2537,,
1983-01-01,0.88,298.1,1101.0,1964.3,,5520.0,11.1,10.865,325101.49,82957.0,582.0,88990.0,10.4,63.9,,,,,97.6,,45.906,45.357,,8.06,49.23,,,,,,46.3874,,
1983-02-01,1.64,295.8,1100.8,1966.5,,5522.6,11.2,10.608,325604.76,77755.0,562.0,88917.0,10.4,63.8,,,,,98.0,,45.984,45.525,,8.09,49.49,,,,,,47.163,,
1983-03-01,0.16,300.4,1114.8,1982.7,,5549.2,10.7,11.023,328041.51,80748.0,596.0,89090.0,10.3,63.7,,,,,98.2,,46.043,45.583,,8.1,49.69,,77.7,,,,47.899,,
1983-04-01,0.12,311.7,1109.2,1998.2,,5561.3,10.3,11.673,330023.37,83371.0,638.0,89364.0,10.2,63.8,,,,,98.6,,46.253,45.721,,8.13,49.95,,,,,,48.483,,
1983-05-01,0.06,320.1,1114.8,2001.9,,5572.5,9.9,12.028,331068.19,83178.0,664.0,89644.0,10.1,63.7,,,,,98.9,,46.384,45.787,,8.17,50.2,,,,,,48.6531,,
1983-06-01,0.06,330.1,1125.6,2009.4,,5576.8,9.2,12.96,334551.8,89014.0,651.0,90021.0,10.1,64.3,,,,,99.2,,46.557,46.001,,8.19,50.44,,77.8,,,,49.6282,,
1983-07-01,0.06,335.1,1131.6,2017.7,,5647.0,9.7,12.917,337934.87,88201.0,606.0,90437.0,9.4,64.1,,,,,99.8,,46.82,46.311,,8.22,50.73,,,,,,50.1529,,
1983-08-01,0.12,332.0,1131.2,2028.9,,5635.9,9.2,12.246,341427.64,88600.0,572.0,90129.0,9.5,64.3,,,,,100.1,,47.02,46.55,,8.2,50.96,,,,,,51.1355,,
1983-09-01,0.0,332.8,1136.7,2029.4,,5676.2,9.6,12.451,344257.06,92646.0,608.0,91247.0,9.2,64.3,,,,,100.5,,47.185,46.738,,8.27,51.09,85.7,77.6,,,,51.4429,,
1983-10-01,0.02,344.7,1141.3,2040.1,,5726.4,9.7,13.311,348650.84,97281.0,632.0,91520.0,8.8,64.0,,,,,101.0,,47.265,46.821,,8.31,51.18,,,,,,51.2799,,
1983-11-01,0.06,345.8,1147.3,2042.4,,5775.0,10.3,13.125,353190.44,97245.0,644.0,91875.0,8.5,64.1,,,,,101.5,,47.332,46.93,,8.31,51.25,,,,,,52.0742,,
1983-12-01,0.02,360.2,1144.8,2071.0,,5825.9,10.1,14.503,358041.61,97801.0,773.0,92230.0,8.3,64.1,,,,,101.8,,47.358,46.965,,8.33,51.39,85.4,78.0,,,,52.9147,,
1984-01-01,0.04,370.0,1160.4,2070.8,,5851.3,9.9,14.21,362877.19,99943.0,691.0,92673.0,8.0,63.9,,,,,102.5,,47.564,47.121,,8.38,51.54,,,,,,53.5447,,
1984-02-01,0.04,360.8,1143.1,2050.8,,5884.8,11.6,14.381,371202.54,101241.0,696.0,93157.0,7.8,64.1,,,,,102.8,,47.884,47.418,,8.38,51.71,,,,,,53.3442,,
1984-03-01,0.06,361.0,1148.4,2076.7,,5922.6,11.4,14.21,373493.07,105837.0,641.0,93429.0,7.8,64.1,,,,,103.2,,48.041,47.598,,8.41,51.94,85.9,78.7,,,,52.9592,,
1984-04-01,0.02,366.7,1161.7,2078.0,,5962.5,11.4,14.357,377814.15,97902.0,639.0,93792.0,7.7,64.3,,,,,103.7,,48.224,47.822,,8.45,52.23,,,,,,53.6488,,
1984-05-01,0.02,372.9,1167.7,2084.9,,5971.0,11.0,14.856,385354.23,100516.0,615.0,94098.0,7.4,64.5,,,,,104.1,,48.285,47.933,,8.45,52.56,,,,,,54.8952,,
1984-06-01,0.04,377.5,1184.1,2086.0,,6010.3,11.0,14.673,391575.58,97436.0,630.0,94479.0,7.2,64.6,,,,,104.5,,48.371,48.046,,8.48,52.86,87.1,78.9,,,,55.5859,,
1984-07-01,0.16,372.6,1169.6,2092.2,,6017.6,11.4,14.758,396763.13,101410.0,619.0,94789.0,7.5,64.6,,,,,105.0,,48.544,48.253,,8.51,53.16,,,,,,57.2864,,
1984-08-01,0.22,370.0,1171.3,2110.1,,6058.5,11.7,14.279,401685.95,100514.0,567.0,95032.0,7.5,64.4,,,,,105.4,,48.693,48.412,,8.51,53.41,,,,,,57.5948,,
1984-09-01,0.22,374.3,1184.2,2117.5,,6101.7,11.7,13.959,404024.49,97082.0,662.0,95344.0,7.3,64.4,,,,,105.8,,48.759,48.486,,8.55,53.57,85.1,77.7,,,,59.0596,,
1984-10-01,0.2,372.8,1172.5,2122.0,,6079.2,11.6,14.642,408425.54,97698.0,687.0,95629.0,7.4,64.4,,,,,106.2,,48.874,48.595,,8.55,53.67,,,,,,60.0176,,
1984-11-01,0.1,389.1,1188.5,2137.7,,6105.7,10.7,14.774,412018.18,102342.0,597.0,95982.0,7.2,64.5,,,,,106.4,,48.943,48.698,,8.57,53.68,,,,,,59.9298,,
1984-12-01,0.22,391.2,1183.9,2143.0,,6143.3,11.1,14.602,416893.35,99292.0,597.0,96107.0,7.3,64.6,,,,,106.8,,49.081,48.891,,8.61,53.79,84.2,77.0,,,,61.2471,,
1985-01-01,0.26,397.3,1183.4,2167.5,,6141.6,10.2,15.563,421137.53,103791.0,645.0,96372.0,7.3,64.7,,,,,107.1,,49.326,49.165,,8.61,53.97,,,,,,62.4987,,
1985-02-01,0.22,394.1,1193.0,2176.0,,6085.2,8.9,15.724,427107.96,100305.0,682.0,96503.0,7.2,64.7,,,,,107.7,,49.555,49.42,,8.64,54.22,,,,,,64.3453,,
1985-03-01,0.16,402.6,1188.5,2163.6,,6057.8,8.6,15.358,433806.83,99260.0,671.0,96842.0,7.2,64.9,,,,,108.1,,49.749,49.593,,8.66,54.53,84.0,75.5,,,,65.0328,,
1985-04-01,0.34,393.1,1199.5,2175.8,,6159.5,9.8,15.521,439280.32,98512.0,620.0,97038.0,7.3,64.9,,,,,108.4,,49.821,49.652,,8.69,54.9,,,,,,63.7315,,
1985-05-01,0.28,414.9,1200.9,2192.2,,6310.8,11.0,15.561,444685.77,101579.0,678.0,97312.0,7.2,64.8,,,,,108.8,,49.939,49.823,,8.7,55.32,,,,,,64.2774,,
1985-06-01,0.58,398.6,1193.2,2202.3,,6178.9,9.6,15.093,448811.12,104817.0,722.0,97459.0,7.4,64.6,,,,,109.1,,50.075,49.988,,8.74,55.72,84.4,75.8,,,,64.2101,,
1985-07-01,0.54,406.0,1197.9,2213.8,,6192.8,9.1,15.498,453518.69,102048.0,766.0,97648.0,7.4,64.7,,,,,109.4,,50.198,50.134,,8.74,56.12,,,,,,63.2074,,
1985-08-01,0.16,420.7,1206.2,2223.9,,6189.0,8.1,16.91,457305.61,104587.0,726.0,97840.0,7.1,64.6,,,,,109.8,,50.364,50.38,,8.76,56.51,,,,,,63.3354,,
1985-09-01,0.16,457.6,1211.5,2228.8,,6216.2,7.3,19.104,463812.23,104675.0,678.0,98045.0,7.1,64.9,,,,,110.0,,50.449,50.484,,8.8,56.87,83.7,76.0,,,,64.0957,,
1985-10-01,0.2,407.1,1210.7,2234.5,,6247.8,9.1,14.185,468071.4,103342.0,655.0,98233.0,7.1,65.0,,,,,110.5,,50.533,50.565,,8.79,57.19,,,,,,62.0375,,
1985-11-01,0.1,408.3,1217.9,2237.4,,6258.1,9.0,14.622,471931.33,99384.0,733.0,98443.0,7.0,64.9,,,,,111.1,,50.68,50.689,,8.81,57.51,,,,,,61.5717,,
1985-12-01,0.1,420.1,1215.3,2271.3,,6296.4,8.6,15.711,475245.43,104618.0,721.0,98609.0,7.0,65.0,,,,,111.4,,50.85,50.827,,8.87,57.81,83.8,77.8,,,,61.7211,,
1986-01-01,0.18,430.8,1224.0,2249.9,,6308.5,8.7,16.06,478614.71,107103.0,733.0,98732.0,6.7,64.9,,,,,111.9,,51.084,51.101,,8.85,58.16,,,,,,61.7941,,
1986-02-01,0.58,417.8,1223.8,2257.6,,6341.7,9.3,15.371,481880.73,104962.0,728.0,98847.0,7.2,65.0,,,,,112.2,,51.084,51.233,,8.88,58.5,,,,,,60.6245,,
1986-03-01,0.46,410.8,1243.7,2257.7,,6406.5,9.9,14.161,483198.63,103880.0,880.0,98934.0,7.2,65.1,,,,,112.5,,50.972,51.389,,8.89,58.94,83.6,75.0,,,,60.1005,,
1986-04-01,0.28,432.2,1238.2,2261.5,,6430.4,9.7,15.849,487617.38,101966.0,857.0,99121.0,7.1,65.1,,,,,112.9,,50.868,51.482,,8.88,59.49,,,,,,59.9349,,
1986-05-01,0.26,441.4,1246.4,2265.3,,6435.8,9.3,16.302,492220.85,100918.0,789.0,99248.0,7.2,65.2,,,,,113.1,,50.961,51.57,,8.9,60.05,,,,,,59.201,,
1986-06-01,0.44,427.9,1246.1,2274.6,,6429.8,9.4,15.92,495646.39,101735.0,728.0,99155.0,7.2,65.4,,,,,113.4,,51.151,51.725,,8.92,60.65,83.3,75.1,,,,59.7186,,
1986-07-01,0.1,439.9,1248.0,2283.9,,6461.8,9.3,15.742,499489.88,103459.0,698.0,99473.0,7.0,65.4,,,,,113.8,,51.164,51.819,,8.91,61.25,,,,,,58.987,,
1986-08-01,0.16,459.0,1244.6,2282.2,,6469.4,8.9,17.285,502045.82,100184.0,621.0,99588.0,6.9,65.3,,,,,114.2,,51.228,51.925,,8.94,61.78,,,,,,58.6071,,
1986-09-01,0.08,515.9,1246.9,2298.6,,6472.9,7.1,21.495,508775.79,105270.0,763.0,99934.0,7.0,65.4,,,,,114.6,,51.396,52.096,,8.94,62.24,82.4,76.9,,,,58.9337,,
1986-10-01,0.14,458.6,1258.5,2299.1,,6466.0,8.3,14.793,514880.75,102973.0,669.0,100121.0,7.0,65.4,,,,,115.0,,51.488,52.273,,8.96,62.59,,,,,,59.2403,,
1986-11-01,0.14,441.5,1251.9,2314.8,,6466.7,8.6,14.822,513804.18,103102.0,707.0,100308.0,6.9,65.4,,,,,115.3,,51.58,52.384,,9.01,62.9,,,,,,60.1169,,
1986-12-01,0.06,493.5,1263.3,2327.7,,6473.8,6.8,18.079,513682.08,106884.0,784.0,100509.0,6.6,65.3,,,,,115.6,,51.651,52.452,,9.01,63.37,83.3,77.7,,,,59.9615,,
1987-01-01,0.84,415.9,1252.9,2335.0,,6494.2,9.4,12.414,512159.61,101861.0,709.0,100678.0,6.6,65.4,,,,,115.9,,51.894,52.578,,9.02,63.732,,,,,,58.5928,,
1987-02-01,0.06,444.3,1277.4,2347.3,,6525.0,8.2,15.109,510108.35,105905.0,732.0,100919.0,6.6,65.5,,,,,116.2,,52.076,52.685,,9.05,64.132,,,,,,58.3263,,
1987-03-01,0.1,445.6,1267.5,2358.1,,6530.5,8.1,15.299,508095.94,108797.0,713.0,101164.0,6.6,65.5,,,,,116.6,,52.214,52.841,,9.07,64.467,84.3,80.8,,,,58.2813,,
1987-04-01,0.1,453.4,1273.3,2362.5,,6282.3,4.1,15.452,510909.57,109952.0,735.0,101499.0,6.3,65.4,,,,,117.3,,52.409,53.065,,9.08,64.972,,,,,,57.5477,,
1987-05-01,0.12,448.8,1275.9,2368.0,,6537.0,7.8,14.572,511163.53,110754.0,651.0,101728.0,6.3,65.7,,,,,117.7,,52.542,53.214,,9.11,65.547,,,,,,57.6484,,
1987-06-01,0.12,459.3,1275.9,2372.8,,6527.6,7.3,15.619,513063.7,112209.0,637.0,101900.0,6.2,65.5,,,,,117.9,,52.741,53.36,,9.11,66.218,86.0,83.6,,,,58.6475,,
1987-07-01,0.06,465.2,1275.4,2385.9,,6545.8,7.1,15.655,515262.37,114571.0,658.0,102247.0,6.1,65.6,,,,,118.3,,52.863,53.498,,9.12,66.786,,,,,,59.59,,
1987-08-01,0.08,481.9,1277.6,2395.5,,6574.0,6.8,17.092,518353.94,109361.0,657.0,102420.0,6.0,65.7,,,,,118.7,,53.072,53.679,,9.18,67.27,,,,,,59.6167,,
1987-09-01,0.18,471.3,1275.0,2390.5,,6575.3,7.2,16.119,519750.26,111419.0,666.0,102647.0,5.9,65.5,,,,,119.2,,53.251,53.892,,9.19,67.623,86.6,84.3,,,,58.9874,,
1987-10-01,0.12,451.9,1276.0,2413.7,,6619.6,7.9,14.258,523110.13,113902.0,650.0,103138.0,6.0,65.7,,,,,119.8,,53.42,54.122,,9.22,67.902,,,,,,59.1648,,
1987-11-01,0.16,455.8,1279.0,2407.6,,6648.1,8.2,14.543,526691.09,114144.0,625.0,103372.0,5.8,65.7,,,,,120.1,,53.521,54.235,,9.27,68.091,,,,,,57.7626,,
1987-12-01,0.14,469.2,1288.2,2414.4,,6711.5,8.4,15.645,525464.86,115276.0,595.0,103661.0,5.7,65.7,,,,,120.4,,53.62,54.349,,9.28,68.343,88.3,85.5,,,,57.1575,,
1988-01-01,0.44,481.9,1285.5,2439.9,,6730.2,7.9,16.083,527589.06,117192.0,585.0,103753.0,5.7,65.8,,,,,120.9,,53.828,54.606,,9.29,68.583,,,,,,57.5283,,
1988-02-01,0.18,480.5,1289.3,2440.9,,6773.5,8.4,16.513,530429.96,118443.0,663.0,104214.0,5.7,65.9,,,,,121.2,,53.908,54.718,,9.29,68.917,,,,,,58.1999,,
1988-03-01,0.14,482.8,1312.6,2450.2,,6804.3,8.0,16.182,533175.3,117583.0,669.0,104489.0,5.7,65.7,,,,,121.7,,54.093,54.952,,9.31,69.326,89.8,86.5,,,,57.7005,,
1988-04-01,0.2,476.7,1302.7,2450.7,,6830.1,8.7,15.545,536777.32,117717.0,699.0,104732.0,5.4,65.8,,,,,122.3,,54.356,55.219,,9.36,69.79,,,,,,57.3966,,
1988-05-01,0.32,483.1,1309.2,2462.7,,6841.7,8.3,15.941,539296.28,119356.0,684.0,104962.0,5.6,65.7,,,,,122.7,,54.514,55.407,,9.41,70.409,,,,,,57.7905,,
1988-06-01,0.2,484.8,1310.3,2471.8,,6868.5,8.4,15.854,540226.01,122466.0,717.0,105326.0,5.4,65.8,,,,,123.2,,54.746,55.641,,9.41,71.068,92.2,88.8,,,,58.7221,,
1988-07-01,0.32,478.4,1313.8,2486.3,,6898.2,8.6,15.704,542093.75,121869.0,679.0,105550.0,5.4,65.9,,,,,123.6,,55.012,55.868,,9.45,71.685,,,,,,60.2186,,
1988-08-01,0.26,474.7,1325.6,2498.3,,6918.4,8.4,15.385,545666.66,123103.0,688.0,105674.0,5.6,66.1,,,,,124.0,,55.175,56.007,,9.46,72.185,,,,,,61.0757,,
1988-09-01,0.28,471.6,1324.8,2490.0,,6932.4,8.8,15.047,545467.57,123037.0,703.0,106013.0,5.4,65.9,,,,,124.7,,55.444,56.307,,9.51,72.574,94.1,87.6,,,,61.3579,,
1988-10-01,0.12,479.9,1333.2,2510.5,,6969.9,8.6,15.162,546273.18,124429.0,718.0,106276.0,5.4,66.0,,,,,125.2,,55.625,56.521,,9.56,72.822,,,,,,60.3787,,
1988-11-01,0.18,482.8,1339.4,2509.4,,6971.9,8.4,15.394,546648.97,123338.0,628.0,106617.0,5.3,66.2,,,,,125.6,,55.754,56.676,,9.58,73.064,,,,,,59.3659,,
1988-12-01,0.16,501.5,1335.2,2515.4,,7005.2,8.3,16.437,547324.64,135387.0,658.0,106898.0,5.3,66.1,,,,,126.0,,55.928,56.864,,9.6,73.277,93.8,89.3,,,,59.4507,,
1989-01-01,0.26,495.0,1349.1,2512.5,,7033.4,8.5,15.372,563300.01,131507.0,719.0,107161.0,5.4,66.5,,,,,126.5,,56.215,57.152,,9.65,73.617,94.9,91.1,,,,60.7099,,
1989-02-01,1.2,479.8,1337.1,2535.7,,7052.7,8.9,14.991,565278.2,127569.0,622.0,107427.0,5.2,66.3,,,,,126.9,,56.402,57.297,,9.68,73.968,94.6,90.6,,,,61.0506,,
1989-03-01,0.96,481.9,1336.9,2529.2,,7087.1,9.4,14.662,569094.25,127366.0,567.0,107621.0,5.0,66.3,,,,,127.4,,56.612,57.468,,9.7,74.41,95.2,91.3,,,,61.7309,,
1989-04-01,1.12,500.3,1337.2,2532.5,,7050.0,8.3,16.024,571570.85,128469.0,608.0,107791.0,5.2,66.4,,,,,127.8,,56.989,57.661,,9.75,74.867,95.0,92.0,,,,62.284,,
1989-05-01,1.7,486.9,1343.0,2536.5,,7017.2,8.0,15.267,574119.72,122108.0,656.0,107913.0,5.2,66.3,,,,,128.3,,57.197,57.833,,9.74,75.294,95.4,92.6,,,,63.8915,,
1989-06-01,1.26,490.2,1345.3,2536.4,,7036.7,8.1,14.384,575543.16,125246.0,642.0,108027.0,5.3,66.5,,,,,128.8,,57.322,57.987,,9.77,75.694,95.2,91.5,,,,65.4202,,
1989-07-01,1.56,494.8,1345.1,2543.3,,7061.3,8.1,14.695,576731.26,122931.0,731.0,108069.0,5.2,66.5,,,,,129.2,,57.459,58.136,,9.83,76.04,94.7,90.5,,,,64.9137,,
1989-08-01,0.32,516.6,1355.5,2549.7,,7080.0,7.5,16.547,577013.9,121544.0,697.0,108120.0,5.2,66.5,,,,,129.5,,57.466,58.217,,9.83,76.27,94.0,90.0,,,,65.5512,,
1989-09-01,0.46,496.5,1363.3,2554.7,,7101.4,7.9,15.66,578645.11,124643.0,639.0,108369.0,5.3,66.4,,,,,129.9,,57.594,58.419,,9.87,76.419,94.4,90.4,,,,66.6118,,
1989-10-01,0.28,488.9,1358.0,2567.3,,7136.8,8.4,13.581,580619.79,120279.0,645.0,108476.0,5.3,66.5,,,,,130.6,,57.819,58.631,,9.92,76.486,94.6,90.9,,,,66.0831,,
1989-11-01,0.22,483.6,1364.3,2567.2,,7144.0,8.5,13.37,582671.95,128189.0,684.0,108752.0,5.4,66.6,,,,,131.1,,57.945,58.787,,9.93,76.519,94.2,91.1,,,,66.3872,,
1989-12-01,0.24,485.4,1376.8,2586.3,,7144.7,7.7,13.55,583382.34,131040.0,630.0,108836.0,5.4,66.5,,,,,131.6,,58.113,58.954,,9.98,76.496,94.4,91.6,,,,66.4705,,
1990-01-01,0.32,492.3,1477.1,2802.3,,7187.4,7.9,16.308,584067.42,120989.0,620.0,109196.0,5.4,66.8,,,,,132.1,,58.553,59.181,,10.02,76.527,95.2,92.5,,,,66.8892,,
1990-02-01,0.28,461.1,1483.1,2813.1,,7203.3,8.5,14.363,582268.62,124176.0,591.0,109436.0,5.3,66.7,,,,,132.7,,58.811,59.468,,10.07,76.587,94.6,92.7,,,,67.8184,,
1990-03-01,0.48,459.4,1489.4,2825.1,,7206.1,8.3,14.486,581158.72,131857.0,574.0,109640.0,5.2,66.7,,,,,133.5,,59.033,59.754,,10.11,76.79,94.8,92.4,,,,69.4292,,
1990-04-01,1.5,462.1,1484.0,2838.9,,7253.4,8.7,14.281,578977.38,124718.0,542.0,109674.0,5.4,66.6,,,,,134.0,,59.157,59.932,,10.12,77.039,95.1,91.6,,,,69.7615,,
1990-05-01,1.58,451.9,1483.3,2851.1,,7245.8,8.7,14.022,576474.84,128858.0,534.0,109828.0,5.4,66.6,,,,,134.4,,59.29,60.115,,10.16,77.297,95.3,91.2,,,,69.375,,
1990-06-01,3.08,451.8,1491.8,2858.5,,7257.3,8.6,14.149,577227.92,126316.0,545.0,109850.0,5.2,66.4,,,,,135.1,,59.552,60.349,,10.2,77.505,95.1,90.8,,,,69.6182,,
1990-07-01,8.66,453.3,1492.6,2865.3,,7283.7,8.7,14.081,577301.24,129004.0,542.0,109815.0,5.5,66.5,,,,,135.8,,59.699,60.501,,10.22,77.559,95.3,90.5,,,,68.5193,,
1990-08-01,15.9,446.5,1493.2,2876.6,,7239.1,8.1,13.859,576343.66,125439.0,528.0,109607.0,5.7,66.5,,,,,136.6,,60.096,60.753,,10.24,77.478,95.4,93.3,,,,67.4705,,
1990-09-01,32.72,451.5,1487.2,2875.2,,7236.8,8.1,14.298,575711.19,126504.0,496.0,109522.0,5.9,66.4,,,,,137.1,,60.465,60.965,,10.27,77.227,95.8,96.5,,,,67.0806,,
1990-10-01,54.68,441.3,1475.1,2875.6,,7178.7,7.9,13.749,576484.47,128747.0,465.0,109377.0,5.9,66.4,,,,,137.6,,60.811,61.172,,10.3,76.911,96.6,99.3,,,,65.9814,,
1990-11-01,59.74,439.4,1482.3,2866.0,,7181.9,8.0,13.134,574368.55,116830.0,493.0,109222.0,6.2,66.4,,,,,138.0,,60.888,61.246,,10.32,76.379,96.7,98.7,,,,66.0318,,
1990-12-01,57.92,431.6,1468.5,2872.2,,7224.7,8.8,12.958,569587.95,121639.0,464.0,109168.0,6.3,66.4,,,,,138.6,,60.945,61.331,,10.34,75.97,96.3,98.4,,,,67.1498,,
1991-01-01,54.74,408.0,1464.6,2860.6,,7205.7,9.4,11.829,567885.66,118074.0,401.0,109058.0,6.4,66.2,,,,,139.5,,61.177,61.637,,10.37,75.532,96.8,97.0,,,,67.4337,,
1991-02-01,47.02,419.5,1472.0,2867.7,,7216.8,9.0,12.409,564742.31,118705.0,482.0,108735.0,6.6,66.2,,,,,140.2,,61.208,61.807,,10.39,75.247,96.7,95.0,,,,67.0541,,
1991-03-01,28.8,446.4,1485.5,2876.7,,7229.1,8.1,12.848,561511.07,111574.0,507.0,108568.0,6.8,66.3,,,,,140.5,,61.221,61.936,,10.41,75.133,96.4,95.0,,,,69.5628,,
1991-04-01,3.82,425.8,1481.9,2894.1,,7258.0,8.7,12.038,559075.06,116338.0,508.0,108350.0,6.7,66.4,,,,,140.9,,61.332,62.06,,10.46,75.316,96.6,94.2,,,,70.6821,,
1991-05-01,0.5,424.5,1490.2,2899.1,,7259.5,8.5,12.487,556901.14,119325.0,517.0,108253.0,6.9,66.2,,,,,141.3,,61.586,62.307,,10.5,75.765,96.4,94.0,,,,71.1577,,
1991-06-01,0.32,430.4,1484.8,2897.2,,7296.7,9.0,12.719,553748.22,115480.0,516.0,108330.0,6.9,66.2,,,,,141.8,,61.69,62.442,,10.51,76.254,96.1,93.4,,,,72.2424,,
1991-07-01,0.46,434.3,1492.3,2906.4,,7282.0,8.4,12.972,550307.3,131509.0,511.0,108290.0,6.8,66.1,,,,,142.3,,61.787,62.632,,10.54,76.513,95.7,92.8,,,,72.4017,,
1991-08-01,0.5,429.6,1488.7,2908.3,,7298.3,8.7,12.565,546129.18,124358.0,526.0,108300.0,6.9,66.0,,,,,142.9,,61.931,62.804,,10.56,76.59,96.0,93.1,,,,71.8444,,
1991-09-01,0.36,436.9,1478.5,2911.9,,7317.7,8.9,13.107,542077.11,121121.0,487.0,108335.0,6.9,66.2,,,,,143.4,,62.144,63.055,,10.58,76.575,95.6,93.3,,,,71.1334,,
1991-10-01,0.74,423.5,1476.1,2913.1,,7328.0,9.4,12.217,537268.74,122414.0,524.0,108361.0,7.0,66.1,,,,,143.7,,62.26,63.194,,10.59,76.287,96.6,94.1,,,,71.0169,,
1991-11-01,0.78,425.8,1477.2,2931.6,,7338.4,9.1,12.576,535497.7,124562.0,575.0,108300.0,7.0,66.1,,,,,144.2,,62.397,63.312,,10.61,76.029,96.7,94.5,,,,70.4118,,
1991-12-01,0.62,430.2,1474.4,2932.8,,7403.6,9.8,12.658,534260.42,116408.0,558.0,108330.0,7.3,66.0,,,,,144.7,,62.553,63.468,,10.64,75.839,95.7,94.3,,,,70.03,,
1992-01-01,0.32,443.0,1505.6,2951.4,159177.0,7474.8,9.5,12.591,533596.22,121445.0,676.0,108365.0,7.3,66.3,,,,,145.1,,62.638,63.641,,10.64,75.703,95.7,94.0,50251.0,52277.0,4926.0,70.279,,
1992-02-01,0.14,447.4,1502.7,2951.3,159189.0,7507.2,9.8,12.927,533158.25,114535.0,639.0,108312.0,7.4,66.2,,,,,145.4,,62.797,63.814,,10.66,75.659,96.3,94.0,51682.0,52513.0,4762.0,71.433,,
1992-03-01,0.1,439.0,1493.5,2979.1,158647.0,7513.8,9.7,12.824,532686.41,120025.0,553.0,108367.0,7.4,66.4,,,,,145.9,,62.949,63.973,,10.68,75.816,96.2,93.9,50294.0,52935.0,4714.0,72.9514,,
1992-04-01,0.1,436.7,1498.7,2980.5,159921.0,7535.0,9.8,12.55,529828.9,124470.0,546.0,108516.0,7.4,66.5,,,,,146.3,,63.119,64.183,,10.72,76.082,96.4,93.6,50302.0,53411.0,5175.0,72.9584,,
1992-05-01,0.18,447.0,1503.8,2986.1,160471.0,7570.2,9.8,13.098,528916.1,125822.0,554.0,108646.0,7.6,66.6,,,,,146.8,,63.203,64.273,,10.74,76.398,96.7,94.0,50044.0,53963.0,4801.0,72.6304,,
1992-06-01,0.22,456.2,1493.7,2997.1,161205.0,7601.6,10.0,13.543,526568.68,122834.0,596.0,108706.0,7.8,66.7,,,,,147.1,,63.315,64.323,,10.77,76.602,96.5,94.8,51727.0,54551.0,4714.0,71.8274,,
1992-07-01,0.22,451.9,1501.1,3010.6,162855.0,7595.9,9.5,12.853,527250.56,122590.0,627.0,108793.0,7.7,66.7,,,,,147.6,,63.524,64.566,,10.78,76.711,96.6,95.3,52533.0,55313.0,4652.0,70.8761,,
1992-08-01,0.6,455.9,1510.4,3007.9,162412.0,7622.6,9.6,12.873,527743.3,120411.0,636.0,108916.0,7.6,66.6,,,,,147.9,,63.609,64.625,,10.81,76.732,96.3,95.7,50940.0,55395.0,4862.0,70.6171,,
1992-09-01,0.28,461.3,1514.3,3029.8,164361.0,7586.9,8.6,13.378,527021.95,120711.0,650.0,108951.0,7.6,66.5,,,,,148.1,,63.713,64.73,,10.83,76.629,96.6,95.9,51984.0,55515.0,4921.0,71.2799,,
1992-10-01,0.18,465.5,1529.5,3025.2,166063.0,7537.9,7.9,13.655,524348.35,127392.0,621.0,109139.0,7.3,66.2,,,,,148.8,,63.938,64.979,,10.85,76.599,96.3,96.6,53035.0,56556.0,4834.0,72.9172,,
1992-11-01,0.06,456.8,1531.1,3043.4,166124.0,7549.3,7.9,13.218,527238.23,122374.0,614.0,109283.0,7.4,66.3,,,,,149.2,,64.064,65.121,,10.86,76.58,96.2,96.0,52246.0,56214.0,4746.0,75.3558,,
1992-12-01,0.08,475.1,1537.2,3047.4,167691.0,7818.6,10.5,13.784,527669.02,126080.0,650.0,109502.0,7.4,66.3,,,,,149.6,,64.176,65.242,,10.9,76.466,96.3,94.4,51843.0,57446.0,4582.0,75.8539,,
1993-01-01,0.12,479.1,1535.0,3036.6,169500.0,7648.1,8.5,13.457,528330.62,121637.0,596.0,109790.0,7.3,66.2,,,,,150.1,,64.332,65.432,,10.93,76.397,96.4,94.3,52568.0,56439.0,5130.0,76.9182,,
1993-02-01,0.14,467.1,1531.0,3065.6,168840.0,7684.5,8.8,12.969,530527.68,128854.0,604.0,110047.0,7.1,66.2,,,,,150.6,,64.429,65.557,,10.95,76.329,96.7,94.2,52480.0,56076.0,5571.0,77.3586,,
1993-03-01,0.62,464.9,1525.4,3059.5,167682.0,7660.8,8.8,13.326,528765.89,126762.0,602.0,110004.0,7.0,66.2,,,,,150.8,,64.561,65.7,,10.99,76.384,96.6,94.7,53035.0,59813.0,5287.0,77.1285,,
1993-04-01,0.18,481.8,1536.9,3060.5,172102.0,7700.6,8.7,14.527,532780.81,127395.0,701.0,110300.0,7.1,66.1,,,,,151.4,,64.733,65.891,,10.99,76.661,96.8,95.2,53139.0,59584.0,5229.0,76.1913,,
1993-05-01,0.2,490.1,1549.0,3054.8,172960.0,7689.4,8.2,14.519,531288.42,126529.0,626.0,110571.0,7.1,66.4,,,,,151.8,,64.933,66.114,,11.01,77.031,97.1,95.5,54229.0,58598.0,5313.0,76.462,,
1993-06-01,0.22,486.7,1547.5,3081.1,173018.0,7675.1,7.7,14.49,533850.55,130212.0,653.0,110742.0,7.0,66.5,,,,,152.1,,64.955,66.177,,11.03,77.517,96.9,95.0,52346.0,59275.0,5258.0,77.2524,,
1993-07-01,0.18,494.8,1554.8,3088.1,175822.0,7694.3,7.5,14.451,535286.72,128111.0,655.0,111054.0,6.9,66.4,,,,,152.3,,65.059,66.314,,11.05,77.887,97.0,94.5,52818.0,59200.0,5299.0,78.4367,,
1993-08-01,0.2,487.5,1554.8,3102.4,175233.0,7705.4,7.6,13.584,537971.36,129378.0,645.0,111200.0,6.8,66.4,,,,,152.8,,65.17,66.438,,11.07,78.133,97.0,94.4,53224.0,58805.0,5439.0,78.6358,,
1993-09-01,0.16,493.9,1569.3,3109.4,176608.0,7684.4,6.8,13.99,541155.0,127233.0,726.0,111448.0,6.7,66.2,,,,,152.9,,65.238,66.538,,11.09,78.2,96.9,94.5,53648.0,60679.0,5049.0,78.7009,,
1993-10-01,0.12,500.8,1562.6,3117.7,177588.0,7646.9,6.2,14.911,545962.54,133168.0,704.0,111734.0,6.8,66.3,,,,,153.4,,65.443,66.647,,11.13,78.175,96.9,94.9,55476.0,62069.0,5181.0,79.5792,,
1993-11-01,0.08,505.1,1568.2,3120.8,179758.0,7668.1,6.2,14.882,549959.41,130391.0,769.0,111987.0,6.6,66.3,,,,,153.9,,65.567,66.819,,11.15,78.173,97.0,94.4,54345.0,61361.0,4431.0,80.6687,,
1993-12-01,0.1,509.5,1569.7,3132.0,181077.0,7929.4,9.0,15.004,555742.56,133565.0,812.0,112325.0,6.5,66.4,,,,,154.3,,65.582,66.849,,11.18,78.115,97.3,93.5,55552.0,61271.0,4954.0,81.3435,,
1994-01-01,0.06,510.1,1564.6,3151.0,179615.0,7780.4,7.0,15.379,559500.15,138498.0,619.0,112601.0,6.6,66.6,,,,,154.5,,65.604,66.902,,11.2,78.2,98.0,93.5,55159.0,61365.0,4836.0,83.4098,,
1994-02-01,0.1,521.4,1586.4,3156.3,183101.0,7795.0,6.4,15.52,564939.14,137141.0,686.0,112782.0,6.6,66.6,,,,,154.8,,65.756,67.047,,11.25,78.205,98.0,93.9,53729.0,62974.0,4793.0,83.4788,,
1994-03-01,0.02,520.3,1595.1,3148.5,186721.0,7820.5,6.7,15.301,571555.79,136548.0,747.0,113245.0,6.5,66.5,,,,,155.3,,65.937,67.275,,11.25,78.349,98.2,94.0,58307.0,64772.0,5924.0,84.0312,,
1994-04-01,0.06,532.7,1594.5,3154.9,186423.0,7820.4,6.3,16.013,575973.79,140336.0,692.0,113589.0,6.4,66.5,,,,,155.5,,66.015,67.376,,11.27,78.702,98.2,94.7,56436.0,64323.0,5521.0,84.6559,,
1994-05-01,0.08,514.1,1593.1,3169.4,185616.0,7910.6,7.5,14.577,583766.07,142630.0,691.0,113922.0,6.1,66.6,,,,,155.9,,66.111,67.526,,11.29,79.209,98.5,95.5,57342.0,65070.0,5573.0,84.5804,,
1994-06-01,0.02,523.1,1603.4,3179.4,187800.0,7898.1,6.8,15.109,589363.22,145063.0,621.0,114239.0,6.1,66.4,,,,,156.4,,66.272,67.676,,11.31,79.701,98.5,96.3,58451.0,66831.0,5861.0,84.4772,,
1994-07-01,0.06,523.3,1604.0,3174.5,188062.0,7905.0,6.9,14.875,591189.26,145013.0,628.0,114608.0,6.1,66.4,,,,,156.7,,66.481,67.818,,11.34,80.063,98.7,97.2,58492.0,67230.0,5894.0,83.4207,,
1994-08-01,0.06,531.3,1613.8,3189.0,190771.0,7914.4,6.4,15.359,597132.47,145884.0,656.0,114902.0,6.0,66.6,,,,,157.1,,66.634,67.894,,11.36,80.317,98.9,97.6,60407.0,68710.0,5657.0,83.4104,,
1994-09-01,0.08,532.5,1614.0,3193.9,192585.0,7949.0,6.7,15.274,607291.69,145487.0,677.0,115246.0,5.9,66.6,,,,,157.5,,66.708,67.997,,11.39,80.341,99.1,97.2,60715.0,69026.0,5491.0,82.6368,,
1994-10-01,0.08,546.8,1624.3,3198.3,193914.0,8024.4,7.0,15.894,615689.68,149547.0,715.0,115457.0,5.8,66.7,,,,,157.8,,66.821,68.157,,11.42,80.305,99.7,97.9,59861.0,69019.0,5630.0,82.1525,,
1994-11-01,0.04,550.6,1620.9,3199.4,194425.0,8023.9,6.9,15.89,618833.39,150038.0,646.0,115867.0,5.6,66.7,,,,,158.2,,66.948,68.282,,11.45,80.171,100.4,98.5,61532.0,71147.0,6028.0,82.5607,,
1994-12-01,0.06,546.4,1632.8,3204.9,194939.0,8060.2,7.0,15.584,631732.19,152489.0,629.0,116174.0,5.5,66.7,,,,,158.3,,66.991,68.305,,11.48,80.079,101.1,98.4,62825.0,71281.0,6130.0,84.6605,,
1995-01-01,0.14,499.5,1435.2,4146.5,195908.0,8086.0,7.3,14.801,638391.87,150459.0,626.0,116505.0,5.6,66.8,,,,,159.0,,67.127,68.475,,11.48,80.027,101.9,98.7,63118.0,72442.0,6238.0,87.0525,,
1995-02-01,0.34,491.1,1420.4,4162.4,193068.0,8102.0,7.7,14.861,640455.74,153856.0,559.0,116694.0,5.4,66.8,,,,,159.4,,67.246,68.587,,11.53,79.992,102.5,99.4,63077.0,71894.0,5670.0,86.6575,,
1995-03-01,0.42,501.4,1428.3,4169.2,195179.0,8124.2,7.4,15.256,648072.17,152888.0,616.0,116908.0,5.4,66.7,,,,,159.9,,67.37,68.755,,11.55,80.078,103.0,99.9,64349.0,74057.0,5839.0,86.0127,,
1995-04-01,0.38,490.0,1425.6,4179.5,195310.0,8064.0,6.8,14.378,653951.59,151401.0,621.0,117066.0,5.8,66.9,,,,,160.4,,67.547,68.915,,11.56,80.37,104.0,100.9,65074.0,74682.0,6292.0,83.5161,,
1995-05-01,0.14,500.9,1436.2,4196.2,198060.0,8145.6,7.0,14.806,659306.86,152838.0,674.0,117046.0,5.6,66.5,,,,,160.7,,67.651,69.032,,11.59,80.692,104.3,101.8,65755.0,74845.0,6330.0,83.4346,,
1995-06-01,0.0,516.3,1443.3,4215.3,200383.0,8169.8,6.5,15.407,663290.48,150051.0,725.0,117291.0,5.6,66.5,,,,,161.1,,67.717,69.092,,11.63,81.069,104.5,101.4,64855.0,75478.0,5445.0,83.7065,,
1995-07-01,0.22,507.2,1440.2,4215.3,199110.0,8187.8,6.9,14.7,668595.71,148915.0,765.0,117382.0,5.7,66.6,,,,,161.4,,67.802,69.201,,11.67,81.413,104.8,101.1,66560.0,74247.0,6760.0,83.6875,,
1995-08-01,0.0,518.3,1433.6,4236.5,201078.0,8193.0,6.6,15.368,672036.31,154372.0,701.0,117646.0,5.7,66.6,,,,,161.8,,67.948,69.367,,11.69,81.655,104.3,100.8,67469.0,74173.0,6811.0,85.6705,,
1995-09-01,0.0,524.1,1446.4,4228.8,201337.0,8219.4,6.6,15.338,677580.53,160175.0,678.0,117873.0,5.6,66.6,,,,,162.2,,67.995,69.458,,11.73,81.739,104.4,100.8,68943.0,74867.0,7263.0,86.8977,,
1995-10-01,0.2,513.6,1434.0,4234.1,200597.0,8228.4,7.0,14.861,680078.1,155473.0,696.0,118026.0,5.5,66.6,,,,,162.7,,68.171,69.627,,11.75,81.727,104.5,100.4,68105.0,74219.0,6747.0,86.8045,,
1995-11-01,0.16,525.0,1449.5,4253.8,203545.0,8250.5,6.4,15.38,695420.01,156146.0,664.0,118165.0,5.6,66.5,,,,,163.0,,68.169,69.672,,11.78,81.631,104.5,100.6,68009.0,74523.0,7083.0,88.0885,,
1995-12-01,0.14,538.0,1459.0,4264.4,204032.0,8261.3,6.0,16.262,696824.27,163279.0,709.0,118325.0,5.6,66.4,,,,,163.1,,68.3,69.77,,11.81,81.514,104.4,101.0,69071.0,75342.0,7306.0,88.6445,,
1996-01-01,0.48,519.7,1448.8,4274.4,203793.0,8272.1,6.5,14.812,703275.62,155806.0,714.0,118317.0,5.6,66.4,,,,,163.7,,68.452,69.849,,11.86,81.428,104.9,101.2,68299.0,76764.0,6542.0,89.2688,,
1996-02-01,0.02,534.3,1456.6,4293.5,206875.0,8335.8,6.6,15.587,707496.4,150773.0,769.0,118738.0,5.5,66.6,,,,,164.0,,68.56,69.94,,11.87,81.401,104.7,101.0,69899.0,77217.0,6445.0,89.4724,,
1996-03-01,0.18,539.6,1465.3,4309.2,207650.0,8362.4,6.4,16.044,710092.31,164976.0,721.0,118992.0,5.5,66.6,,,,,164.4,,68.767,70.102,,11.89,81.667,104.6,101.6,69797.0,77553.0,7366.0,89.4692,,
1996-04-01,0.08,548.9,1472.1,4314.1,209294.0,8311.8,5.5,15.466,715121.51,156830.0,736.0,119158.0,5.6,66.7,,,,,164.6,,68.973,70.197,,11.96,82.125,105.2,102.5,70126.0,78870.0,6853.0,89.6528,,
1996-05-01,0.04,551.8,1471.4,4320.1,211157.0,8416.8,6.5,15.993,720453.9,164502.0,746.0,119497.0,5.6,66.7,,,,,165.0,,69.092,70.319,,11.98,82.602,105.6,101.8,71029.0,80288.0,7409.0,89.974,,
1996-06-01,0.08,543.7,1483.4,4328.6,209474.0,8467.1,6.9,15.256,726687.65,164599.0,721.0,119770.0,5.3,66.7,,,,,165.4,,69.091,70.373,,12.03,83.049,105.4,100.7,71056.0,78516.0,7484.0,90.3765,,
1996-07-01,0.14,546.5,1483.6,4337.1,210827.0,8444.0,6.5,15.074,732630.35,163588.0,770.0,120019.0,5.5,66.9,,,,,165.7,,69.237,70.505,,12.05,83.419,104.9,100.6,69404.0,79536.0,6265.0,90.2687,,
1996-08-01,0.04,553.8,1488.4,4343.4,210846.0,8464.7,6.4,15.486,737209.89,157310.0,826.0,120198.0,5.1,66.7,,,,,166.0,,69.303,70.566,,12.09,83.646,104.7,100.7,70563.0,80919.0,6740.0,89.8557,,
1996-09-01,0.06,555.7,1486.3,4351.7,213233.0,8483.9,6.4,15.534,738986.95,165442.0,770.0,120400.0,5.2,66.9,,,,,166.5,,69.499,70.78,,12.13,83.703,103.9,101.8,70553.0,80748.0,6823.0,90.3147,,
1996-10-01,0.06,560.1,1497.1,4354.5,215526.0,8482.7,6.1,15.308,740894.48,165266.0,720.0,120665.0,5.2,67.0,,,,,166.8,,69.709,70.948,,12.16,83.63,103.6,102.4,73769.0,80404.0,8435.0,90.7308,,
1996-11-01,0.06,564.5,1496.0,4366.7,215167.0,8505.1,6.2,15.712,744910.43,170783.0,771.0,120947.0,5.4,67.0,,,,,167.2,,69.833,71.041,,12.2,83.557,103.2,102.2,74263.0,81531.0,8546.0,90.3416,,
1996-12-01,0.06,563.8,1501.4,4387.6,215690.0,8533.1,6.1,15.183,745920.52,162332.0,805.0,121143.0,5.4,67.0,,,,,167.4,,69.914,71.068,,12.24,83.491,103.2,102.5,72842.0,83317.0,8027.0,91.342,,
1997-01-01,0.06,576.7,1496.2,4404.9,218124.0,8556.4,5.9,15.682,747895.02,161827.0,830.0,121356.0,5.3,67.0,,,,,167.8,,70.005,71.144,,12.29,83.53,103.3,102.2,72910.0,84179.0,7186.0,92.2217,,
1997-02-01,0.04,574.9,1507.9,4408.1,219587.0,8579.2,6.0,15.271,750137.26,170221.0,801.0,121673.0,5.2,66.9,,,,,168.1,,70.151,71.29,,12.31,83.596,103.5,101.2,75225.0,85001.0,7260.0,93.9622,,
1997-03-01,0.04,582.6,1517.7,4402.4,221189.0,8619.0,6.1,15.816,752190.25,167568.0,831.0,121991.0,5.2,67.1,,,,,168.4,,70.225,71.46,,12.35,83.911,103.6,100.0,77050.0,85433.0,7665.0,94.7299,,
1997-04-01,0.14,575.4,1504.5,4426.2,217925.0,8624.5,6.2,15.058,762222.81,174054.0,744.0,122289.0,5.1,67.1,,,,,168.9,,70.294,71.6,,12.39,84.32,103.6,98.8,77769.0,85855.0,7692.0,95.4741,,
1997-05-01,0.12,571.1,1502.6,4438.7,217771.0,8661.9,6.5,15.088,764197.31,168586.0,760.0,122560.0,4.9,67.1,,,,,169.2,,70.262,71.652,,12.43,84.864,103.4,98.8,77883.0,86277.0,7854.0,94.5115,,
1997-06-01,0.06,582.1,1517.2,4440.2,220233.0,8689.7,6.3,14.524,767292.34,174828.0,793.0,122816.0,5.0,67.1,,,,,169.4,,70.352,71.758,,12.46,85.399,103.2,98.8,78889.0,86043.0,7867.0,94.2524,,
1997-07-01,0.06,594.7,1529.1,4473.6,222985.0,8723.1,5.8,15.568,767885.68,178860.0,805.0,123114.0,4.9,67.2,,,,,169.7,,70.394,71.807,,12.5,85.843,103.2,98.5,80099.0,87132.0,7685.0,95.1725,,
1997-08-01,0.08,610.4,1532.8,4488.6,223120.0,8768.6,5.7,16.148,769774.46,177302.0,815.0,123087.0,4.8,67.2,,,,,169.8,,70.45,71.778,,12.57,86.152,103.2,98.4,78622.0,87365.0,7762.0,96.8761,,
1997-09-01,0.06,600.5,1535.3,4501.1,224509.0,8791.5,5.9,15.096,772912.57,177835.0,840.0,123575.0,4.9,67.1,,,,,170.2,,70.62,71.927,,12.6,86.313,102.9,98.4,79287.0,88556.0,7328.0,97.2432,,
1997-10-01,0.06,604.5,1536.2,4528.4,224300.0,8834.8,5.9,15.431,777345.11,177801.0,800.0,123924.0,4.7,67.1,,,,,170.6,,70.712,72.036,,12.66,86.41,102.5,98.6,79383.0,88472.0,7731.0,97.6613,,
1997-11-01,0.06,620.7,1549.1,4518.3,223718.0,8892.2,6.1,15.825,777649.38,191187.0,864.0,124225.0,4.6,67.2,,,,,170.8,,70.716,72.058,,12.71,86.633,102.5,98.1,78300.0,88086.0,7068.0,99.3398,,
1997-12-01,0.1,626.5,1544.2,4553.7,225236.0,8944.3,6.1,16.474,784751.77,173770.0,793.0,124549.0,4.7,67.2,,,,,171.2,,70.701,72.1,,12.75,86.85,102.0,97.2,79038.0,90327.0,7061.0,102.9685,,
1998-01-01,0.08,616.9,1550.6,4555.3,225954.0,9022.9,7.0,14.789,782101.57,174288.0,872.0,124806.0,4.6,67.1,,,,,171.6,,70.736,72.21,,12.79,87.166,101.3,95.9,79008.0,89784.0,7240.0,105.8553,,
1998-02-01,0.12,624.3,1553.2,4587.3,225746.0,9081.2,7.0,15.232,785448.43,181270.0,866.0,125017.0,4.6,67.1,,,,,171.9,,70.699,72.272,,12.83,87.376,101.0,95.0,77931.0,89495.0,6738.0,104.8107,,
1998-03-01,0.14,626.1,1559.9,4608.9,226889.0,9134.4,7.1,15.405,791455.93,176886.0,836.0,125165.0,4.7,67.1,,,,,172.2,,70.71,72.349,,12.87,87.879,100.7,94.1,78812.0,91692.0,7408.0,104.5734,,
1998-04-01,0.12,640.5,1570.8,4612.9,230409.0,9164.1,6.9,15.923,799549.46,180915.0,866.0,125445.0,4.3,67.0,,,,,172.5,,70.798,72.482,,12.92,88.559,100.3,93.9,77626.0,91566.0,7548.0,104.4693,,
1998-05-01,0.2,662.6,1569.0,4633.8,230995.0,9202.0,6.6,17.057,803246.74,180634.0,887.0,125845.0,4.4,67.0,,,,,172.9,,70.895,72.552,,12.96,89.375,100.4,93.7,77147.0,91349.0,7291.0,105.2437,,
1998-06-01,0.88,659.3,1581.5,4672.6,233207.0,9254.2,6.5,16.771,812391.87,172189.0,923.0,126076.0,4.5,67.0,,,,,173.2,,70.835,72.461,,12.99,90.195,99.9,93.1,76961.0,90208.0,6710.0,107.4435,,
1998-07-01,0.68,657.4,1585.0,4677.1,231551.0,9270.0,6.6,14.668,820166.91,170459.0,876.0,126212.0,4.5,67.0,,,,,173.5,,71.01,72.665,,13.0,90.859,99.5,92.3,76149.0,90098.0,6367.0,107.7667,,
1998-08-01,0.1,673.0,1581.5,4692.8,229792.0,9299.3,6.5,14.796,822246.04,179033.0,846.0,126546.0,4.5,67.0,,,,,174.0,,71.108,72.807,,13.07,91.407,99.0,92.0,75512.0,91540.0,6361.0,109.6841,,
1998-09-01,0.14,688.8,1589.6,4718.5,232308.0,9325.5,6.1,16.313,828674.04,181422.0,864.0,126744.0,4.6,67.2,,,,,174.2,,71.067,72.795,,13.11,91.752,98.5,92.2,77179.0,91999.0,6276.0,108.5529,,
1998-10-01,0.1,705.8,1595.0,4717.5,236174.0,9337.5,5.9,17.131,833107.33,178527.0,893.0,126949.0,4.5,67.2,,,,,174.4,,71.223,72.937,,13.14,91.999,98.4,92.3,79351.0,94166.0,6599.0,105.8931,,
1998-11-01,0.2,706.3,1607.9,4725.1,237592.0,9374.6,6.0,16.118,837234.9,182400.0,995.0,127222.0,4.4,67.1,,,,,174.8,,71.226,72.95,,13.17,92.197,98.6,91.8,79117.0,94290.0,6579.0,105.9991,,
1998-12-01,0.12,726.9,1618.2,4743.9,240140.0,9391.7,5.5,17.409,839581.66,178424.0,949.0,127595.0,4.4,67.2,,,,,175.4,,71.298,73.076,,13.21,92.444,98.5,91.0,78382.0,93127.0,6964.0,105.2691,,
1999-01-01,0.18,652.1,1770.2,5236.0,240269.0,9444.1,6.1,16.593,846059.93,186527.0,875.0,127699.0,4.3,67.2,,,,,175.6,,71.398,73.18,,13.27,92.714,98.5,91.3,78473.0,94349.0,6493.0,105.3897,,
1999-02-01,0.18,667.4,1781.9,5239.5,243346.0,9476.2,6.0,17.097,855860.56,185546.0,848.0,128117.0,4.4,67.2,,,,,175.6,,71.358,73.155,,13.3,92.981,98.3,91.2,78212.0,96680.0,6681.0,106.7061,,
1999-03-01,0.24,672.5,1788.6,5260.7,244687.0,9484.1,5.6,16.832,865721.6,184689.0,863.0,128234.0,4.2,67.0,,,,,175.7,,71.412,73.177,,13.34,93.612,97.9,91.5,78701.0,96421.0,6717.0,107.9353,,
1999-04-01,0.2,683.0,1790.6,5288.4,246628.0,9453.0,4.7,16.929,871936.15,182993.0,918.0,128595.0,4.3,67.1,,,,,176.3,,71.757,73.365,,13.38,94.437,98.1,92.4,79530.0,97476.0,6601.0,107.271,,
1999-05-01,0.12,696.2,1800.9,5292.3,248367.0,9469.3,4.4,17.564,879768.92,185963.0,888.0,128813.0,4.2,67.1,,,,,176.5,,71.804,73.435,,13.42,95.362,98.2,93.1,79539.0,99585.0,6648.0,107.0726,,
1999-06-01,0.14,708.1,1798.7,5311.6,249329.0,9501.3,4.3,17.346,884704.58,182590.0,923.0,129084.0,4.3,67.1,,,,,176.6,,71.826,73.474,,13.47,96.365,98.2,92.9,79808.0,102700.0,6860.0,107.7011,,
1999-07-01,0.14,706.5,1792.1,5335.8,251263.0,9519.0,4.4,17.688,891382.22,189083.0,900.0,129422.0,4.3,67.1,,,,,177.1,,72.017,73.606,,13.51,97.194,98.1,93.8,81122.0,104221.0,7055.0,107.8354,,
1999-08-01,0.16,713.1,1806.3,5355.6,253844.0,9559.1,4.3,17.641,899697.68,189414.0,893.0,129572.0,4.2,67.0,,,,,177.3,,72.148,73.642,,13.53,97.898,98.4,94.8,82645.0,105271.0,7046.0,106.872,,
1999-09-01,0.4,717.8,1816.8,5377.1,255029.0,9546.7,3.7,17.662,904172.7,188910.0,826.0,129771.0,4.2,67.0,,,,,177.8,,72.407,73.837,,13.61,98.4,98.5,95.8,83727.0,106426.0,6995.0,106.185,,
1999-10-01,0.06,712.2,1818.8,5402.0,254816.0,9598.7,4.0,17.684,909140.29,194547.0,872.0,130178.0,4.1,67.0,,,,,178.1,,72.529,73.963,,13.64,98.832,98.8,96.0,83942.0,107315.0,6829.0,105.77,,
1999-11-01,0.06,716.5,1828.2,5425.2,258133.0,9660.9,4.1,17.62,915232.59,186597.0,863.0,130466.0,4.1,67.1,,,,,178.4,,72.594,74.034,,13.66,99.149,99.0,96.7,84633.0,109759.0,6698.0,106.0137,,
1999-12-01,0.08,734.3,1878.5,5455.2,263311.0,9735.9,3.7,18.322,920409.49,196344.0,873.0,130783.0,4.0,67.1,,,,,178.7,,72.763,74.128,,13.7,99.543,99.0,97.4,86192.0,112131.0,6635.0,106.0845,,
2000-01-01,0.18,750.2,1807.3,5476.5,261545.0,9799.9,4.5,18.635,923673.63,201360.0,873.0,131011.0,4.0,67.3,,,,,179.3,,72.961,74.306,,13.74,100.0,99.2,97.8,86001.0,113133.0,6228.0,105.8244,,
2000-02-01,0.14,770.5,1820.9,5512.4,265686.0,9837.9,4.0,19.401,931852.73,183911.0,856.0,131120.0,4.1,67.3,,,,,179.4,,73.191,74.415,,13.8,100.571,99.6,99.7,86540.0,116334.0,6420.0,107.1401,,
2000-03-01,0.1,763.0,1848.9,5543.5,269019.0,9864.0,3.8,18.343,938939.72,192130.0,900.0,131604.0,4.0,67.3,,,,,180.0,,73.505,74.568,,13.85,101.466,100.0,99.9,88115.0,118672.0,6769.0,107.1637,,
2000-04-01,0.16,745.3,1857.2,5552.5,264067.0,9913.7,4.3,17.939,944791.8,195044.0,841.0,131884.0,3.8,67.3,,,,,180.3,,73.444,74.617,,13.89,102.54,100.0,98.5,89359.0,117957.0,7074.0,107.8077,,
2000-05-01,0.38,750.5,1865.1,5576.1,265992.0,9954.5,4.3,17.943,951650.78,188606.0,857.0,132105.0,4.0,67.1,,,,,180.7,,73.505,74.697,,13.93,103.701,100.2,98.8,88958.0,118123.0,6718.0,110.265,,
2000-06-01,0.66,745.6,1863.9,5603.3,267750.0,9982.3,4.3,17.596,970389.49,219745.0,793.0,132063.0,4.0,67.1,,,,,181.1,,73.754,74.754,,13.98,104.856,100.1,100.2,91635.0,122040.0,6861.0,109.1509,,
2000-07-01,0.98,746.2,1862.4,5608.8,265683.0,10035.9,4.7,17.316,982824.43,189265.0,887.0,132228.0,4.0,66.9,,,,,181.5,,73.939,74.925,,14.02,105.723,100.0,100.2,91195.0,122447.0,6276.0,109.2954,,
2000-08-01,1.38,756.9,1873.1,5627.0,266885.0,10098.3,4.8,17.531,995593.51,188730.0,848.0,132234.0,4.1,66.9,,,,,181.9,,73.934,75.021,,14.07,106.523,99.8,100.4,93112.0,123043.0,6107.0,110.0757,,
2000-09-01,1.68,776.5,1887.4,5651.8,270523.0,10110.3,4.1,18.654,1007004.0,199947.0,912.0,132337.0,3.9,66.9,,,,,182.3,,74.252,75.203,,14.13,107.137,100.4,101.6,92896.0,126230.0,5855.0,111.3997,,
2000-10-01,4.58,769.0,1888.3,5658.5,270339.0,10139.2,4.3,17.514,1016651.17,186158.0,933.0,132352.0,3.9,66.8,,,,,182.6,,74.353,75.308,,14.17,107.729,100.3,101.2,92177.0,125555.0,6145.0,113.0509,,
2000-11-01,6.1,762.8,1885.1,5678.4,268850.0,10143.5,4.3,16.634,1026949.8,189392.0,880.0,132556.0,3.9,66.9,,,,,183.1,,74.457,75.441,,14.23,108.292,100.3,101.2,91919.0,124642.0,6132.0,113.9958,,
2000-12-01,10.16,763.5,1903.6,5702.7,268338.0,10164.3,4.1,16.222,1034323.35,188659.0,983.0,132716.0,3.9,67.0,3.7,4.1,3.9,,183.3,,74.571,75.515,,14.29,108.793,100.1,100.5,91055.0,124475.0,6513.0,112.9076,,
2001-01-01,16.52,766.5,1892.7,5709.1,272881.0,10211.7,4.5,17.652,1043090.18,177056.0,936.0,132703.0,4.2,67.2,3.8,4.3,4.4,,183.9,,74.932,75.796,,14.29,109.216,100.3,100.5,90796.0,125997.0,5552.0,112.7233,,
2001-02-01,21.04,787.9,1880.9,5701.8,272627.0,10223.4,4.6,17.826,1050719.51,180276.0,963.0,132788.0,4.2,67.1,3.7,4.0,3.9,,184.4,,75.048,75.93,,14.36,109.643,100.2,99.9,91101.0,120401.0,6004.0,113.4464,,
2001-03-01,25.16,778.7,1869.5,5717.8,269820.0,10254.4,4.9,17.248,1057981.07,182209.0,939.0,132751.0,4.3,67.2,3.5,4.2,4.2,,184.7,,75.055,76.009,,14.42,110.395,100.0,98.3,89251.0,122063.0,5729.0,115.2774,,
2001-04-01,28.68,765.7,1889.3,5717.7,274410.0,10233.1,4.8,16.872,1065651.31,171850.0,909.0,132458.0,4.4,66.9,3.4,3.9,4.1,,185.1,,75.187,76.13,,14.44,111.248,99.9,97.8,87903.0,118424.0,5584.0,116.0268,,
2001-05-01,27.82,775.2,1900.0,5727.1,275769.0,10214.7,4.3,16.876,1071586.95,177749.0,885.0,132408.0,4.3,66.7,3.2,4.1,4.1,,185.3,,75.385,76.148,,14.5,112.203,99.6,98.0,88476.0,115572.0,5535.0,115.842,,
2001-06-01,28.78,790.2,1880.2,5726.4,274474.0,10218.1,4.2,17.464,1080365.55,176350.0,882.0,132300.0,4.5,66.7,3.2,3.9,4.0,,186.0,,75.518,76.318,,14.54,113.273,99.4,97.6,85938.0,115089.0,5679.0,116.5319,,
2001-07-01,27.72,782.0,1901.5,5733.9,273098.0,10370.7,5.4,16.463,1089460.56,170129.0,880.0,132172.0,4.6,66.8,3.3,4.0,4.1,,186.4,,75.493,76.515,,14.55,114.229,99.0,96.1,83202.0,113104.0,5273.0,116.9148,,
2001-08-01,25.16,800.7,1906.6,5747.6,275659.0,10543.1,6.5,16.348,1099667.7,170484.0,866.0,132021.0,4.9,66.5,3.0,4.0,4.1,,186.7,,75.484,76.553,,14.6,114.99,98.8,96.0,83882.0,111975.0,5297.0,115.1055,,
2001-09-01,24.96,775.1,1887.7,5719.6,268652.0,10452.8,6.9,16.365,1106989.75,164123.0,853.0,131763.0,5.0,66.8,3.0,3.8,3.9,,187.1,,75.227,76.118,,14.62,115.466,99.0,95.9,79509.0,109726.0,5121.0,115.5005,,
2001-10-01,17.58,883.5,1910.0,5749.6,288632.0,10267.7,2.9,22.055,1124431.74,171530.0,871.0,131452.0,5.3,66.7,2.7,3.9,4.2,,187.4,,75.492,76.654,,14.66,115.681,98.3,93.7,79062.0,109650.0,4496.0,116.216,,
2001-11-01,13.4,852.5,1914.2,5746.0,280033.0,10279.7,3.4,18.031,1145184.05,163811.0,924.0,131144.0,5.5,66.7,2.8,3.7,3.9,,188.1,,75.441,76.81,,14.72,115.838,97.8,92.3,78446.0,108449.0,3993.0,116.7357,,
2001-12-01,6.0,818.3,1919.8,5774.9,276302.0,10298.9,3.7,16.465,1153012.14,165304.0,979.0,130983.0,5.7,66.7,2.7,3.7,3.7,,188.4,,75.363,76.828,,14.74,116.054,97.6,91.4,77800.0,105288.0,3733.0,116.7857,,
2002-01-01,2.5,797.9,2147.4,6106.6,277135.0,10514.7,5.6,16.523,1152637.2,163324.0,880.0,130859.0,5.7,66.5,2.7,3.7,3.9,,188.7,,75.431,76.871,,14.76,116.436,97.5,91.6,79260.0,108938.0,4129.0,118.1345,,
2002-02-01,1.5,813.1,2148.9,6118.5,278869.0,10531.6,5.4,17.304,1167083.27,172406.0,948.0,130737.0,5.7,66.8,2.6,3.7,3.8,,189.1,,75.558,77.018,,14.78,116.917,97.3,91.6,79264.0,111764.0,3719.0,118.6963,,
2002-03-01,0.7,807.4,2148.3,6126.4,278079.0,10539.0,5.5,17.107,1174734.29,167853.0,923.0,130722.0,5.7,66.6,2.7,3.6,3.6,,189.2,,75.763,77.11,,14.82,117.93,97.6,92.8,80344.0,111506.0,4939.0,117.9865,,
2002-04-01,0.46,830.1,2141.5,6148.0,281147.0,10574.2,5.4,17.668,1178730.28,171852.0,936.0,130616.0,5.9,66.7,2.6,3.8,3.8,,189.7,,76.08,77.325,,14.84,119.209,98.0,94.3,82072.0,116037.0,4683.0,117.6468,,
2002-05-01,0.3,798.3,2143.8,6159.0,278966.0,10616.5,6.1,16.197,1186249.89,171854.0,978.0,130632.0,5.8,66.7,2.6,3.7,3.7,,190.0,,76.13,77.411,,14.88,120.789,98.0,94.4,82427.0,116453.0,5186.0,116.1576,,
2002-06-01,0.34,805.1,2163.7,6160.9,280426.0,10648.2,6.1,16.953,1194367.6,166070.0,957.0,130674.0,5.8,66.6,2.5,3.7,3.7,,190.2,,76.225,77.534,,14.93,122.334,98.0,94.1,83563.0,118296.0,4944.0,114.7797,,
2002-07-01,1.0,834.2,2158.5,6183.7,284161.0,10621.0,5.3,18.147,1202946.94,174282.0,956.0,130584.0,5.8,66.5,2.5,3.8,3.9,,190.5,,76.393,77.692,,14.97,123.688,98.3,94.5,83724.0,117637.0,4779.0,113.1498,,
2002-08-01,0.66,850.7,2151.0,6179.1,285884.0,10623.0,5.2,18.449,1207010.64,177126.0,1014.0,130581.0,5.7,66.6,2.6,3.7,3.7,,191.1,,76.543,77.845,,15.02,124.731,98.5,94.8,83689.0,120075.0,4751.0,114.4626,,
2002-09-01,0.62,821.5,2150.4,6180.3,281064.0,10633.6,5.8,16.665,1207325.03,166838.0,1044.0,130502.0,5.7,66.7,2.5,3.7,3.8,,191.3,,76.681,77.972,,15.05,125.495,98.8,95.5,83487.0,119575.0,5088.0,115.2452,,
2002-10-01,0.54,811.2,2169.8,6216.1,282940.0,10661.8,5.6,16.259,1209211.73,169134.0,1006.0,130617.0,5.7,66.6,2.6,3.7,3.6,,191.5,,76.821,78.038,,15.12,126.138,98.7,95.5,82767.0,117862.0,4393.0,116.0966,,
2002-11-01,0.46,821.4,2182.4,6215.4,283408.0,10690.9,5.6,16.52,1215272.9,170023.0,1024.0,130616.0,5.9,66.4,2.6,3.7,3.6,,191.9,,76.897,78.114,,15.15,126.644,98.8,94.6,83919.0,123435.0,4285.0,114.9523,,
2002-12-01,0.98,851.0,2185.0,6230.2,286646.0,10719.9,5.3,17.866,1221164.76,163962.0,1048.0,130465.0,6.0,66.3,2.4,3.7,3.8,,192.1,,76.971,78.187,,15.2,127.152,98.6,95.2,81578.0,125186.0,3682.0,114.3151,,
2003-01-01,0.38,833.2,2191.0,6250.0,288657.0,10710.4,5.3,16.708,1227771.91,169994.0,999.0,130573.0,5.8,66.4,2.6,3.9,3.8,,192.4,,77.201,78.24,,15.21,127.653,98.9,96.9,82513.0,123668.0,3526.0,112.8987,,
2003-02-01,0.8,813.4,2193.9,6245.6,284696.0,10674.0,5.2,16.114,1234804.35,174113.0,936.0,130441.0,5.9,66.4,2.4,3.6,3.7,,192.5,,77.526,78.348,,15.28,128.327,99.5,98.5,83094.0,123176.0,3372.0,112.7295,,
2003-03-01,0.72,839.3,2205.1,6251.1,288177.0,10696.5,4.9,16.467,1241552.94,172245.0,999.0,130235.0,5.9,66.3,2.3,3.4,3.6,,192.5,,77.725,78.474,,15.27,129.308,99.7,99.1,83157.0,126963.0,3279.0,112.2184,,
2003-04-01,0.68,858.1,2206.8,6266.9,289053.0,10752.7,5.0,16.751,1253347.35,169347.0,1012.0,130173.0,6.0,66.4,2.3,3.5,3.6,,192.5,,77.593,78.561,,15.28,130.488,99.6,96.0,82565.0,124602.0,3629.0,111.2682,,
2003-05-01,0.36,865.1,2203.1,6291.0,289619.0,10832.0,5.3,16.47,1263797.77,171542.0,1078.0,130197.0,6.1,66.4,2.5,3.6,3.6,,192.9,,77.504,78.674,,15.33,131.839,99.7,95.3,82630.0,123675.0,4063.0,107.345,,
2003-06-01,0.34,875.6,2232.9,6298.9,293671.0,10860.6,5.1,17.013,1269453.53,173507.0,1193.0,130186.0,6.3,66.5,2.5,3.6,3.6,,193.0,,77.588,78.718,,15.36,133.225,99.5,96.2,85174.0,124869.0,4200.0,106.7452,,
2003-07-01,0.26,886.5,2240.0,6320.0,296207.0,10991.1,5.9,17.117,1275675.74,173320.0,1168.0,130184.0,6.2,66.2,2.2,3.6,3.6,,193.4,,77.816,78.915,,15.4,134.647,99.4,96.7,85943.0,127265.0,3620.0,107.9037,,
2003-08-01,0.34,920.4,2264.6,6333.8,299592.0,11066.7,5.7,18.262,1282799.94,173044.0,1206.0,130153.0,6.1,66.1,2.4,3.6,3.6,,193.6,,78.079,79.004,,15.42,135.966,99.4,96.7,84906.0,124797.0,3719.0,109.2663,,
2003-09-01,0.18,907.0,2260.9,6327.9,298921.0,10940.8,4.9,17.286,1291048.87,178690.0,1131.0,130252.0,6.1,66.1,2.3,3.7,3.6,,193.7,,78.323,79.114,,15.42,137.077,99.8,96.2,86968.0,128811.0,3769.0,108.0835,,
2003-10-01,0.2,905.9,2257.2,6348.8,298205.0,10982.3,5.0,16.489,1299959.91,183704.0,1144.0,130439.0,6.0,66.1,2.5,3.8,3.6,,194.0,,78.333,79.26,,15.42,137.977,100.0,96.3,88890.0,130279.0,3982.0,105.7655,,
2003-11-01,0.18,923.5,2276.8,6361.4,299433.0,11048.4,5.0,17.563,1301392.17,181685.0,1093.0,130480.0,5.8,66.1,2.5,3.7,3.6,,194.0,,78.432,79.368,,15.46,138.766,100.5,96.8,91323.0,131220.0,4126.0,105.6047,,
2003-12-01,0.3,923.6,2270.3,6380.4,300702.0,11057.2,5.0,17.357,1309102.38,181513.0,1129.0,130589.0,5.7,65.9,2.5,3.8,3.7,,194.2,,78.605,79.467,,15.47,139.629,100.8,97.5,91023.0,135103.0,4116.0,104.1101,,
2004-01-01,0.24,919.8,2287.9,6401.2,301993.0,11051.2,4.6,16.695,1317570.54,178696.0,1165.0,130756.0,5.7,66.1,2.6,3.7,3.6,,194.6,,78.909,79.671,,15.51,140.706,101.5,99.0,90564.0,135209.0,4222.0,102.3249,,
2004-02-01,0.14,934.3,2266.7,6421.3,303915.0,11071.0,4.6,17.032,1322978.09,181662.0,1159.0,130821.0,5.6,66.0,2.6,3.7,3.6,,194.9,,79.077,79.8,,15.53,142.028,102.2,99.4,94131.0,138683.0,4475.0,102.7319,,
2004-03-01,0.12,947.0,2301.9,6426.3,309471.0,11115.6,4.5,17.247,1331627.84,190869.0,1276.0,131140.0,5.8,66.0,2.6,4.0,3.8,,195.5,,79.199,79.934,,15.56,144.08,103.0,100.2,96707.0,143461.0,4789.0,103.8024,,
2004-04-01,0.12,932.2,2294.5,6446.3,307358.0,11153.3,4.9,16.898,1337161.36,184368.0,1186.0,131412.0,5.6,65.9,2.6,3.9,3.7,,195.9,,79.346,80.142,,15.59,146.18,103.7,100.4,96398.0,143681.0,4899.0,104.6672,,
2004-05-01,0.12,958.9,2300.6,6455.7,311088.0,11208.9,4.8,18.186,1342750.5,183459.0,1241.0,131697.0,5.6,66.0,2.7,3.8,3.6,,196.2,,79.604,80.252,,15.63,148.335,104.1,101.9,98197.0,145750.0,5007.0,106.3754,,
2004-06-01,0.92,917.4,2289.0,6473.2,309127.0,11215.8,5.4,16.173,1348258.19,185640.0,1180.0,131794.0,5.6,66.1,2.5,3.8,3.7,,196.6,,79.831,80.379,,15.67,150.519,103.4,101.7,95773.0,149941.0,4771.0,105.2867,,
2004-07-01,0.24,949.8,2297.9,6507.1,311681.0,11240.5,4.7,17.309,1351005.83,186835.0,1088.0,131854.0,5.5,66.1,2.8,3.7,3.7,,196.8,,79.905,80.474,,15.69,152.338,103.9,102.1,96907.0,148513.0,4498.0,104.4631,,
2004-08-01,0.18,956.6,2312.1,6521.2,311192.0,11274.6,4.7,17.157,1356423.46,183728.0,1175.0,131939.0,5.4,66.0,2.6,3.8,3.7,,196.9,,79.946,80.505,,15.73,153.815,103.4,103.6,97295.0,150943.0,3287.0,104.5979,,
2004-09-01,0.18,974.4,2323.4,6550.8,317446.0,11279.6,4.1,17.875,1366512.48,188444.0,1214.0,132089.0,5.4,65.8,2.8,3.8,3.7,,197.5,,80.104,80.656,,15.78,155.108,103.8,104.1,98782.0,150468.0,4210.0,104.2104,,
2004-10-01,0.12,971.5,2330.2,6572.3,318476.0,11282.5,3.9,17.514,1380022.85,185187.0,1305.0,132429.0,5.5,65.9,2.9,3.9,3.6,,197.9,,80.448,80.831,,15.81,156.298,104.4,105.8,100494.0,155552.0,4504.0,102.5962,,
2004-11-01,0.2,972.2,2329.7,6590.2,320520.0,11246.1,3.4,17.362,1386561.38,192545.0,1179.0,132503.0,5.4,66.0,2.6,3.9,3.9,,198.3,,80.758,81.005,,15.84,157.496,104.7,105.5,100090.0,159058.0,4529.0,99.8157,,
2004-12-01,0.08,991.7,2344.2,6616.1,324672.0,11659.0,6.2,18.102,1392693.99,193578.0,1242.0,132630.0,5.4,65.9,3.0,3.9,3.7,,198.6,,80.801,81.109,,15.86,158.67,104.8,104.0,102781.0,157699.0,4737.0,98.7194,,
2005-01-01,0.06,970.0,2361.1,6608.0,321272.0,11226.5,2.7,16.889,1392141.86,194875.0,1203.0,132781.0,5.3,65.8,2.8,3.9,3.8,,199.0,,80.907,81.401,,15.9,160.131,105.6,104.6,103206.0,159395.0,4993.0,99.3418,,
2005-02-01,0.12,986.2,2362.0,6630.2,325308.0,11229.0,2.3,16.886,1407451.42,196475.0,1319.0,133034.0,5.4,65.9,2.9,4.0,3.8,,199.4,,81.132,81.536,,15.93,161.926,105.7,105.5,104010.0,162104.0,5352.0,99.5697,,
2005-03-01,0.42,993.1,2346.8,6651.8,326179.0,11268.8,2.5,17.413,1415559.22,186608.0,1328.0,133154.0,5.2,65.9,2.9,4.0,3.9,,200.1,,81.375,81.737,,15.97,164.578,106.4,107.8,105097.0,158231.0,5815.0,98.903,,
2005-04-01,0.18,1013.7,2370.7,6667.7,329124.0,11304.2,2.1,17.756,1421976.98,194847.0,1260.0,133520.0,5.2,66.1,3.0,4.0,3.7,,200.2,,81.603,81.831,,16.01,167.001,106.9,108.8,107268.0,164580.0,5309.0,99.806,,
2005-05-01,0.22,988.3,2371.5,6687.1,327233.0,11352.7,2.6,17.414,1423459.97,206623.0,1286.0,133689.0,5.1,66.1,2.8,3.9,3.8,,200.5,,81.649,81.999,,16.04,169.546,106.7,107.9,107080.0,163119.0,5646.0,100.3656,,
2005-06-01,0.24,1025.9,2383.5,6715.9,337219.0,11375.5,2.0,18.482,1433651.78,210020.0,1274.0,133948.0,5.0,66.1,2.9,4.0,3.8,,200.6,,81.7,82.056,,16.08,172.017,106.7,109.2,107033.0,165185.0,5449.0,101.3319,,
2005-07-01,0.92,1071.9,2383.6,6729.5,339529.0,11387.1,1.4,21.135,1442322.48,194475.0,1389.0,134300.0,5.0,66.1,3.1,4.0,3.7,,200.9,,82.046,82.176,,16.15,174.099,106.8,110.5,107082.0,165382.0,5042.0,101.7665,,
2005-08-01,2.48,1019.5,2394.8,6741.6,335605.0,11405.3,2.0,17.418,1449202.47,204839.0,1255.0,134502.0,4.9,66.2,3.0,4.0,3.9,,201.1,,82.377,82.243,,16.17,175.925,106.6,112.1,108475.0,167220.0,5184.0,100.4173,,
2005-09-01,10.84,995.7,2374.0,6752.6,336600.0,11365.2,2.0,16.927,1451981.53,203997.0,1244.0,134552.0,5.0,66.1,3.1,4.1,4.0,,201.3,,83.172,82.425,,16.19,177.613,107.5,114.4,107156.0,172039.0,5647.0,100.2415,,
2005-10-01,0.24,983.9,2422.2,6748.0,336753.0,11428.7,2.3,15.336,1455760.47,209901.0,1336.0,134641.0,5.0,66.1,3.0,3.8,3.7,,202.0,,83.305,82.662,,16.28,178.755,108.3,114.5,109813.0,177078.0,5914.0,101.2591,,
2005-11-01,0.08,999.6,2412.2,6768.1,339719.0,11500.1,2.6,16.524,1457783.19,220733.0,1214.0,134997.0,5.0,66.0,3.1,4.0,3.7,,202.5,,83.131,82.873,,16.3,179.677,107.6,112.3,111462.0,175321.0,5962.0,102.032,,
2005-12-01,0.2,1011.1,2418.0,6788.2,339895.0,11535.2,2.5,17.174,1461409.78,221499.0,1239.0,135159.0,4.9,66.0,3.1,3.9,3.8,,202.8,,83.131,82.959,,16.36,180.11,107.7,112.3,113822.0,178390.0,5948.0,101.3296,,
2006-01-01,0.18,1047.6,2437.8,6776.3,349664.0,11651.8,3.0,18.081,1487893.96,209540.0,1174.0,135427.0,4.7,66.0,3.1,3.9,3.7,,203.2,,83.534,83.145,,16.42,180.829,108.5,113.7,115831.0,182797.0,5904.0,100.0,,
2006-02-01,0.2,1028.1,2453.2,6808.4,347021.0,11702.8,3.2,17.071,1489687.58,219738.0,1061.0,135733.0,4.8,66.1,3.1,4.0,3.9,,203.6,,83.584,83.279,,16.48,181.5,108.6,112.8,116871.0,179179.0,5185.0,100.2112,,
2006-03-01,0.16,1037.9,2435.9,6834.5,348357.0,11747.5,3.3,16.96,1497564.31,227188.0,1116.0,136038.0,4.7,66.2,3.4,4.1,3.9,34.2,204.3,,83.746,83.509,20.04,16.54,182.749,108.8,112.7,118820.0,181217.0,5620.0,100.4281,,23.929501110500798
2006-04-01,0.26,1037.8,2449.4,6840.2,350072.0,11744.4,3.1,17.127,1504153.67,214625.0,1123.0,136210.0,4.7,66.1,3.4,3.8,3.7,34.3,204.8,,84.135,83.764,20.17,16.63,183.648,109.6,115.1,119611.0,182214.0,6105.0,99.7435,,23.97337612170916
2006-05-01,0.32,1035.6,2445.9,6864.0,348889.0,11736.8,2.9,16.729,1507690.12,215819.0,1086.0,136249.0,4.6,66.1,3.2,4.0,4.0,34.3,205.4,,84.361,83.974,20.13,16.65,184.38,110.4,117.2,121155.0,185973.0,6465.0,97.5118,,23.861737058593423
2006-06-01,0.24,1041.5,2446.4,6861.9,350795.0,11751.9,2.9,16.9,1498329.88,221220.0,1074.0,136337.0,4.6,66.2,3.3,4.0,3.9,34.4,205.9,,84.569,84.186,20.22,16.72,184.547,111.2,117.3,122726.0,186525.0,5929.0,98.6927,,23.909470373304636
2006-07-01,0.26,1058.7,2463.0,6883.6,351916.0,11746.9,2.3,17.662,1504422.61,209494.0,965.0,136529.0,4.7,66.1,3.1,4.1,3.9,34.3,206.3,,84.858,84.268,20.29,16.78,184.608,111.6,118.2,120430.0,187339.0,5778.0,98.4387,,23.910532890240166
2006-08-01,0.12,1038.2,2453.6,6883.2,353285.0,11737.0,2.5,16.458,1511807.75,210473.0,1035.0,136692.0,4.7,66.2,3.3,3.9,3.8,34.3,206.8,,85.125,84.44,20.32,16.82,184.405,112.1,118.8,122780.0,191057.0,5938.0,97.7138,,23.87077826725404
2006-09-01,0.18,1062.5,2467.1,6905.1,351240.0,11800.1,2.4,16.974,1518998.89,234701.0,1016.0,136826.0,4.5,66.1,3.3,3.9,3.7,34.4,207.2,,84.902,84.573,20.4,16.87,184.198,111.7,116.2,124051.0,189146.0,6184.0,97.9814,,24.02770252762008
2006-10-01,0.16,1064.4,2487.3,6929.3,351035.0,11853.7,2.4,16.865,1517785.34,216952.0,941.0,136843.0,4.4,66.2,3.2,3.9,3.9,34.3,207.6,,84.702,84.726,20.42,16.93,184.054,111.4,113.3,125533.0,185071.0,6415.0,98.3156,,24.108049396708463
2006-11-01,0.12,1063.3,2482.6,6938.8,352116.0,11901.9,2.7,16.657,1523402.89,224809.0,1003.0,137060.0,4.5,66.3,3.3,4.0,3.9,34.3,207.8,,84.731,84.766,20.49,16.98,183.631,111.8,113.8,127388.0,186327.0,6857.0,97.5133,,24.18241257627079
2006-12-01,0.1,1076.4,2516.6,6951.9,356367.0,11958.6,2.6,17.107,1532838.92,229243.0,998.0,137249.0,4.4,66.4,3.3,3.8,3.7,34.5,208.1,,85.032,84.88,20.58,17.05,183.228,112.5,115.1,128795.0,190677.0,7377.0,96.7951,,24.202653118825854
2007-01-01,0.44,972.7,2437.5,7776.3,355792.0,11956.6,2.4,16.896,1530316.12,222969.0,891.0,137472.0,4.6,66.4,3.3,3.9,3.8,34.3,208.6,,85.316,85.224,20.59,17.09,182.717,113.0,113.7,130648.0,188662.0,7762.0,97.8338,,24.13380842983731
2007-02-01,0.22,965.9,2430.1,7791.7,356545.0,11996.0,2.8,17.169,1536694.12,220962.0,828.0,137560.0,4.5,66.3,3.3,3.8,3.7,34.3,209.135,,85.581,85.408,20.68,17.16,182.469,113.9,114.1,129481.0,187960.0,7901.0,97.4764,,24.164242063074745
2007-03-01,0.18,971.2,2437.4,7789.0,359415.0,12035.1,3.0,16.438,1545969.6,229526.0,833.0,137784.0,4.4,66.2,3.5,4.0,3.8,34.4,209.418,,85.894,85.494,20.72,17.22,182.191,114.7,115.9,133836.0,196019.0,8461.0,97.0118,,24.122755955014316
2007-04-01,0.28,975.8,2427.0,7805.0,358562.0,12052.8,3.0,16.615,1552343.26,233420.0,887.0,137847.0,4.5,65.9,3.3,3.9,3.8,34.4,209.747,,86.096,85.616,20.79,17.27,182.129,115.2,117.5,133351.0,193845.0,8175.0,95.6322,,24.14746329678498
2007-05-01,0.56,990.3,2429.0,7798.6,363085.0,12059.9,2.8,16.661,1559390.02,228836.0,842.0,137992.0,4.4,66.0,3.3,4.0,3.8,34.4,210.058,,86.346,85.717,20.84,17.34,181.882,115.5,118.6,135835.0,195407.0,8323.0,94.7225,,24.13545502976397
2007-06-01,0.8,974.1,2433.6,7818.2,360234.0,12053.3,2.7,16.179,1565195.95,228868.0,793.0,138070.0,4.6,66.0,3.4,3.8,3.7,34.5,210.392,,86.529,85.859,20.95,17.41,181.539,116.0,120.0,137312.0,197309.0,8738.0,94.4449,,24.211536016826727
2007-07-01,1.26,979.3,2447.0,7832.1,361770.0,12066.4,2.6,15.837,1575345.36,233176.0,778.0,138044.0,4.7,66.0,3.2,3.8,3.8,34.4,210.773,,86.661,85.988,20.94,17.46,180.992,116.1,121.5,138545.0,198792.0,8951.0,93.2059,,24.163118357738778
2007-08-01,1.16,993.6,2430.1,7880.3,363676.0,12070.9,2.2,16.379,1584541.45,235758.0,699.0,138013.0,4.6,65.8,3.2,3.9,3.9,34.4,211.119,,86.72,86.116,21.0,17.5,180.234,116.3,121.1,141518.0,198733.0,9846.0,93.7603,,24.21586715867159
2007-09-01,1.32,1003.4,2435.4,7870.4,365178.0,12089.6,2.3,16.532,1591495.59,226473.0,686.0,138099.0,4.7,66.0,3.3,3.9,3.8,34.4,211.554,,87.054,86.351,21.04,17.55,179.121,116.7,121.8,142070.0,200228.0,9555.0,92.4366,,24.168906655639027
2007-10-01,2.24,1008.8,2427.1,7881.4,367322.0,12080.4,2.2,16.455,1599473.18,230700.0,727.0,138175.0,4.7,65.8,3.2,3.9,3.8,34.3,212.077,,87.318,86.576,21.06,17.58,177.53,117.6,123.6,144525.0,202191.0,10633.0,90.4002,,24.11873840445269
2007-11-01,3.28,1000.8,2439.1,7905.2,370776.0,12070.1,1.9,16.354,1603084.02,227005.0,641.0,138290.0,4.7,66.0,3.3,3.7,3.7,34.4,212.66,,87.781,86.746,21.12,17.63,175.162,118.7,127.5,146264.0,206947.0,11058.0,89.053,,24.059876283022522
2007-12-01,9.28,988.9,2440.3,7913.7,366569.0,12120.5,2.4,16.03,1607851.24,244443.0,619.0,138395.0,5.0,66.0,3.2,3.7,3.6,34.4,213.168,,87.984,86.92,21.16,17.68,173.337,119.3,127.3,147429.0,205719.0,10794.0,90.005,,24.049827241316603
2008-01-01,22.48,978.6,2425.2,7943.8,367368.0,12137.1,2.6,15.705,1611393.19,239389.0,627.0,138391.0,5.0,66.2,3.2,3.7,3.7,34.4,213.771,,88.206,87.093,21.19,17.74,171.076,120.7,129.2,151094.0,212433.0,10311.0,89.3971,,24.023309071945217
2008-02-01,47.08,963.4,2401.5,7950.6,364126.0,12141.8,3.0,15.491,1619551.97,235037.0,593.0,138329.0,4.9,66.0,3.0,3.7,3.8,34.4,213.939,,88.382,87.178,21.27,17.8,169.189,121.8,129.5,153660.0,217885.0,9885.0,88.6434,,24.065986286800477
2008-03-01,62.52,959.7,2423.2,7961.7,365164.0,12145.9,2.9,15.114,1628831.64,234868.0,535.0,138259.0,5.1,66.1,3.0,3.6,3.6,34.4,214.42,,88.635,87.349,21.36,17.87,167.9,123.8,133.5,152900.0,213100.0,10718.0,86.8399,,24.098832289727532
2008-04-01,74.96,959.7,2421.7,7983.0,364816.0,12100.8,2.4,14.605,1635711.27,231086.0,536.0,138040.0,5.0,65.9,2.8,3.6,3.7,34.4,214.56,,88.799,87.4,21.38,17.92,167.317,124.4,137.3,157362.0,221095.0,10582.0,86.5475,,24.07684771224901
2008-05-01,81.78,966.0,2424.8,7993.2,368255.0,12696.2,6.8,14.697,1640556.19,227370.0,504.0,137851.0,5.4,66.1,3.0,3.4,3.5,34.4,214.936,,89.18,87.559,21.47,17.98,167.014,124.8,141.2,159082.0,221392.0,11558.0,86.8245,,24.074904687149584
2008-06-01,86.66,955.3,2414.7,7997.6,368926.0,12376.6,4.6,14.377,1643087.46,229262.0,487.0,137700.0,5.6,66.1,2.7,3.6,3.7,34.3,215.424,,89.827,87.76,21.52,18.04,166.533,126.1,145.5,164073.0,224962.0,11397.0,87.0728,,23.957162100482037
2008-07-01,94.84,929.2,2403.4,7988.8,367594.0,12188.7,3.6,13.006,1646957.35,220411.0,477.0,137497.0,5.8,66.1,2.7,3.4,3.5,34.3,215.965,,90.245,87.918,21.6,18.1,165.711,128.0,147.5,166232.0,233221.0,10639.0,86.4538,,23.934844035680648
2008-08-01,99.4,943.4,2397.1,7974.8,364611.0,12120.6,3.1,14.119,1644807.26,214106.0,435.0,137211.0,6.1,66.1,2.6,3.4,3.6,34.3,216.393,,90.172,88.026,21.7,18.18,164.276,125.9,143.0,163335.0,225729.0,9146.0,88.945,,24.065119992902453
2008-09-01,99.74,911.1,2354.7,7988.9,358991.0,12149.0,3.9,12.961,1644828.19,215245.0,433.0,136760.0,6.1,66.0,2.3,3.3,3.6,34.2,216.713,,90.247,88.116,21.73,18.2,161.911,124.9,137.8,154611.0,214904.0,10163.0,91.2651,,24.078362715658137
2008-10-01,89.36,872.3,2368.2,8008.8,346137.0,12240.5,4.9,10.933,1644268.17,191912.0,393.0,136291.0,6.5,66.0,2.4,3.3,3.6,34.3,216.788,,89.651,87.991,21.76,18.25,159.161,122.3,129.6,151854.0,212733.0,9259.0,98.04,,24.271898807598358
2008-11-01,99.6,854.9,2368.5,7996.5,332498.0,12345.9,6.0,10.526,1640999.33,181552.0,389.0,135541.0,6.8,65.9,2.3,3.0,3.6,34.1,216.947,,88.593,87.952,21.86,18.31,156.07,118.4,120.0,142973.0,188105.0,8469.0,100.7667,,24.674635693564955
2008-12-01,99.76,851.6,2350.2,7986.3,324767.0,12288.8,5.8,10.383,1639791.92,173849.0,377.0,134847.0,7.3,65.8,2.3,3.2,3.6,33.9,216.925,,88.098,87.909,21.95,18.39,152.544,115.8,114.5,132410.0,176377.0,8016.0,99.6622,,24.915435083656835
2009-01-01,99.74,876.3,2370.0,7983.8,329787.0,12361.5,5.9,9.786,1639813.61,151085.0,336.0,134079.0,7.8,65.7,2.0,3.1,3.6,34.0,217.346,,88.108,87.882,21.96,18.39,149.361,116.6,113.0,125858.0,165201.0,7822.0,100.3521,,24.92395696191038
2009-02-01,99.36,861.7,2369.3,7956.5,328376.0,12241.9,5.4,9.223,1639656.56,148834.0,372.0,133318.0,8.3,65.8,2.1,3.0,3.6,34.0,217.792,,88.266,87.952,21.98,18.44,147.617,116.3,113.0,127893.0,156671.0,8581.0,102.9737,,24.90200077039857
2009-03-01,99.34,845.4,2345.0,7956.8,322634.0,12242.7,5.8,9.748,1638315.23,146323.0,339.0,132494.0,8.7,65.6,1.9,2.9,3.6,33.8,218.253,,88.169,88.015,22.05,18.49,146.513,115.5,113.6,126478.0,156670.0,8783.0,103.4397,,25.008789937506382
2009-04-01,96.24,840.3,2349.4,7941.6,324323.0,12320.0,6.5,9.379,1635306.87,147467.0,337.0,131822.0,9.0,65.7,1.7,2.9,3.6,33.8,218.706,,88.295,88.211,22.1,18.52,146.94,116.1,114.8,125323.0,155796.0,9071.0,100.7162,,25.02972988277932
2009-05-01,87.06,858.7,2353.2,7922.3,327011.0,12500.1,7.8,10.176,1643250.44,149255.0,376.0,131466.0,9.4,65.7,1.9,2.9,3.2,33.8,218.904,,88.387,88.279,22.12,18.53,148.167,116.6,116.8,127342.0,153181.0,9756.0,97.5519,,25.026304773326395
2009-06-01,60.82,865.6,2339.2,7931.3,332227.0,12273.2,6.1,10.149,1628328.32,147033.0,393.0,131008.0,9.5,65.7,1.9,2.8,3.2,33.7,219.112,,88.912,88.392,22.14,18.56,149.794,117.8,120.0,129796.0,156948.0,9692.0,96.0426,,24.90102573330934
2009-07-01,2.48,882.4,2350.1,7935.2,333670.0,12218.7,5.4,11.566,1630637.63,153691.0,411.0,130662.0,9.5,65.5,1.7,3.0,3.2,33.8,219.263,,88.922,88.468,22.18,18.59,150.747,117.4,119.3,131878.0,165185.0,9531.0,95.6605,,24.943208654776097
2009-08-01,0.76,945.2,2355.0,7949.4,339586.0,12194.8,4.4,14.754,1630080.98,157489.0,418.0,130472.0,9.6,65.4,1.8,2.9,3.1,33.8,219.496,,89.18,88.599,22.23,18.67,150.668,118.1,121.1,132566.0,164240.0,10142.0,94.373,,24.927113702623906
2009-09-01,0.42,861.6,2359.1,7949.7,330998.0,12230.6,5.5,9.535,1628671.13,158041.0,386.0,130246.0,9.8,65.1,1.9,3.0,3.2,33.9,219.92,,89.324,88.755,22.27,18.7,149.628,117.9,121.3,137047.0,172294.0,10049.0,93.6638,,24.931709283059423
2009-10-01,0.4,865.8,2367.2,7948.3,334595.0,12193.2,5.1,10.576,1623030.62,161097.0,396.0,130061.0,10.0,65.0,1.8,3.0,3.1,33.8,220.501,,89.663,89.082,22.31,18.74,148.585,117.9,122.3,141056.0,176015.0,10391.0,92.2598,,24.88205837413426
2009-11-01,0.18,877.2,2354.7,7927.8,337321.0,12224.4,5.5,11.041,1626748.38,160419.0,375.0,130057.0,9.9,65.0,1.9,3.1,3.1,33.9,220.666,100.2,89.887,89.16,22.34,18.8,147.94,118.9,124.1,142075.0,180456.0,10691.0,91.7996,,24.85342708066795
2009-12-01,0.1,882.8,2364.9,7980.6,338736.0,12280.2,5.4,11.284,1638940.01,160520.0,352.0,129808.0,9.9,64.6,1.9,3.1,3.2,33.9,220.881,100.3,89.939,89.236,22.37,18.84,146.667,119.7,124.4,145480.0,184906.0,10413.0,92.2586,,24.872413524722315
2010-01-01,0.1,870.5,2367.5,7972.7,339093.0,12285.8,5.6,10.893,1633976.87,181016.0,345.0,129802.0,9.8,64.8,2.1,3.0,3.0,34.0,220.633,101.2,90.136,89.368,22.4,18.88,145.003,120.7,125.9,145718.0,183462.0,11332.0,92.4403,,24.85133575929706
2010-02-01,0.12,872.7,2378.1,8001.9,339580.0,12292.0,5.3,10.315,1627694.05,180450.0,336.0,129706.0,9.8,64.9,2.0,3.0,3.1,33.8,220.731,101.0,90.134,89.446,22.46,18.91,143.055,120.3,125.8,146849.0,188353.0,10515.0,93.8867,,24.91845474515721
2010-03-01,0.06,914.7,2378.9,8001.2,346974.0,12340.3,5.3,11.772,1638672.35,182148.0,381.0,129866.0,9.9,64.9,2.0,3.3,3.1,34.0,220.783,101.1,90.261,89.579,22.46,18.92,143.595,121.2,126.3,151080.0,191351.0,11279.0,93.1499,,24.88339371378558
2010-04-01,0.06,913.0,2391.1,8014.4,349869.0,12447.1,6.0,11.454,1636161.88,182948.0,422.0,130120.0,9.9,65.2,2.4,3.2,3.0,34.1,220.822,101.4,90.31,89.625,22.49,18.96,145.398,122.5,127.7,150006.0,191502.0,10944.0,92.6391,,24.90311150481674
2010-05-01,0.06,911.7,2381.3,8056.3,346858.0,12540.3,6.4,12.03,1639092.5,189932.0,280.0,130642.0,9.6,64.9,2.2,3.4,3.0,34.2,220.962,101.6,90.339,89.724,22.51,19.01,147.031,123.1,126.7,153819.0,195907.0,11507.0,95.5306,,24.91725611308516
2010-06-01,0.38,917.0,2391.2,8067.4,346516.0,12544.3,6.2,11.598,1641373.29,185667.0,305.0,130510.0,9.4,64.6,2.1,3.1,3.3,34.1,221.194,101.4,90.301,89.767,22.53,19.03,147.698,122.2,125.2,153326.0,200642.0,11776.0,96.0606,,24.949889812958883
2010-07-01,0.16,924.0,2385.8,8096.5,347612.0,12554.2,6.1,11.948,1647881.52,187506.0,283.0,130415.0,9.4,64.6,2.3,3.2,3.3,34.2,221.363,101.6,90.378,89.769,22.59,19.04,147.56,122.0,125.2,156763.0,198373.0,11807.0,94.4547,,24.99502091216889
2010-08-01,0.16,928.8,2397.0,8106.8,349188.0,12591.4,6.2,12.014,1653637.2,191745.0,282.0,130415.0,9.5,64.7,2.2,3.1,3.1,34.2,221.509,101.8,90.502,89.855,22.62,19.11,146.426,123.0,125.7,157769.0,203387.0,12509.0,93.6822,,24.99392278623677
2010-09-01,0.16,931.9,2407.5,8102.6,352179.0,12589.9,6.1,11.922,1660003.55,201932.0,317.0,130341.0,9.5,64.6,2.2,3.1,3.1,34.3,221.711,102.1,90.592,89.906,22.67,19.11,144.607,123.7,125.7,158624.0,202958.0,12964.0,92.7626,,25.024284705051222
2010-10-01,0.18,953.7,2407.0,8105.0,356215.0,12592.5,5.9,12.414,1674725.61,193066.0,291.0,130620.0,9.4,64.4,2.4,3.2,3.0,34.3,221.83,102.5,90.881,90.043,22.73,19.21,143.125,124.7,127.1,164234.0,204880.0,13069.0,90.2291,,25.010728315049352
2010-11-01,0.12,952.6,2421.0,8121.5,359450.0,12605.1,5.8,12.3,1680208.56,197202.0,287.0,130749.0,9.8,64.6,2.4,3.2,3.1,34.2,222.149,102.8,91.062,90.16,22.73,19.21,141.813,126.6,129.2,165621.0,204360.0,13646.0,90.5095,,24.96101557180822
2010-12-01,0.08,956.4,2415.9,8138.1,361979.0,12680.6,6.2,12.605,1807708.59,193452.0,326.0,130830.0,9.3,64.3,2.3,3.3,3.2,34.3,222.343,103.1,91.268,90.179,22.76,19.23,140.622,127.5,131.0,168510.0,210231.0,14238.0,91.1835,,24.937546566156815
2011-01-01,0.08,960.1,2426.1,8135.3,364394.0,12740.1,6.6,12.806,1821941.83,203636.0,307.0,130837.0,9.1,64.2,2.3,3.1,3.1,34.2,222.803,103.7,91.542,90.372,22.87,19.33,139.029,129.1,133.0,169897.0,218020.0,14486.0,90.1112,,24.983067881409628
2011-02-01,0.5,957.9,2419.8,8141.9,367475.0,12776.6,6.9,13.081,1830034.93,196393.0,270.0,131057.0,9.0,64.1,2.4,3.2,3.1,34.3,223.213,104.3,91.797,90.53,22.87,19.31,137.724,130.8,135.3,168665.0,213418.0,14949.0,89.3967,,24.913668202664578
2011-03-01,0.22,969.8,2422.1,8165.9,370775.0,12742.7,6.3,13.259,1836363.45,212748.0,300.0,131283.0,9.0,64.2,2.4,3.4,3.2,34.3,223.454,105.0,92.166,90.667,22.87,19.3,137.779,132.7,139.3,176676.0,220988.0,15443.0,88.4872,,24.813922704685027
2011-04-01,0.48,963.8,2421.9,8159.3,372820.0,12721.3,6.3,13.326,1845724.01,200733.0,310.0,131597.0,9.1,64.2,2.4,3.3,3.0,34.4,223.727,105.5,92.557,90.875,22.91,19.36,139.153,133.8,142.9,178838.0,221523.0,15127.0,86.9214,,24.7523147898052
2011-05-01,0.32,954.4,2403.5,8178.7,372505.0,12705.3,6.3,12.28,1851462.73,207170.0,305.0,131703.0,9.0,64.1,2.4,3.2,3.2,34.4,224.175,105.8,92.838,91.091,22.97,19.41,140.689,134.3,143.1,178856.0,226581.0,15353.0,86.9464,,24.742023740278764
2011-06-01,0.1,949.1,2427.2,8186.5,375587.0,12756.9,6.5,11.886,1856839.9,201579.0,301.0,131931.0,9.1,64.0,2.6,3.3,3.2,34.3,224.697,105.9,92.819,91.191,23.0,19.41,141.942,134.5,142.2,176895.0,226777.0,15717.0,86.9412,,24.77940938816406
2011-07-01,0.1,957.6,2412.9,8213.1,375442.0,12805.6,6.7,12.72,1881066.75,206458.0,296.0,131992.0,9.0,64.0,2.7,3.2,3.1,34.4,225.218,106.1,92.977,91.326,23.11,19.48,142.34,134.0,142.4,181502.0,227573.0,15996.0,86.3178,,24.855609451799907
2011-08-01,0.12,958.3,2406.3,8212.3,375860.0,12799.7,6.7,12.604,1872938.27,216705.0,299.0,132125.0,9.0,64.1,2.5,3.3,3.2,34.3,225.862,106.3,93.196,91.508,23.06,19.47,141.782,134.6,141.9,182475.0,227527.0,16872.0,86.8983,,24.74355122537448
2011-09-01,0.26,976.8,2408.7,8205.9,380042.0,12781.7,6.4,13.356,1881767.36,204738.0,304.0,132344.0,9.0,64.2,2.8,3.3,3.2,34.4,226.118,106.7,93.327,91.57,23.11,19.49,140.161,135.3,141.7,183858.0,227334.0,16357.0,89.7253,,24.762394591061536
2011-10-01,0.14,988.2,2410.0,8211.9,382207.0,12791.9,6.3,13.73,1889727.44,210799.0,316.0,132553.0,8.8,64.1,2.7,3.3,3.1,34.5,226.506,106.3,93.329,91.614,23.18,19.56,138.399,132.6,141.2,182681.0,228190.0,15358.0,90.6098,,24.836867425987638
2011-11-01,0.22,983.4,2409.4,8198.1,383422.0,12782.7,6.4,13.743,1904729.61,215531.0,328.0,132690.0,8.6,64.1,2.6,3.3,3.2,34.4,226.899,106.6,93.52,91.808,23.19,19.56,136.652,132.7,142.2,180798.0,228258.0,15226.0,91.2649,,24.796834901625324
2011-12-01,0.08,990.5,2406.7,8197.6,383985.0,12898.5,7.2,13.798,1916060.62,223835.0,341.0,132888.0,8.5,64.0,2.8,3.3,3.1,34.4,227.405,106.5,93.574,91.96,23.22,19.57,135.155,132.1,142.2,182411.0,231885.0,15593.0,92.2056,,24.814585248038984
2012-01-01,0.04,1003.1,2418.5,8215.3,387531.0,12967.5,7.4,14.395,1929640.14,226295.0,335.0,133246.0,8.3,63.7,2.8,3.3,3.1,34.5,227.877,106.9,93.894,92.235,23.26,19.59,134.156,132.5,142.2,182425.0,232551.0,16609.0,91.6463,,24.772615928600334
2012-02-01,0.12,1018.1,2436.1,8250.4,392310.0,13029.6,7.3,14.975,1934911.81,226783.0,366.0,133509.0,8.3,63.8,2.6,3.4,3.3,34.5,228.034,107.2,94.104,92.364,23.28,19.58,133.987,133.1,142.2,185085.0,227865.0,17415.0,89.9605,,24.738587095128796
2012-03-01,0.46,1013.4,2424.4,8253.6,393698.0,13066.4,7.6,14.594,1948791.0,221729.0,354.0,133748.0,8.2,63.8,2.9,3.4,3.2,34.5,228.478,107.4,94.284,92.521,23.36,19.64,135.855,134.1,144.2,188511.0,238260.0,17222.0,90.5112,,24.776208052267616
2012-04-01,0.14,1015.4,2422.6,8264.6,392073.0,13116.5,7.9,14.769,1964040.83,218445.0,354.0,133825.0,8.2,63.7,2.8,3.3,3.2,34.4,228.905,107.7,94.408,92.661,23.39,19.68,138.461,134.7,144.1,187092.0,233934.0,17235.0,90.8156,,24.77544275908821
2012-05-01,0.2,1012.5,2429.2,8261.4,391376.0,13112.5,7.9,14.496,1978007.14,219486.0,370.0,133932.0,8.2,63.7,2.8,3.4,3.3,34.3,229.224,107.6,94.302,92.755,23.41,19.68,141.037,134.0,142.0,187375.0,232481.0,17483.0,92.4928,,24.824500010604226
2012-06-01,0.28,1012.4,2418.9,8260.4,387901.0,13097.2,7.9,14.467,1991032.28,217930.0,360.0,134013.0,8.2,63.8,2.8,3.3,3.3,34.4,229.623,107.3,94.254,92.85,23.46,19.71,143.158,131.7,138.7,187247.0,230188.0,17474.0,93.8809,,24.890190336749633
2012-07-01,0.4,1018.2,2421.3,8276.2,389686.0,12999.8,7.0,14.38,2002559.37,222851.0,369.0,134157.0,8.2,63.7,2.7,3.2,3.1,34.4,229.97,107.2,94.288,92.946,23.49,19.75,144.272,132.2,137.7,186714.0,229120.0,17317.0,93.4062,,24.913032411335482
2012-08-01,0.24,1023.5,2432.4,8259.4,394524.0,12961.6,6.7,14.444,2015693.33,200405.0,375.0,134339.0,8.1,63.5,2.8,3.3,3.2,34.4,230.233,107.5,94.605,93.005,23.48,19.74,144.695,133.4,139.4,184999.0,229029.0,17079.0,92.5283,,24.818984197452565
2012-09-01,0.1,1038.0,2420.6,8272.5,397681.0,13053.1,7.2,15.099,2024222.19,216864.0,385.0,134517.0,7.8,63.6,2.8,3.2,3.0,34.4,230.659,108.2,94.893,93.119,23.57,19.79,144.348,134.5,140.8,191182.0,229976.0,18622.0,90.9802,,24.83850231313163
2012-10-01,0.08,1029.2,2421.2,8281.6,397494.0,13142.0,7.8,14.83,2038369.66,218355.0,358.0,134669.0,7.8,63.8,2.7,3.3,3.2,34.4,231.024,108.3,95.174,93.345,23.56,19.79,143.958,134.6,141.2,186133.0,227600.0,19078.0,90.7566,,24.754659886103344
2012-11-01,0.12,1054.8,2426.8,8297.6,399708.0,13315.7,8.7,15.456,2057519.2,217176.0,392.0,134825.0,7.7,63.6,2.8,3.3,3.2,34.4,231.33,108.4,95.109,93.445,23.63,19.84,143.951,133.8,140.2,188461.0,233794.0,19335.0,91.4751,,24.8451776382887
2012-12-01,0.14,1065.5,2426.4,8290.1,401093.0,13642.7,10.9,15.462,2072924.19,231169.0,399.0,135074.0,7.9,63.7,2.9,3.3,3.0,34.5,231.725,108.4,95.094,93.514,23.72,19.9,143.858,133.6,139.4,192226.0,228560.0,20344.0,90.8804,,24.943739878436077
2013-01-01,0.14,1077.4,2467.3,8284.1,404434.0,12845.5,4.9,15.813,2086586.85,223063.0,446.0,135257.0,8.0,63.7,2.8,3.3,3.2,34.4,232.229,108.7,95.275,93.703,23.74,19.93,144.302,134.1,140.1,190283.0,230418.0,20629.0,90.8255,,24.91734452899501
2013-02-01,0.14,1079.3,2459.4,8288.7,409118.0,12813.9,4.7,15.861,2103074.32,234445.0,447.0,135546.0,7.7,63.4,2.9,3.4,3.2,34.5,232.569,108.9,95.614,93.805,23.78,19.99,145.152,135.1,141.3,192436.0,233440.0,20746.0,91.5509,,24.870834814985255
2013-03-01,0.16,1072.0,2457.8,8315.3,406223.0,12852.1,4.8,15.721,2113583.43,217480.0,444.0,135689.0,7.5,63.3,2.9,3.2,3.1,34.5,232.794,108.9,95.488,93.891,23.8,20.01,147.952,134.4,141.2,189856.0,224170.0,21300.0,92.4132,,24.924597855227884
2013-04-01,0.16,1077.3,2451.7,8318.5,404231.0,12893.4,5.1,15.811,2124916.39,226467.0,441.0,135873.0,7.6,63.4,2.9,3.4,3.3,34.4,232.832,108.7,95.391,93.937,23.87,20.04,150.96,133.6,140.2,190603.0,229090.0,19920.0,92.0478,,25.02332505162961
2013-05-01,0.14,1083.3,2472.9,8322.7,406677.0,12954.2,5.3,15.884,2136909.76,236942.0,428.0,136096.0,7.5,63.4,3.0,3.4,3.3,34.4,232.996,108.6,95.461,94.047,23.89,20.05,153.85,132.9,139.4,189837.0,231538.0,20493.0,92.529,,25.025926818281814
2013-06-01,0.3,1083.9,2466.5,8326.7,407921.0,12955.7,5.4,16.149,2150247.57,246567.0,470.0,136279.0,7.5,63.4,3.0,3.3,3.2,34.5,233.35,109.0,95.673,94.209,23.96,20.13,156.417,132.8,138.8,192921.0,227347.0,21122.0,93.2836,,25.043638226040787
2013-07-01,0.46,1090.1,2481.7,8317.5,410268.0,12941.8,5.2,16.021,2163842.81,220831.0,375.0,136391.0,7.3,63.3,2.8,3.3,3.2,34.4,233.88,109.2,95.792,94.329,23.98,20.14,158.275,132.6,138.9,192125.0,228481.0,21592.0,93.8724,,25.033405712376815
2013-08-01,0.08,1091.3,2474.1,8343.3,409691.0,12969.6,5.2,15.827,2177890.61,224721.0,381.0,136646.0,7.2,63.3,2.9,3.5,3.3,34.5,234.336,109.3,95.934,94.431,24.02,20.17,159.382,131.9,139.4,192449.0,229065.0,21427.0,93.7149,,25.038046990639398
2013-09-01,0.1,1092.6,2492.2,8358.9,410044.0,13027.5,5.3,15.857,2192597.96,237493.0,403.0,136821.0,7.2,63.2,2.9,3.5,3.3,34.4,234.7,109.3,95.976,94.543,24.06,20.23,159.663,132.4,139.8,192505.0,232422.0,21718.0,93.4706,,25.06876719179795
2013-10-01,0.12,1097.1,2498.6,8386.5,411399.0,12974.6,4.7,15.727,2206415.52,231736.0,444.0,137041.0,7.2,62.8,3.0,3.3,3.2,34.4,234.921,109.5,96.103,94.703,24.09,20.25,159.55,131.6,138.9,196471.0,232757.0,21486.0,92.4993,,25.066855353110725
2013-11-01,0.04,1108.5,2508.7,8412.9,412561.0,12998.9,4.5,16.079,2223436.04,243831.0,446.0,137317.0,6.9,63.0,2.9,3.4,3.2,34.4,235.359,109.7,96.246,94.86,24.16,20.31,159.361,131.8,137.7,197292.0,231275.0,21254.0,93.3737,,25.102341915508177
2013-12-01,0.18,1102.0,2512.8,8427.3,414812.0,13019.1,4.5,15.835,2236328.98,238481.0,433.0,137372.0,6.7,62.9,2.9,3.4,3.2,34.4,235.759,109.8,96.414,94.961,24.18,20.34,159.278,132.3,137.8,196343.0,229979.0,21991.0,93.534,,25.079345323293296
2014-01-01,0.2,1089.6,2500.9,8413.4,411561.0,13079.5,5.2,15.614,2252106.41,224538.0,443.0,137561.0,6.6,62.9,2.9,3.4,3.2,34.4,235.961,110.1,96.614,95.064,24.22,20.39,159.364,132.7,138.3,195789.0,233222.0,22388.0,94.4648,,25.068830604260253
2014-02-01,0.02,1122.2,2521.7,8408.9,416736.0,13148.0,5.3,15.993,2267194.15,231380.0,420.0,137712.0,6.7,62.9,3.1,3.4,3.3,34.3,236.185,110.3,96.66,95.109,24.33,20.51,159.865,133.7,139.8,195059.0,235178.0,21639.0,94.6456,,25.170701427684666
2014-03-01,0.02,1151.1,2521.5,8447.3,421230.0,13219.9,5.2,16.985,2281943.64,235485.0,405.0,137985.0,6.7,63.1,3.1,3.5,3.3,34.5,236.625,110.7,96.815,95.25,24.31,20.5,161.179,134.9,140.5,199559.0,242498.0,20798.0,94.4408,,25.10974539069359
2014-04-01,0.1,1150.6,2541.5,8446.2,425546.0,13270.2,5.4,16.695,2298148.18,237317.0,403.0,138298.0,6.2,62.8,3.2,3.5,3.3,34.5,237.072,110.8,96.987,95.413,24.34,20.51,162.955,133.5,139.7,199056.0,242790.0,22690.0,93.9956,,25.09614690628641
2014-05-01,0.06,1163.1,2535.7,8465.7,426253.0,13312.9,5.6,17.137,2313991.15,234459.0,451.0,138513.0,6.3,62.9,3.3,3.5,3.3,34.5,237.529,111.0,97.147,95.574,24.4,20.53,164.667,133.7,140.1,201418.0,240993.0,22947.0,93.67,,25.116575910733214
2014-06-01,0.08,1174.8,2543.8,8487.6,427305.0,13360.4,5.6,17.516,2331484.59,237501.0,418.0,138849.0,6.1,62.8,3.5,3.5,3.3,34.5,237.837,110.9,97.253,95.682,24.46,20.6,166.196,133.0,140.5,200514.0,239410.0,22515.0,93.8274,,25.150895088069262
2014-07-01,0.06,1174.3,2555.0,8503.2,428079.0,13386.8,5.5,17.277,2347363.86,300114.0,402.0,139072.0,6.2,62.9,3.4,3.6,3.4,34.5,238.195,111.3,97.391,95.848,24.48,20.61,167.12,133.1,140.1,200758.0,239693.0,22850.0,93.6039,,25.135792835066894
2014-08-01,0.12,1185.5,2571.8,8557.8,431379.0,13445.9,5.3,17.239,2362587.83,236400.0,456.0,139269.0,6.1,62.9,3.7,3.5,3.3,34.6,238.405,111.3,97.379,95.885,24.54,20.66,167.436,132.4,139.0,202226.0,239161.0,22468.0,94.5808,,25.20050524240339
2014-09-01,0.08,1189.1,2558.7,8571.8,430189.0,13486.3,5.5,16.959,2377932.28,236112.0,470.0,139563.0,5.9,62.8,3.4,3.7,3.5,34.5,238.786,111.1,97.413,96.013,24.56,20.66,167.227,131.9,137.9,199556.0,241228.0,22216.0,96.1209,,25.2122406660302
2014-10-01,0.2,1194.0,2582.7,8621.5,431903.0,13550.7,5.4,16.756,2385640.01,233072.0,476.0,139798.0,5.7,62.9,3.5,3.7,3.5,34.6,239.191,111.3,97.384,96.096,24.59,20.7,166.896,130.7,136.0,201376.0,242443.0,21358.0,97.4396,,25.250554505873655
2014-11-01,0.2,1208.5,2593.2,8626.3,433113.0,13624.4,5.6,16.949,2400874.63,228727.0,442.0,140089.0,5.8,62.9,3.3,3.6,3.3,34.6,239.458,111.1,97.291,96.181,24.66,20.77,166.645,129.5,133.5,198893.0,238700.0,21671.0,99.1147,,25.34664049089844
2014-12-01,0.68,1215.1,2601.3,8645.7,430110.0,13719.1,6.0,17.178,2422158.19,225104.0,497.0,140364.0,5.6,62.8,3.5,3.7,3.4,34.6,239.584,110.8,97.12,96.249,24.63,20.71,166.446,128.3,130.1,198413.0,241251.0,22426.0,101.4441,,25.360378912685334
2015-01-01,1.64,1219.9,2610.5,8660.9,428208.0,13797.7,6.3,16.91,2438896.88,225739.0,515.0,140568.0,5.7,62.9,3.7,3.6,3.5,34.5,239.811,110.1,96.654,96.214,24.74,20.8,166.232,126.1,126.0,194245.0,233110.0,23237.0,103.7607,,25.596457466840484
2015-02-01,2.26,1220.6,2617.7,8682.7,427119.0,13848.0,6.4,16.891,2453092.51,217321.0,540.0,140827.0,5.5,62.7,3.7,3.6,3.5,34.6,240.172,109.6,96.825,96.324,24.79,20.84,166.61,125.9,125.5,191934.0,225837.0,23761.0,105.1685,,25.602891815130388
2015-03-01,2.14,1246.2,2626.4,8683.7,433647.0,13811.3,5.9,17.896,2469797.79,230136.0,480.0,140923.0,5.4,62.6,3.6,3.6,3.6,34.5,240.755,109.8,97.008,96.47,24.85,20.91,168.069,125.9,125.3,192271.0,241004.0,23452.0,107.3647,,25.616444004618177
2015-04-01,1.64,1250.7,2625.0,8703.7,434470.0,13842.0,5.9,17.693,2484037.47,225656.0,502.0,141196.0,5.4,62.8,3.8,3.7,3.5,34.5,241.346,109.6,97.094,96.648,24.89,20.92,169.954,125.1,125.1,193086.0,232923.0,22886.0,106.3523,,25.634951696294316
2015-05-01,1.44,1255.0,2638.5,8723.4,437865.0,13865.6,5.8,17.929,2499023.24,218316.0,502.0,141538.0,5.6,62.9,3.8,3.6,3.4,34.5,241.688,110.0,97.327,96.766,24.97,20.98,171.836,125.7,126.5,191918.0,230420.0,22960.0,105.4065,,25.655778971919407
2015-06-01,1.1,1255.4,2638.4,8732.3,437951.0,13874.1,5.7,17.889,2519760.18,228948.0,480.0,141709.0,5.3,62.7,3.6,3.6,3.5,34.5,242.064,110.3,97.516,96.882,24.97,21.0,173.433,125.3,126.6,191512.0,233937.0,23062.0,106.179,,25.606054391074284
2015-07-01,0.76,1265.5,2656.1,8750.3,441942.0,13905.7,5.6,18.318,2532701.38,228347.0,506.0,141991.0,5.2,62.6,4.1,3.6,3.4,34.6,242.565,110.5,97.605,96.978,25.01,21.03,174.476,124.8,125.4,190841.0,231181.0,22400.0,108.1236,,25.623687311100866
2015-08-01,1.12,1275.8,2659.8,8767.0,441849.0,13935.8,5.6,18.391,2545654.98,222335.0,518.0,142125.0,5.1,62.6,3.7,3.6,3.5,34.6,242.817,110.3,97.612,97.056,25.1,21.11,174.915,123.0,123.2,188084.0,232289.0,22568.0,109.9768,,25.714051551038807
2015-09-01,1.22,1268.9,2668.8,8772.9,439867.0,13972.2,5.8,18.281,2567180.93,217744.0,456.0,142275.0,5.0,62.4,3.7,3.7,3.6,34.5,243.316,109.9,97.477,97.196,25.11,21.09,175.019,122.3,121.9,189155.0,230796.0,21907.0,110.8513,,25.759922853596233
2015-10-01,1.46,1265.0,2658.9,8796.2,438693.0,13996.9,5.8,18.27,2581093.68,226517.0,482.0,142579.0,5.0,62.5,3.9,3.7,3.5,34.5,243.768,109.6,97.477,97.228,25.2,21.19,175.024,122.0,121.5,187795.0,228668.0,21513.0,109.9036,,25.852252326189767
2015-11-01,1.76,1283.1,2672.3,8784.2,440303.0,13993.4,5.6,18.314,2592823.32,224319.0,504.0,142808.0,5.1,62.5,3.8,3.8,3.6,34.5,244.241,109.7,97.538,97.332,25.25,21.21,175.113,121.1,120.8,185419.0,225870.0,21594.0,111.6916,,25.88734647009371
2015-12-01,1.36,1286.7,2683.8,8809.2,442149.0,14060.2,5.8,17.503,2502147.67,217570.0,546.0,143077.0,5.0,62.7,3.9,3.9,3.7,34.5,244.547,109.6,97.456,97.396,25.25,21.23,175.087,119.8,119.3,184517.0,225521.0,21753.0,112.7857,,25.909128221966835
2016-01-01,1.04,1284.2,2685.2,8832.2,439466.0,14121.1,6.1,18.054,2516150.21,228982.0,505.0,143210.0,4.8,62.7,4.0,3.6,3.6,34.6,244.955,110.0,97.496,97.567,25.37,21.31,175.011,118.7,117.8,180952.0,220996.0,21478.0,115.2344,,26.021580372528106
2016-02-01,1.24,1308.4,2706.3,8871.1,443117.0,14135.3,5.6,18.096,2530831.86,216792.0,517.0,143406.0,4.9,62.8,3.9,3.8,3.7,34.4,245.51,109.7,97.445,97.736,25.38,21.33,175.26,118.2,117.2,183033.0,226339.0,20994.0,114.2817,,26.04546154240854
2016-03-01,1.38,1293.2,2698.4,8846.9,441856.0,14135.4,5.9,17.291,2548219.18,218388.0,532.0,143662.0,5.0,63.0,4.1,3.7,3.6,34.4,245.913,109.7,97.673,97.876,25.45,21.39,176.582,118.1,117.7,182053.0,218854.0,21617.0,111.8934,,26.056330818138072
2016-04-01,0.64,1294.3,2706.2,8872.2,444254.0,14106.2,5.5,17.669,2563260.62,229837.0,576.0,143854.0,5.1,62.9,3.9,3.7,3.6,34.4,246.551,109.9,97.993,98.117,25.53,21.46,178.477,118.7,118.5,184167.0,222214.0,21679.0,110.0171,,26.05288132825814
2016-05-01,0.58,1299.5,2718.9,8875.1,445490.0,14095.5,5.3,17.695,2577515.58,223117.0,571.0,143900.0,4.8,62.7,3.9,3.6,3.6,34.4,247.137,110.1,98.153,98.284,25.58,21.48,180.325,120.0,119.9,185124.0,224156.0,22938.0,111.1405,,26.06135319348364
2016-06-01,0.22,1325.0,2736.1,8888.6,450237.0,14104.9,4.9,17.735,2590211.23,206910.0,557.0,144147.0,4.9,62.7,3.8,3.7,3.6,34.4,247.54,110.6,98.325,98.386,25.62,21.52,181.898,120.9,120.7,186833.0,228552.0,23586.0,111.5596,,26.056445461479786
2016-07-01,0.2,1336.5,2726.8,8909.7,449789.0,14160.1,5.1,18.109,2603291.48,216155.0,628.0,144520.0,4.8,62.8,4.0,3.8,3.5,34.5,247.829,110.5,98.342,98.529,25.69,21.58,183.001,121.1,120.8,188196.0,228127.0,23724.0,112.4773,,26.123121352016433
2016-08-01,0.4,1337.6,2730.1,8919.2,449946.0,14176.7,5.1,17.927,2619865.0,217584.0,575.0,144661.0,4.9,62.9,3.8,3.7,3.6,34.3,248.423,110.3,98.479,98.703,25.71,21.6,183.639,120.1,120.5,190173.0,230319.0,22491.0,111.4384,,26.107088820966908
2016-09-01,0.36,1345.1,2730.2,8946.2,453056.0,14209.1,5.1,17.956,2637997.43,217396.0,558.0,144967.0,5.0,62.9,3.9,3.7,3.4,34.4,248.842,110.6,98.666,98.834,25.77,21.62,183.925,120.5,120.6,190714.0,227718.0,23582.0,112.3169,,26.118419719052156
2016-10-01,0.46,1353.5,2725.0,8936.7,453847.0,14235.4,5.3,17.954,2652167.16,233461.0,575.0,145065.0,4.9,62.8,3.7,3.6,3.5,34.4,249.142,110.9,98.868,98.961,25.9,21.71,183.994,120.7,121.2,189343.0,227898.0,22843.0,113.4747,,26.196544888133673
2016-11-01,0.4,1345.5,2726.9,8964.9,453892.0,14273.6,5.4,17.792,2663602.96,216353.0,571.0,145183.0,4.7,62.7,4.0,3.7,3.5,34.4,249.481,111.1,98.901,99.005,25.9,21.71,184.203,120.8,121.1,187653.0,231550.0,22904.0,116.1075,,26.187803965581743
2016-12-01,0.14,1383.3,2748.8,8996.3,459305.0,14313.7,5.0,18.277,2676342.26,219525.0,561.0,145408.0,4.7,62.7,3.9,3.7,3.5,34.4,249.92,111.4,99.071,99.12,25.93,21.76,184.375,121.3,121.6,192584.0,233560.0,22507.0,117.9048,,26.173148550029776
2017-01-01,0.3,1369.7,2750.4,9016.4,464412.0,14373.7,5.3,17.652,2689922.3,219277.0,573.0,145628.0,4.7,62.8,3.7,3.8,3.7,34.4,250.467,111.9,99.451,99.385,26.0,21.82,184.629,121.6,122.3,195435.0,238992.0,22845.0,117.7858,,26.14352796854733
2017-02-01,0.28,1375.4,2757.9,9010.0,464284.0,14416.8,5.6,17.699,2700855.31,221514.0,587.0,145846.0,4.6,62.9,3.9,3.7,3.5,34.3,250.998,111.9,99.586,99.561,26.07,21.85,184.997,122.0,122.7,196492.0,236277.0,23808.0,116.1204,,26.178378486935916
2017-03-01,0.14,1370.0,2770.2,9061.6,463674.0,14476.3,5.6,17.061,2712522.16,222944.0,632.0,145970.0,4.4,62.9,3.8,3.7,3.6,34.3,250.944,112.1,99.535,99.519,26.11,21.88,186.506,122.1,122.5,196213.0,237337.0,23929.0,115.6558,,26.231978700959463
2017-04-01,0.08,1382.5,2781.2,9042.2,465276.0,14509.3,5.7,17.166,2723992.37,224150.0,598.0,146175.0,4.4,63.0,4.0,3.6,3.5,34.4,251.227,112.6,99.725,99.723,26.18,21.94,188.52,122.4,122.8,196038.0,240265.0,24178.0,114.7698,,26.25219353221359
2017-05-01,0.12,1383.3,2778.7,9052.3,462754.0,14610.7,6.3,17.081,2733434.98,222292.0,635.0,146380.0,4.4,62.8,3.8,3.7,3.6,34.4,251.43,112.5,99.682,99.803,26.21,21.97,190.516,121.7,122.7,195533.0,239517.0,23198.0,114.2591,,26.293613691539093
2017-06-01,0.18,1401.7,2797.6,9057.2,465130.0,14618.7,6.0,17.13,2745048.45,236980.0,619.0,146583.0,4.3,62.8,4.1,3.8,3.7,34.4,251.746,112.6,99.766,99.937,26.26,22.02,192.241,121.6,122.4,197990.0,240568.0,23413.0,112.7603,,26.32159252651204
2017-07-01,0.28,1415.7,2788.5,9085.5,465089.0,14660.2,6.0,17.237,2758085.38,217739.0,572.0,146772.0,4.3,62.9,4.1,3.7,3.6,34.4,251.985,112.7,99.803,100.01,26.35,22.07,193.485,122.2,122.2,197260.0,241114.0,21628.0,111.0606,,26.40201196356823
2017-08-01,0.44,1410.1,2798.9,9082.5,466020.0,14678.3,6.1,17.051,2766166.26,221312.0,556.0,146919.0,4.4,62.9,4.1,3.8,3.6,34.4,252.535,113.1,100.027,100.118,26.37,22.1,194.318,122.9,122.9,198957.0,240348.0,22922.0,109.9059,,26.3628820218541
2017-09-01,0.26,1449.0,2818.1,9097.3,475724.0,14706.0,5.9,18.313,2775987.56,228782.0,637.0,147008.0,4.3,63.1,4.1,3.7,3.6,34.4,252.812,113.5,100.4,100.24,26.49,22.18,194.787,123.9,123.9,201125.0,242718.0,23387.0,108.8542,,26.38446215139442
2017-10-01,0.12,1454.5,2811.0,9111.6,476107.0,14748.6,6.0,18.482,2791056.13,228333.0,626.0,147149.0,4.2,62.7,4.2,3.8,3.7,34.4,253.526,113.9,100.531,100.486,26.5,22.18,195.051,124.0,124.1,202855.0,245703.0,23818.0,110.8892,,26.360028249992535
2017-11-01,0.12,1478.8,2834.0,9137.9,480949.0,14771.1,5.6,18.003,2803765.97,230235.0,711.0,147372.0,4.2,62.7,4.1,3.7,3.6,34.5,253.816,114.3,100.675,100.535,26.54,22.22,195.415,124.6,125.3,206890.0,252353.0,24373.0,111.1635,,26.362056121182018
2017-12-01,0.18,1500.1,2869.4,9186.5,483586.0,14797.9,5.0,17.887,2813978.39,241711.0,630.0,147523.0,4.1,62.7,4.1,3.7,3.6,34.5,254.344,114.4,100.821,100.683,26.63,22.29,195.811,124.7,125.5,209690.0,256224.0,24905.0,110.8758,,26.413148054472778
2018-01-01,0.44,1488.2,2863.9,9189.8,481414.0,14886.6,5.7,17.176,2825206.62,228219.0,590.0,147660.0,4.0,62.7,4.3,3.7,3.6,34.4,255.204,114.8,101.199,101.007,26.72,22.36,196.082,125.6,126.5,207358.0,254351.0,26592.0,108.3568,,26.40342295872489
2018-02-01,0.18,1505.1,2855.7,9187.5,484031.0,14921.1,5.8,17.447,2839063.36,236950.0,618.0,148054.0,4.1,63.0,4.2,3.8,3.6,34.5,255.711,115.1,101.416,101.198,26.74,22.41,196.874,125.8,126.8,210539.0,259253.0,25858.0,107.6501,,26.366648260629486
2018-03-01,0.12,1497.5,2857.0,9232.8,484110.0,14974.8,5.9,17.662,2848059.87,244343.0,679.0,148280.0,4.0,62.9,4.4,3.8,3.7,34.5,256.271,115.3,101.524,101.419,26.85,22.49,198.54,126.3,126.5,213280.0,256794.0,26295.0,107.9472,,26.44694850478705
2018-04-01,0.14,1492.0,2851.6,9255.6,484154.0,15007.2,6.0,17.584,2859660.6,243872.0,642.0,148420.0,4.0,62.9,4.4,3.8,3.7,34.5,256.63,115.5,101.766,101.602,26.91,22.55,200.579,126.9,127.1,212156.0,258462.0,24754.0,107.9434,,26.44301633158422
2018-05-01,0.22,1515.4,2876.1,9250.3,491960.0,15057.8,6.0,17.829,2873414.49,243168.0,662.0,148742.0,3.8,62.9,4.5,3.9,3.7,34.5,257.145,115.9,101.941,101.78,26.98,22.6,202.415,127.8,128.2,215578.0,257214.0,24931.0,111.047,,26.46628932421695
2018-06-01,0.12,1509.3,2854.5,9290.8,490228.0,15119.3,6.3,17.743,2877795.26,243778.0,636.0,148960.0,4.0,63.0,4.6,3.9,3.7,34.5,257.399,116.3,102.029,101.872,27.03,22.66,204.008,128.0,128.2,213466.0,258395.0,24381.0,112.8444,,26.49246782777446
2018-07-01,0.14,1513.6,2868.8,9301.4,493142.0,15184.7,6.5,17.629,2889775.78,235786.0,628.0,149020.0,3.8,63.0,4.6,3.8,3.7,34.5,257.699,116.4,102.137,102.006,27.1,22.7,204.917,127.4,128.1,211540.0,261101.0,25077.0,113.0595,,26.532990003622583
2018-08-01,0.14,1522.1,2872.1,9318.6,493445.0,15238.6,6.6,17.564,2903562.13,245657.0,593.0,149277.0,3.8,62.6,4.6,3.9,3.7,34.5,257.891,116.5,102.208,102.016,27.21,22.78,205.295,127.3,127.6,211420.0,260721.0,25827.0,113.8316,,26.622182216656235
2018-09-01,0.32,1513.6,2869.0,9305.7,491507.0,15237.5,6.8,17.776,2913920.11,247957.0,595.0,149358.0,3.7,62.8,4.7,3.8,3.7,34.4,258.368,116.7,102.418,102.205,27.32,22.86,205.342,127.3,127.7,213852.0,264097.0,25411.0,114.0787,,26.674998535413696
2018-10-01,0.46,1511.4,2883.4,9333.2,496416.0,15274.1,6.7,17.991,2925962.16,238903.0,554.0,149527.0,3.8,62.9,4.7,4.0,3.7,34.5,258.917,117.5,102.595,102.366,27.37,22.89,205.339,127.9,128.3,214288.0,266448.0,24365.0,114.8313,,26.677713338856673
2018-11-01,0.4,1546.2,2920.5,9336.2,498854.0,15315.2,6.5,18.061,2939025.82,235930.0,625.0,149617.0,3.8,62.9,4.8,3.9,3.9,34.4,259.439,117.4,102.63,102.556,27.44,23.0,205.077,126.9,126.2,211755.0,260898.0,23964.0,116.169,,26.73682159212706
2018-12-01,0.68,1499.2,2865.3,9317.9,489113.0,15506.5,8.4,18.077,2953194.51,243401.0,546.0,149809.0,3.9,63.0,4.8,3.9,3.7,34.5,260.063,117.4,102.701,102.735,27.56,23.11,204.667,126.1,124.4,209350.0,264347.0,23798.0,116.2118,,26.83518174117097
2019-01-01,1.76,1490.0,2911.3,9320.7,490440.0,15536.3,8.4,16.97,2966254.86,236180.0,595.0,150060.0,4.0,63.1,4.8,3.9,3.7,34.5,260.766,117.0,102.648,102.87,27.59,23.13,204.169,125.3,124.6,211144.0,259929.0,23212.0,114.4425,,26.878263580391238
2019-02-01,1.82,1493.9,2906.9,9328.0,491751.0,15560.4,8.5,16.962,2976583.04,231710.0,648.0,150067.0,3.8,63.1,4.5,3.8,3.8,34.4,261.186,117.2,102.836,102.963,27.69,23.19,204.394,126.1,125.9,213288.0,260858.0,23539.0,114.413,,26.92636819790735
2019-03-01,1.52,1532.3,2926.5,9367.8,499292.0,15566.5,7.9,17.842,2988099.52,240465.0,718.0,150295.0,3.8,63.0,4.6,3.8,3.7,34.5,261.567,117.6,103.069,103.058,27.77,23.29,205.74,127.0,126.6,214650.0,262803.0,23835.0,114.7835,,26.943115776809705
2019-04-01,1.66,1528.8,2934.0,9364.8,499343.0,15534.2,7.6,16.968,2998248.89,232744.0,702.0,150591.0,3.7,62.8,4.6,4.0,3.8,34.4,261.997,118.2,103.36,103.265,27.79,23.33,207.652,127.1,126.8,211246.0,261015.0,24664.0,114.9037,,26.88660990712074
2019-05-01,1.1,1558.9,2943.8,9377.6,504741.0,15532.4,7.3,17.967,3009681.47,224565.0,618.0,150618.0,3.6,62.9,4.6,3.8,3.7,34.4,262.217,118.3,103.435,103.371,27.88,23.4,209.314,126.7,127.0,215480.0,266527.0,25520.0,115.9574,,26.954125779475028
2019-06-01,0.98,1560.1,2966.0,9401.2,505251.0,15562.1,7.1,17.781,3022490.32,224890.0,729.0,150838.0,3.6,63.0,4.6,3.8,3.7,34.4,262.739,118.2,103.484,103.56,27.97,23.48,210.549,126.0,125.6,212818.0,261522.0,25590.0,115.4271,,27.028332882377953
2019-07-01,0.98,1577.7,2975.9,9440.0,509091.0,15581.4,6.8,17.682,3035224.33,228956.0,648.0,150937.0,3.7,63.1,4.5,3.9,3.9,34.4,263.28,118.5,103.622,103.678,28.03,23.53,211.3,126.2,125.6,212797.0,261233.0,24946.0,115.0776,,27.050240296462146
2019-08-01,0.72,1583.5,2984.7,9478.9,512561.0,15664.3,6.9,17.882,3049791.85,230355.0,712.0,151169.0,3.6,63.1,4.5,3.9,3.7,34.4,263.877,118.6,103.67,103.797,28.14,23.61,211.659,125.5,124.9,212599.0,261276.0,25147.0,117.1004,,27.143821742066173
2019-09-01,1.68,1596.0,2968.6,9505.0,509282.0,15697.5,7.0,17.72,3061836.05,226791.0,712.0,151365.0,3.5,63.2,4.5,3.9,3.8,34.4,264.388,118.3,103.733,103.873,28.16,23.68,211.837,125.1,125.0,211602.0,256002.0,25058.0,117.3239,,27.146616795041112
2019-10-01,2.04,1574.3,2975.6,9519.1,510648.0,15718.1,7.1,17.049,3076246.8,226218.0,722.0,151460.0,3.6,63.3,4.6,3.8,3.7,34.4,264.97,118.8,103.917,104.028,28.24,23.75,211.931,125.1,124.5,212281.0,253586.0,25882.0,116.7463,,27.175534320659757
2019-11-01,0.88,1605.4,2980.4,9560.0,514215.0,15766.9,6.9,17.549,3087292.45,218719.0,713.0,151667.0,3.6,63.3,4.3,3.9,3.7,34.3,265.548,118.6,104.024,104.092,28.34,23.83,212.07,125.2,124.7,212786.0,251572.0,25705.0,116.5595,,27.243712989310158
2019-12-01,1.0,1616.1,2981.2,9571.6,515866.0,15683.8,6.2,17.491,3100202.51,222265.0,700.0,151794.0,3.6,63.3,4.2,3.9,3.8,34.3,266.02,119.0,104.307,104.322,28.38,23.85,212.201,125.0,125.0,213402.0,257041.0,24891.0,115.9096,,27.208145186804337
2020-01-01,0.44,1606.3,2976.3,9648.4,515119.0,15842.8,6.8,16.85,3095550.86,233656.0,689.0,152031.0,3.6,63.3,4.5,3.9,3.8,34.3,266.716,119.2,104.49,104.507,28.43,23.91,212.361,125.8,125.2,208878.0,252440.0,23710.0,115.2794,,27.208345296200594
2020-02-01,0.26,1600.5,2986.4,9595.0,515330.0,15900.3,7.5,17.13,3103559.25,240355.0,707.0,152293.0,3.5,63.3,4.4,3.9,3.8,34.3,267.37,118.6,104.573,104.711,28.54,24.03,213.18,124.3,124.3,209544.0,249475.0,22589.0,116.7105,,27.29193960200052
2020-03-01,100.0,1397.5,3097.3,8759.7,468324.0,15702.3,12.4,11.825,3107418.5,204710.0,626.0,150895.0,4.4,62.6,3.8,3.4,10.8,34.1,267.054,118.0,104.271,104.632,28.73,24.12,215.156,122.5,121.3,190055.0,232429.0,23135.0,121.0227,,27.553202712163497
2020-04-01,100.0,1235.7,2729.8,7835.9,401028.0,18015.3,31.8,8.919,3100263.22,165166.0,576.0,130426.0,14.8,60.1,3.4,3.1,8.8,34.2,265.746,116.6,103.838,104.293,30.04,25.14,217.2,118.2,118.2,151929.0,203817.0,23013.0,123.2803,,28.929678922937654
2020-05-01,0.2,1605.9,2966.4,8238.1,478449.0,17110.0,22.6,12.543,3108751.11,184417.0,707.0,133040.0,13.2,60.8,4.0,6.1,3.5,34.7,265.412,117.2,103.942,104.402,29.72,24.98,218.448,118.2,119.0,147143.0,201138.0,22707.0,122.615,,28.592869100075042
2020-06-01,0.14,1750.2,3082.3,8678.6,518038.0,17050.2,18.3,13.532,3128097.2,202777.0,901.0,137671.0,11.0,61.5,4.3,5.4,3.8,34.6,265.849,117.5,104.27,104.565,29.38,24.78,219.774,120.3,120.6,160760.0,209921.0,22569.0,119.6766,,28.176848566222308
2020-07-01,0.08,1805.3,3114.3,8800.3,526304.0,17202.9,17.9,15.182,3146564.42,223750.0,981.0,139255.0,10.2,61.5,4.5,4.5,3.7,34.6,267.389,118.2,104.578,104.937,29.39,24.69,221.53,121.5,122.1,172697.0,231578.0,21688.0,118.69,,28.103425194591598
2020-08-01,0.0,1812.2,3099.2,8915.0,530735.0,16542.0,13.9,16.09,3151845.24,226872.0,1016.0,140821.0,8.4,61.7,4.4,4.3,3.4,34.7,268.422,118.4,104.87,105.243,29.49,24.8,224.008,122.1,123.2,176731.0,238574.0,21341.0,116.9453,,28.12053018022313
2020-09-01,0.04,1816.5,3158.0,9023.1,541302.0,16633.7,13.3,16.713,3164384.24,230481.0,979.0,141770.0,7.8,61.4,4.4,4.2,3.6,34.8,268.933,118.8,105.057,105.41,29.51,24.82,226.757,122.8,123.4,182527.0,239529.0,21361.0,116.3431,,28.089513311821204
2020-10-01,0.04,1819.6,3140.5,9078.0,539114.0,16573.6,12.8,16.564,3173641.49,236338.0,1031.0,142460.0,6.9,61.7,4.6,4.3,3.8,34.8,269.306,119.4,105.151,105.507,29.54,24.84,229.764,123.0,123.3,185902.0,247028.0,21155.0,115.7798,,28.092933020132953
2020-11-01,0.28,1808.2,3129.7,9062.3,533941.0,16381.8,12.0,16.298,3182459.43,237115.0,877.0,142733.0,6.7,61.5,4.6,4.1,3.9,34.8,269.981,119.5,105.258,105.605,29.64,24.94,232.265,124.0,123.4,190228.0,254577.0,21810.0,114.0984,,28.159379809610677
2020-12-01,0.12,1843.0,3141.6,9074.6,538548.0,16397.7,11.8,16.906,3194423.05,241814.0,874.0,142548.0,6.7,61.5,4.5,3.9,3.9,34.8,270.341,120.0,105.699,105.896,29.91,25.16,234.315,125.5,124.6,196454.0,258382.0,21755.0,111.8992,,28.297334884909038
2021-01-01,0.02,1903.9,3196.8,9141.4,559230.0,18194.0,19.5,16.719,3206160.92,249937.0,898.0,142863.0,6.4,61.4,4.8,3.9,3.6,35.0,270.387,121.2,106.147,106.281,29.93,25.16,236.391,128.9,126.5,199093.0,261919.0,22450.0,111.4873,,28.196746022026055
2021-02-01,0.02,1842.1,3136.7,9125.8,544891.0,16697.3,13.0,16.146,3221475.62,251426.0,778.0,143380.0,6.2,61.4,5.2,4.1,3.7,34.6,270.793,122.0,106.5,106.501,30.05,25.25,239.174,131.0,128.0,195739.0,261369.0,22122.0,112.0171,,28.215962441314556
2021-03-01,0.02,2102.8,3322.2,9307.1,603581.0,20520.0,26.2,18.451,3236403.7,253805.0,871.0,144232.0,6.1,61.5,5.6,4.3,3.8,34.9,271.459,122.8,107.054,106.933,30.03,25.33,244.172,134.3,129.9,208951.0,274608.0,21784.0,113.3366,,28.0512638481514
2021-04-01,0.28,2112.2,3323.4,9410.0,608961.0,17420.7,12.4,18.574,3253605.89,252613.0,828.0,144587.0,6.1,61.6,6.1,4.2,3.9,34.9,273.66,124.0,107.618,107.558,30.22,25.52,249.781,135.9,131.1,209117.0,274233.0,21290.0,112.6323,,28.080804326413798
2021-05-01,0.16,2005.1,3315.0,9491.0,605282.0,16922.4,10.0,17.519,3277018.7,253009.0,725.0,145065.0,5.8,61.6,6.4,4.1,3.8,34.9,275.465,125.3,108.175,108.099,30.41,25.68,255.404,139.0,132.8,211641.0,277420.0,21635.0,111.2123,,28.111855789230415
2021-06-01,0.12,1966.2,3370.5,9592.8,611950.0,16838.1,8.8,16.056,3403066.22,258284.0,695.0,145820.0,5.9,61.7,6.6,4.5,3.9,34.8,277.651,126.2,108.76,108.603,30.54,25.82,261.12,140.6,134.2,214009.0,285196.0,21041.0,111.5777,,28.080176535490985
2021-07-01,0.14,1901.9,3316.0,9681.0,601817.0,16949.3,9.5,15.187,3415266.5,259416.0,726.0,146762.0,5.4,61.8,7.0,4.6,4.0,34.8,278.648,127.486,109.256,109.058,30.66,25.97,265.446,142.1,134.6,216286.0,285455.0,18250.0,113.0633,,28.062532034853923
2021-08-01,1.48,1895.0,3358.1,9746.8,605533.0,16917.1,8.7,13.874,3429368.39,264287.0,686.0,147314.0,5.1,61.7,6.9,4.3,4.0,34.8,278.997,128.603,109.674,109.409,30.78,26.12,268.714,142.4,134.3,217728.0,290317.0,17486.0,113.4025,,28.064992614475628
2021-09-01,1.56,1889.6,3353.8,9775.9,609671.0,16728.5,7.6,12.731,3441664.31,259192.0,728.0,147771.0,4.7,61.7,6.8,4.5,4.1,34.8,279.698,129.226,110.034,109.641,30.98,26.3,271.364,142.8,134.9,214183.0,288840.0,18951.0,113.4438,,28.154933929512694
2021-10-01,0.16,1935.4,3364.3,9816.3,618573.0,16733.5,7.0,13.156,3451241.87,263534.0,684.0,148572.0,4.5,61.8,7.0,4.5,3.9,34.7,281.668,130.045,110.762,110.188,31.14,26.45,273.571,145.5,136.9,228772.0,294775.0,19155.0,114.0635,,28.114335241328252
2021-11-01,0.28,1935.7,3370.8,9839.7,624874.0,16686.4,6.6,13.37,3463838.46,268650.0,789.0,149230.0,4.1,61.9,7.0,4.6,4.1,34.8,283.406,131.475,111.5,110.77,31.23,26.56,275.94,146.5,137.9,231756.0,311181.0,20599.0,114.9898,,28.008968609865473
2021-12-01,1.16,1902.0,3344.9,9840.3,619938.0,16610.8,6.6,13.123,3479173.48,277487.0,825.0,149816.0,3.9,62.0,7.1,4.5,4.1,34.9,285.18,132.26,112.191,111.418,31.39,26.76,278.514,144.2,137.4,236793.0,316030.0,21153.0,115.8045,,27.979071405014665
2022-01-01,1.0,1941.3,3340.6,9815.9,631509.0,16206.1,4.2,14.886,3483900.8,280925.0,807.0,150006.0,4.0,62.2,7.0,4.3,4.2,34.5,286.757,133.529,112.805,111.976,31.6,26.91,281.892,148.2,140.1,232637.0,316236.0,21465.0,115.0373,,28.01294268871061
2022-02-01,0.3,1904.9,3328.9,9871.8,638101.0,16207.6,4.1,14.198,3503590.79,277036.0,788.0,150825.0,3.9,62.3,7.2,4.5,4.0,34.7,288.273,134.771,113.471,112.468,31.64,26.97,287.111,153.0,142.6,237005.0,321690.0,19845.0,114.9977,,27.883776471521355
2022-03-01,0.34,1926.1,3333.7,9925.4,651027.0,16127.2,3.2,14.221,3521128.81,277554.0,720.0,151315.0,3.7,62.4,7.5,4.4,4.1,34.7,289.056,137.037,114.469,112.914,31.8,27.1,294.902,159.0,146.8,248299.0,347697.0,20583.0,116.2908,,27.780447107950625
2022-04-01,0.76,1957.5,3334.7,9973.2,660194.0,16125.5,2.6,14.615,3540011.66,279157.0,624.0,151623.0,3.7,62.2,7.3,4.3,4.0,34.6,290.514,137.773,114.812,113.307,31.96,27.28,301.516,160.6,147.5,256715.0,339592.0,20968.0,117.1688,,27.836811483120233
2022-05-01,0.94,1900.4,3339.6,10000.4,659847.0,16103.0,2.6,13.291,3560424.98,278740.0,644.0,151924.0,3.6,62.3,7.1,4.2,4.0,34.6,292.063,139.013,115.525,113.703,32.1,27.4,306.276,164.9,148.2,259050.0,341207.0,20020.0,119.6962,,27.786193464618048
2022-06-01,0.46,1895.8,3330.8,10022.8,666113.0,16062.9,2.2,13.821,3578596.08,284763.0,549.0,152358.0,3.6,62.2,6.9,4.3,4.0,34.6,294.05,140.273,116.638,114.376,32.19,27.52,308.07,166.7,148.5,262615.0,342400.0,19613.0,120.0257,,27.598209845847837
2022-07-01,0.3,1904.1,3293.4,10065.9,659550.0,16270.4,3.3,13.87,3592487.37,284460.0,519.0,153072.0,3.5,62.1,7.0,4.2,3.8,34.6,295.088,139.837,116.631,114.628,32.34,27.66,306.905,160.5,146.4,265032.0,333428.0,20259.0,122.7512,,27.728476991537416
2022-08-01,0.4,1921.9,3313.4,10111.2,663566.0,16367.3,3.2,14.184,3607189.48,282368.0,638.0,153362.0,3.6,62.3,6.2,4.2,4.1,34.5,296.535,139.755,116.956,115.276,32.44,27.75,303.48,158.3,144.6,265216.0,332175.0,20671.0,122.3177,,27.736926707479736
2022-09-01,0.52,1905.9,3323.4,10126.7,661854.0,16423.8,3.4,14.12,3623266.62,282430.0,552.0,153582.0,3.5,62.2,6.6,4.0,3.8,34.6,298.226,140.2,117.371,115.788,32.57,27.87,300.312,156.8,143.1,262473.0,330254.0,20989.0,125.5946,,27.749614470354686
2022-10-01,0.68,1926.1,3319.6,10139.2,668671.0,16476.3,3.4,15.099,3645032.06,287071.0,579.0,153939.0,3.6,62.2,6.4,4.0,3.8,34.6,299.399,140.681,117.919,116.204,32.7,27.99,298.526,156.0,142.7,259671.0,334444.0,22058.0,127.4806,,27.730900024593158
2022-11-01,1.2,1871.6,3300.9,10166.9,659458.0,16502.7,3.8,14.583,3659181.15,279095.0,597.0,154242.0,3.6,62.1,6.4,4.0,3.8,34.5,300.325,141.16,118.224,116.539,32.82,28.11,296.71,155.4,141.6,256225.0,319022.0,21962.0,124.8527,,27.76086073893626
2022-12-01,1.4,1864.3,3287.3,10173.5,651763.0,16578.2,4.2,13.874,3665798.9,293358.0,621.0,154342.0,3.5,62.3,6.6,4.0,3.9,34.4,301.394,140.694,118.384,116.952,32.94,28.22,294.204,150.8,141.8,253508.0,324029.0,22404.0,122.2343,,27.824706041356936
2023-01-01,0.32,1988.9,3320.4,10223.3,680253.0,16906.9,4.9,15.657,3673726.93,288874.0,650.0,154776.0,3.5,62.4,6.2,4.1,3.8,34.6,302.642,141.203,119.018,117.505,33.02,28.31,292.698,151.1,141.3,259974.0,328774.0,22271.0,119.8101,,27.743702633215147
2023-02-01,0.38,1963.4,3332.3,10224.7,672152.0,16998.2,5.5,15.47,3680882.22,280693.0,636.0,155066.0,3.6,62.5,6.0,3.9,3.7,34.5,304.123,141.135,119.369,117.929,33.15,28.42,293.494,151.7,141.0,254337.0,323539.0,22969.0,120.3084,,27.77102932922283
2023-03-01,0.4,1948.9,3299.1,10272.0,665071.0,17098.8,6.0,15.621,3688224.0,289270.0,651.0,155134.0,3.5,62.6,5.9,3.8,3.9,34.4,305.147,140.736,119.538,118.315,33.27,28.56,297.412,151.1,139.9,259541.0,318127.0,23351.0,120.745,,27.83215379209959
2023-04-01,0.44,1972.3,3323.0,10274.9,670494.0,17135.3,5.8,16.41,3687580.17,290168.0,665.0,155375.0,3.4,62.6,6.0,3.8,3.6,34.4,306.534,140.934,119.951,118.734,33.43,28.7,301.519,151.0,140.3,253608.0,324718.0,22840.0,119.2451,,27.86971346633209
2023-05-01,0.66,1962.5,3314.1,10285.5,673902.0,17196.7,6.1,15.931,3684426.05,289707.0,739.0,155655.0,3.6,62.6,5.7,3.9,3.8,34.4,307.652,140.614,120.15,119.083,33.5,28.78,305.382,147.9,139.7,252569.0,318383.0,23584.0,119.6293,,27.881814398668332
2023-06-01,0.84,1967.7,3329.6,10313.8,677117.0,17216.3,5.8,16.606,3701363.29,303971.0,674.0,155880.0,3.6,62.6,5.6,3.8,3.6,34.4,308.322,140.698,120.469,119.39,33.69,28.89,308.341,147.0,139.4,251879.0,317042.0,23688.0,119.2969,,27.96570071968722
2023-07-01,0.42,1994.2,3342.7,10350.5,678424.0,17250.6,5.5,16.321,3704030.63,293278.0,702.0,156043.0,3.5,62.6,5.3,3.6,3.6,34.3,308.96,141.485,120.607,119.556,33.85,29.01,310.265,147.5,139.4,255576.0,319335.0,24535.0,118.0492,,28.066364307212684
2023-08-01,0.46,2000.7,3349.1,10348.5,684755.0,17275.3,5.6,16.071,3674938.7,289128.0,645.0,156261.0,3.7,62.8,5.6,3.7,3.6,34.4,309.58,142.409,120.97,119.689,33.89,29.06,311.628,149.2,140.3,259963.0,319128.0,25055.0,119.8564,,28.01521038273952
2023-09-01,0.42,1998.7,3356.5,10362.5,689403.0,17282.2,5.3,16.209,3677904.82,298229.0,681.0,156417.0,3.7,62.7,5.6,3.7,3.5,34.4,310.539,142.744,121.419,120.058,34.01,29.18,312.482,150.0,141.0,263533.0,323098.0,24194.0,121.6455,,28.010443176109177
2023-10-01,0.6,1990.4,3366.7,10400.9,686148.0,17341.3,5.4,15.738,3686716.5,285976.0,681.0,156576.0,3.9,62.6,5.2,3.7,3.5,34.3,311.457,142.249,121.484,120.241,34.08,29.26,312.829,148.6,140.1,262463.0,326563.0,23130.0,123.4971,,28.05307694840473
2023-11-01,0.62,1992.0,3375.4,10445.8,685328.0,17427.1,5.6,15.782,3691616.4,298570.0,610.0,156703.0,3.7,62.8,5.2,3.5,3.5,34.4,312.392,142.334,121.493,120.374,34.17,29.37,312.067,147.5,139.4,257254.0,322307.0,23391.0,121.2221,,28.125077164939547
2023-12-01,1.22,2014.3,3386.2,10479.1,686277.0,17481.7,5.6,16.321,3689360.03,304324.0,643.0,156857.0,3.8,62.5,5.2,3.6,3.5,34.4,313.195,142.165,121.66,120.592,34.29,29.47,310.888,146.5,138.4,261838.0,325726.0,24284.0,119.8331,,28.1851060332073
2024-01-01,2.82,1979.1,3356.8,10480.8,680456.0,17575.4,6.4,15.558,3694115.07,280614.0,681.0,157032.0,3.7,62.5,5.1,3.6,3.4,34.2,314.319,142.576,122.23,121.217,34.47,29.61,310.759,147.5,139.4,261796.0,328873.0,25562.0,120.2274,,28.200932667921133
2024-02-01,0.5,1997.5,3348.5,10540.4,685280.0,17596.2,6.1,16.255,3695808.59,282623.0,658.0,157238.0,3.9,62.6,5.1,3.6,3.5,34.4,315.564,143.356,122.598,121.537,34.52,29.66,312.682,148.6,139.7,269323.0,335754.0,25959.0,121.0659,,28.157066183787666
2024-03-01,0.36,2006.2,3383.1,10551.9,687641.0,17617.0,5.9,16.21,3693979.1,287423.0,692.0,157466.0,3.9,62.7,5.0,3.5,3.3,34.4,316.792,143.521,123.038,122.009,34.65,29.78,316.863,148.8,140.5,265638.0,331904.0,26857.0,120.6588,,28.1620312423804
2024-04-01,0.52,2009.1,3384.9,10575.8,687602.0,17638.6,5.8,16.458,3693280.33,286972.0,719.0,157530.0,3.9,62.6,4.6,3.5,3.4,34.2,317.649,144.197,123.341,122.304,34.76,29.85,320.789,149.8,141.7,266393.0,339503.0,25847.0,122.1428,,28.182031927745033
2024-05-01,0.38,2043.9,3399.9,10604.3,692774.0,17713.3,5.8,16.361,3693556.72,286829.0,665.0,157608.0,3.9,62.6,4.7,3.5,3.4,34.3,318.095,144.224,123.348,122.383,34.89,29.97,323.727,148.8,141.5,264976.0,339432.0,26174.0,121.8583,,28.28582546940364
2024-06-01,0.58,2042.5,3409.2,10640.3,692449.0,17751.1,5.7,15.79,3695485.9,281128.0,671.0,157695.0,4.1,62.6,4.5,3.3,3.2,34.3,318.39,144.869,123.539,122.677,35.01,30.07,325.285,148.4,141.6,268356.0,342248.0,25671.0,123.7095,,28.339228907470513
2024-07-01,0.86,2070.9,3428.5,10656.2,698835.0,17743.2,5.3,16.337,3708692.37,293234.0,710.0,157748.0,4.2,62.7,4.5,3.4,3.4,34.2,318.94,144.922,123.736,122.911,35.08,30.16,325.602,149.2,141.8,271115.0,349754.0,25711.0,123.3824,,28.35068209736859
2024-08-01,0.6,2064.0,3421.8,10689.2,697039.0,17752.9,5.2,15.978,3715582.89,289926.0,693.0,157757.0,4.2,62.7,4.6,3.3,3.3,34.3,319.75,145.409,123.889,123.128,35.22,30.27,325.047,148.2,141.4,275719.0,346933.0,25904.0,122.6137,,28.428674055000844
2024-09-01,0.68,2087.1,3464.3,10709.9,703055.0,17769.9,4.8,16.341,3715864.22,292469.0,717.0,157912.0,4.1,62.7,4.2,3.4,3.3,34.3,320.732,145.803,124.164,123.466,35.34,30.39,324.666,147.3,140.9,273687.0,355185.0,26224.0,121.8849,,28.462356238523245
2024-10-01,0.5,2096.0,3459.5,10726.1,708290.0,17810.5,5.0,16.493,3719419.28,293266.0,621.0,157945.0,4.1,62.5,4.5,3.3,3.3,34.2,321.731,146.294,124.494,123.832,35.46,30.48,323.981,148.8,141.1,269501.0,343751.0,25839.0,123.5953,,28.48330040001928
2024-11-01,0.34,2131.7,3458.9,10747.3,711853.0,17851.4,4.9,16.908,3724153.13,288340.0,675.0,158079.0,4.2,62.4,4.6,3.3,3.3,34.3,322.657,146.447,124.637,123.962,35.6,30.56,323.697,148.8,141.3,275828.0,355580.0,26249.0,126.3113,,28.56294679749994
2024-12-01,0.3,2187.6,3492.2,10783.0,717265.0,17867.9,4.3,17.301,3651093.75,290559.0,718.0,158316.0,4.1,62.5,4.4,3.3,3.2,34.3,323.259,147.052,124.979,124.196,35.69,30.66,323.315,149.5,141.4,270192.0,367140.0,25874.0,127.5758,,28.556797541987052
2025-01-01,0.58,2089.6,3474.2,10783.6,711260.0,17889.8,5.1,15.95,3654504.23,291195.0,662.0,158268.0,4.0,62.6,4.5,3.3,3.3,34.1,324.638,147.975,125.417,124.587,35.84,30.79,323.666,151.6,141.8,273740.0,402070.0,27290.0,128.8369,,28.576668234768814
2025-02-01,0.2,2091.8,3489.5,10749.0,711922.0,17910.5,5.2,16.419,3654232.99,293985.0,642.0,158310.0,4.2,62.5,4.4,3.3,3.3,34.2,325.465,148.233,125.921,125.145,35.94,30.89,325.139,152.6,142.1,280663.0,400443.0,26954.0,127.8758,,28.54170471962579
2025-03-01,0.24,2179.1,3503.0,10788.3,722572.0,18029.1,5.1,18.35,3729830.96,316215.0,660.0,158377.0,4.2,62.5,4.2,3.4,3.3,34.2,325.69,148.055,125.941,125.267,36.11,31.02,327.752,152.5,141.6,283132.0,418988.0,26204.0,126.243,4020000.0,28.672156009560034
2025-04-01,0.54,2165.0,3502.5,10822.0,721789.0,18132.9,5.5,17.583,3739516.95,295229.0,706.0,158485.0,4.2,62.6,4.3,3.4,3.3,34.3,326.467,147.655,126.15,125.502,36.12,31.09,329.911,152.6,141.7,291033.0,351116.0,26439.0,124.1402,4020000.0,28.632580261593336
2025-05-01,0.68,2117.7,3498.3,10841.8,716101.0,17980.9,4.9,16.043,3748727.74,344069.0,627.0,158498.0,4.3,62.4,4.4,3.4,3.3,34.2,326.893,148.153,126.38,125.79,36.28,31.2,331.426,151.6,141.0,280056.0,350620.0,26391.0,122.3422,4040000.0,28.70707390409875
2025-06-01,0.44,2113.9,3522.8,10863.2,723033.0,17962.1,4.6,16.282,3742436.85,311761.0,662.0,158478.0,4.1,62.3,4.3,3.4,3.4,34.2,327.658,148.393,126.743,126.121,36.36,31.31,331.608,152.3,140.8,280442.0,338078.0,27930.0,120.5939,3980000.0,28.687974878297023
2025-07-01,0.34,2141.6,3533.2,10909.2,727727.0,18040.9,4.5,16.998,3746300.65,303032.0,639.0,158542.0,4.3,62.2,4.3,3.3,3.3,34.2,328.682,149.597,126.96,126.43,36.47,31.39,330.95,152.8,141.2,284322.0,358555.0,28315.0,120.1127,4030000.0,28.725582860743543
2025-08-01,0.72,2144.8,3551.6,10936.4,731700.0,18076.9,4.4,16.9,3750989.91,312138.0,706.0,158472.0,4.3,62.3,4.2,3.2,3.3,34.2,329.7,149.327,127.293,126.714,36.62,31.49,329.855,153.0,141.0,284344.0,340355.0,29583.0,120.5758,4030000.0,28.768274767662003
2025-09-01,0.66,2134.9,3538.9,10973.3,732192.0,18094.6,4.3,16.985,3759949.12,314147.0,719.0,158548.0,4.4,62.5,4.3,3.3,3.3,34.2,330.418,150.245,127.625,126.954,36.7,31.56,328.881,153.0,140.8,293804.0,342972.0,28592.0,120.0291,4080000.0,28.756121449559256
2025-10-01,0.82,2134.9,3544.2,11001.9,731051.0,18063.1,4.0,15.845,3763382.48,307570.0,650.0,158408.0,,,4.3,3.3,3.2,34.2,,150.439,127.871,127.243,36.85,31.7,328.238,,,301177.0,332279.0,27476.0,120.7618,4110000.0,28.81810574719835
2025-11-01,0.34,2150.6,3548.9,11000.9,734718.0,18078.6,4.0,16.006,3767620.45,324305.0,764.0,158449.0,4.5,62.5,4.1,3.2,3.2,34.3,331.043,151.054,128.152,127.469,37.0,31.79,327.807,153.7,141.2,290906.0,346932.0,27608.0,121.4177,4090000.0,28.871964542106255
2025-12-01,0.24,2138.1,3541.1,11032.2,734717.0,18070.6,3.9,16.4,3775317.59,321342.0,712.0,158432.0,4.4,62.4,4.0,3.3,3.3,34.2,331.814,151.626,128.576,127.886,37.02,31.83,326.969,154.6,141.4,286301.0,359201.0,26347.0,120.1883,4270000.0,28.79230960676954
2026-01-01,0.2,2108.1,3529.7,11067.1,733955.0,18183.1,4.5,15.215,3780416.9,319975.0,587.0,158592.0,4.3,62.1,4.4,3.4,3.2,34.3,332.793,152.464,128.965,128.388,37.15,31.94,326.612,155.6,142.2,302224.0,356901.0,27460.0,119.2298,4020000.0,28.80626526576978
2026-02-01,0.48,2126.8,3521.4,11076.2,738366.0,18100.8,4.0,16.134,3789191.8,315879.0,,158459.0,4.4,62.0,4.2,3.1,3.1,34.3,333.512,153.221,129.449,128.859,37.29,32.02,,158.0,144.0,314787.0,372135.0,27256.0,117.906,4130000.0,28.80671152345711
2026-03-01,,,,,,,,16.686,,,,158637.0,4.3,61.9,,,,34.2,334.165,154.006,,,37.38,32.07,,,,,,,119.9199,3980000.0,
