Time,realtime_start_PCECC96,value_PCECC96,Time_PCECC96,realtime_start_GCE,value_GCE,Time_GCE,realtime_start_PRS85006092,value_PRS85006092,Time_PRS85006092
0,1959-02-19,192.5,1947-01-01,1947-07-20,13.2,1939-01-01,2016-06-07,9.6,1947-04-01
1,1965-08-19,203.4,1947-01-01,1954-07-13,13.5,1939-01-01,2018-08-15,9.5,1947-04-01
2,1976-01-16,302.7,1947-01-01,1958-07-16,,1939-01-01,2019-03-07,9.4,1947-04-01
3,1980-12-23,302.3,1947-01-01,1947-07-20,13.2,1939-04-01,2021-08-10,9.5,1947-04-01
4,1985-12-20,658.1,1947-01-01,1954-07-13,13.4,1939-04-01,2022-11-03,9.4,1947-04-01
5,1991-12-04,,1947-01-01,1958-07-16,,1939-04-01,2016-06-07,-11.3,1947-07-01
6,1992-12-22,784.0,1947-01-01,1947-07-20,12.6,1939-07-01,2018-08-15,-11.7,1947-07-01
7,1996-01-19,,1947-01-01,1954-07-13,12.9,1939-07-01,2016-06-07,17.9,1947-10-01
8,1997-04-30,912.1,1947-01-01,1958-07-16,,1939-07-01,2016-08-09,17.8,1947-10-01
9,1999-10-28,,1947-01-01,1947-07-20,13.3,1939-10-01,2018-03-07,17.9,1947-10-01
10,2000-04-27,963.4,1947-01-01,1954-07-13,13.4,1939-10-01,2019-03-07,18.0,1947-10-01
11,2003-12-10,1017.2,1947-01-01,1958-07-16,,1939-10-01,2019-08-15,17.9,1947-10-01
12,2009-07-31,1131.5,1947-01-01,1947-07-20,13.4,1940-01-01,2021-03-04,18.0,1947-10-01
13,2011-07-29,1130.9,1947-01-01,1954-07-13,13.6,1940-01-01,2023-11-02,17.9,1947-10-01
14,2013-07-31,1199.4,1947-01-01,1958-07-16,,1940-01-01,2016-06-07,1.5,1948-01-01
15,2017-10-27,1199.413,1947-01-01,1947-07-20,13.3,1940-04-01,2016-08-09,1.6,1948-01-01
16,2018-07-27,1274.952,1947-01-01,1954-07-13,13.4,1940-04-01,2018-08-15,1.8,1948-01-01
17,2021-07-29,1277.44,1947-01-01,1958-07-16,,1940-04-01,2016-06-07,-1.0,1948-04-01
18,2023-09-28,1351.397,1947-01-01,1947-07-20,13.5,1940-07-01,2019-03-07,-1.1,1948-04-01
19,1959-02-19,196.1,1947-04-01,1958-07-16,,1940-07-01,2021-08-10,-1.0,1948-04-01
20,1965-08-19,207.0,1947-04-01,1947-07-20,15.6,1940-10-01,2023-11-02,-1.1,1948-04-01
21,1976-01-16,307.3,1947-04-01,1954-07-13,15.8,1940-10-01,2016-06-07,0.5,1948-07-01
22,1980-12-23,307.0,1947-04-01,1958-07-16,,1940-10-01,2018-08-15,0.4,1948-07-01
23,1985-12-20,669.4,1947-04-01,1947-07-20,18.7,1941-01-01,2020-03-05,0.5,1948-07-01
24,1991-12-04,,1947-04-01,1954-07-13,18.8,1941-01-01,2021-03-04,0.4,1948-07-01
25,1992-12-22,796.8,1947-04-01,1958-07-16,,1941-01-01,2016-06-07,1.6,1948-10-01
26,1996-01-19,,1947-04-01,1947-07-20,21.3,1941-04-01,2018-08-15,1.7,1948-10-01
27,1997-04-30,928.5,1947-04-01,1954-07-13,21.4,1941-04-01,2019-03-07,1.8,1948-10-01
28,1999-10-28,,1947-04-01,1958-07-16,,1941-04-01,2020-03-05,1.7,1948-10-01
29,2000-04-27,978.7,1947-04-01,1947-07-20,26.0,1941-07-01,2021-05-06,1.8,1948-10-01
30,2003-12-10,1034.0,1947-04-01,1954-07-13,25.9,1941-07-01,2022-11-03,1.7,1948-10-01
31,2009-07-31,1150.2,1947-04-01,1958-07-16,,1941-07-01,2023-11-02,1.8,1948-10-01
32,2011-07-29,1149.7,1947-04-01,1947-07-20,32.8,1941-10-01,2016-06-07,4.0,1949-01-01
33,2013-07-31,1219.3,1947-04-01,1954-07-13,32.9,1941-10-01,2018-08-15,4.1,1949-01-01
34,2017-10-27,1219.329,1947-04-01,1958-07-16,,1941-10-01,2019-03-07,4.2,1949-01-01
35,2018-07-27,1296.163,1947-04-01,1947-07-20,39.0,1942-01-01,2021-05-06,4.1,1949-01-01
36,2021-07-29,1298.692,1947-04-01,1949-07-27,39.2,1942-01-01,2021-08-10,4.2,1949-01-01
37,2023-09-28,1373.88,1947-04-01,1958-07-16,,1942-01-01,2022-11-03,4.1,1949-01-01
38,1959-02-19,196.9,1947-07-01,1947-07-20,53.5,1942-04-01,2016-06-07,4.3,1949-04-01
39,1965-08-19,207.4,1947-07-01,1949-07-27,53.6,1942-04-01,2022-11-03,4.2,1949-04-01
40,1976-01-16,307.6,1947-07-01,1958-07-16,,1942-04-01,2016-06-07,10.0,1949-07-01
41,1980-12-23,307.2,1947-07-01,1947-07-20,68.2,1942-07-01,2018-08-15,9.8,1949-07-01
42,1985-12-20,670.0,1947-07-01,1958-07-16,,1942-07-01,2022-11-03,9.9,1949-07-01
43,1991-12-04,,1947-07-01,1947-07-20,78.0,1942-10-01,2016-06-07,-2.1,1949-10-01
44,1992-12-22,796.7,1947-07-01,1949-07-27,77.9,1942-10-01,2018-08-15,-2.3,1949-10-01
45,1996-01-19,,1947-07-01,1958-07-16,,1942-10-01,2019-03-07,-2.2,1949-10-01
46,1997-04-30,931.9,1947-07-01,1947-07-20,85.0,1943-01-01,2022-11-03,-2.1,1949-10-01
47,1999-10-28,,1947-07-01,1954-07-13,85.1,1943-01-01,2016-06-07,14.6,1950-01-01
48,2000-04-27,981.7,1947-07-01,1958-07-16,,1943-01-01,2018-08-15,14.4,1950-01-01
49,2003-12-10,1037.5,1947-07-01,1947-07-20,88.4,1943-04-01,2016-06-07,4.6,1950-04-01
50,2009-07-31,1154.0,1947-07-01,1949-07-27,88.5,1943-04-01,2018-08-15,5.1,1950-04-01
51,2011-07-29,1153.4,1947-07-01,1958-07-16,,1943-04-01,2019-03-07,5.0,1950-04-01
52,2013-07-31,1223.3,1947-07-01,1947-07-20,88.8,1943-07-01,2016-06-07,9.0,1950-07-01
53,2017-10-27,1223.266,1947-07-01,1954-07-13,88.7,1943-07-01,2016-08-09,8.9,1950-07-01
54,2018-07-27,1300.388,1947-07-01,1958-07-16,,1943-07-01,2017-03-08,9.0,1950-07-01
55,2021-07-29,1302.925,1947-07-01,1947-07-20,92.2,1943-10-01,2018-08-15,8.9,1950-07-01
56,2023-09-28,1378.358,1947-07-01,1954-07-13,92.1,1943-10-01,2022-11-03,9.0,1950-07-01
57,1959-02-19,197.0,1947-10-01,1958-07-16,,1943-10-01,2016-06-07,0.6,1950-10-01
58,1965-08-19,207.3,1947-10-01,1947-07-20,95.9,1944-01-01,2018-08-15,0.7,1950-10-01
59,1976-01-16,307.2,1947-10-01,1948-07-11,95.0,1944-01-01,2016-06-07,0.8,1951-01-01
60,1980-12-23,306.8,1947-10-01,1958-07-16,,1944-01-01,2018-08-15,0.5,1951-01-01
61,1985-12-20,668.8,1947-10-01,1947-07-20,97.4,1944-04-01,2023-11-02,0.4,1951-01-01
62,1991-12-04,,1947-10-01,1948-07-11,96.3,1944-04-01,2016-06-07,-1.4,1951-04-01
63,1992-12-22,795.7,1947-10-01,1949-07-27,96.2,1944-04-01,2018-08-15,-1.2,1951-04-01
64,1996-01-19,,1947-10-01,1958-07-16,,1944-04-01,2021-03-04,-1.3,1951-04-01
65,1997-04-30,932.1,1947-10-01,1947-07-20,96.0,1944-07-01,2021-05-06,-1.2,1951-04-01
66,1999-10-28,,1947-10-01,1948-07-11,96.9,1944-07-01,2016-06-07,9.5,1951-07-01
67,2000-04-27,981.8,1947-10-01,1958-07-16,,1944-07-01,2018-08-15,9.3,1951-07-01
68,2003-12-10,1037.7,1947-10-01,1947-07-20,97.1,1944-10-01,2022-11-03,9.2,1951-07-01
69,2009-07-31,1154.3,1947-10-01,1948-07-11,98.0,1944-10-01,2016-06-07,0.9,1951-10-01
70,2011-07-29,1153.8,1947-10-01,1954-07-13,98.1,1944-10-01,2016-08-09,1.0,1951-10-01
71,2013-07-31,1223.7,1947-10-01,1958-07-16,,1944-10-01,2017-03-08,0.9,1951-10-01
72,2014-07-30,1223.6,1947-10-01,1947-07-20,100.0,1945-01-01,2018-08-15,1.2,1951-10-01
73,2017-10-27,1223.649,1947-10-01,1948-07-11,98.5,1945-01-01,2016-06-07,1.7,1952-01-01
74,2018-07-27,1300.801,1947-10-01,1949-07-27,98.6,1945-01-01,2018-08-15,2.0,1952-01-01
75,2021-07-29,1303.34,1947-10-01,1958-07-16,,1945-01-01,2021-08-10,2.1,1952-01-01
76,2023-09-28,1378.796,1947-10-01,1947-07-20,96.4,1945-04-01,2016-06-07,-0.3,1952-04-01
77,1959-02-19,198.1,1948-01-01,1948-07-11,97.2,1945-04-01,2018-08-15,-0.8,1952-04-01
78,1965-08-19,208.5,1948-01-01,1949-07-27,97.3,1945-04-01,2016-06-07,-1.5,1952-07-01
79,1976-01-16,309.3,1948-01-01,1954-07-13,97.4,1945-04-01,2018-08-15,-1.9,1952-07-01
80,1980-12-23,308.8,1948-01-01,1958-07-16,,1945-04-01,2021-08-10,-2.0,1952-07-01
81,1985-12-20,674.6,1948-01-01,1947-07-20,80.6,1945-07-01,2022-11-03,-1.9,1952-07-01
82,1991-12-04,,1948-01-01,1948-07-11,80.2,1945-07-01,2016-06-07,8.2,1952-10-01
83,1992-12-22,803.3,1948-01-01,1958-07-16,,1945-07-01,2018-08-15,8.6,1952-10-01
84,1996-01-19,,1948-01-01,1947-07-20,55.5,1945-10-01,2022-11-03,8.7,1952-10-01
85,1997-04-30,936.2,1948-01-01,1948-07-11,55.2,1945-10-01,2024-03-07,8.8,1952-10-01
86,1999-10-28,,1948-01-01,1958-07-16,,1945-10-01,2025-03-06,8.7,1952-10-01
87,2000-04-27,986.7,1948-01-01,1947-07-20,35.4,1946-01-01,2016-06-07,3.2,1953-01-01
88,2003-12-10,1042.6,1948-01-01,1948-07-11,35.1,1946-01-01,2018-08-15,3.5,1953-01-01
89,2009-07-31,1160.1,1948-01-01,1950-07-23,35.4,1946-01-01,2016-06-07,1.3,1953-04-01
90,2011-07-29,1159.6,1948-01-01,1954-07-13,35.5,1946-01-01,2018-08-15,1.0,1953-04-01
91,2013-07-31,1229.8,1948-01-01,1958-07-16,35.3,1946-01-01,2023-03-02,0.9,1953-04-01
92,2017-10-27,1229.757,1948-01-01,1959-02-19,34.9,1946-01-01,2023-11-02,1.0,1953-04-01
93,2018-07-27,1307.283,1948-01-01,1965-08-19,30.9,1946-01-01,2025-03-06,0.9,1953-04-01
94,2021-07-29,1309.834,1948-01-01,1976-01-16,31.6,1946-01-01,2016-06-07,2.0,1953-07-01
95,2023-09-28,1385.667,1948-01-01,1985-12-20,33.0,1946-01-01,2018-08-15,1.7,1953-07-01
96,1959-02-19,199.0,1948-04-01,1991-12-04,,1946-01-01,2016-06-07,-1.5,1953-10-01
97,1965-08-19,210.7,1948-04-01,1992-12-22,33.1,1946-01-01,2018-08-15,-1.4,1953-10-01
98,1976-01-16,312.5,1948-04-01,1996-01-19,,1946-01-01,2019-03-07,-1.3,1953-10-01
99,1980-12-23,312.1,1948-04-01,1997-04-30,43.9,1946-01-01,2022-11-03,-1.4,1953-10-01
100,1985-12-20,681.4,1948-04-01,1999-10-28,,1946-01-01,2016-06-07,0.7,1954-01-01
101,1991-12-04,,1948-04-01,2000-04-27,44.2,1946-01-01,2018-08-15,0.8,1954-01-01
102,1992-12-22,811.6,1948-04-01,2003-12-10,,1946-01-01,2020-03-05,0.9,1954-01-01
103,1996-01-19,,1948-04-01,1947-07-20,30.3,1946-04-01,2021-05-06,0.8,1954-01-01
104,1997-04-30,946.2,1948-04-01,1948-07-11,29.3,1946-04-01,2016-06-07,2.9,1954-04-01
105,1999-10-28,,1948-04-01,1949-07-27,29.2,1946-04-01,2018-08-15,2.8,1954-04-01
106,2000-04-27,997.8,1948-04-01,1950-07-23,29.9,1946-04-01,2019-03-07,2.9,1954-04-01
107,2003-12-10,1054.3,1948-04-01,1959-02-19,29.7,1946-04-01,2020-03-05,2.8,1954-04-01
108,2009-07-31,1173.6,1948-04-01,1965-08-19,25.6,1946-04-01,2016-06-07,7.5,1954-07-01
109,2011-07-29,1173.0,1948-04-01,1976-01-16,26.2,1946-04-01,2017-03-08,7.4,1954-07-01
110,2013-07-31,1244.1,1948-04-01,1985-12-20,28.1,1946-04-01,2018-03-07,7.5,1954-07-01
111,2017-10-27,1244.06,1948-04-01,1991-12-04,,1946-04-01,2018-08-15,7.4,1954-07-01
112,2018-07-27,1322.494,1948-04-01,1992-12-22,28.2,1946-04-01,2016-06-07,4.8,1954-10-01
113,2021-07-29,1325.075,1948-04-01,1996-01-19,,1946-04-01,2018-08-15,4.5,1954-10-01
114,2023-09-28,1401.789,1948-04-01,1997-04-30,39.0,1946-04-01,2019-08-15,4.6,1954-10-01
115,1959-02-19,199.4,1948-07-01,1999-10-28,,1946-04-01,2020-03-05,4.5,1954-10-01
116,1965-08-19,211.1,1948-07-01,2000-04-27,39.1,1946-04-01,2022-11-03,4.6,1954-10-01
117,1976-01-16,313.1,1948-07-01,2003-12-10,,1946-04-01,2016-06-07,7.9,1955-01-01
118,1980-12-23,312.6,1948-07-01,1947-07-20,28.6,1946-07-01,2018-08-15,8.1,1955-01-01
119,1985-12-20,682.9,1948-07-01,1948-07-11,29.7,1946-07-01,2016-06-07,1.2,1955-04-01
120,1991-12-04,,1948-07-01,1949-07-27,29.6,1946-07-01,2018-08-15,1.4,1955-04-01
121,1992-12-22,814.5,1948-07-01,1950-07-23,29.2,1946-07-01,2016-06-07,1.6,1955-07-01
122,1996-01-19,,1948-07-01,1954-07-13,28.7,1946-07-01,2018-08-15,1.5,1955-07-01
123,1997-04-30,947.8,1948-07-01,1958-07-16,28.6,1946-07-01,2016-06-07,-1.2,1955-10-01
124,1999-10-28,,1948-07-01,1959-02-19,28.3,1946-07-01,2018-08-15,-1.5,1955-10-01
125,2000-04-27,999.7,1948-07-01,1965-08-19,25.0,1946-07-01,2022-11-03,-1.4,1955-10-01
126,2003-12-10,1056.1,1948-07-01,1976-01-16,25.5,1946-07-01,2016-06-07,-4.8,1956-01-01
127,2009-07-31,1175.3,1948-07-01,1985-12-20,27.2,1946-07-01,2018-08-15,-4.7,1956-01-01
128,2011-07-29,1174.8,1948-07-01,1991-12-04,,1946-07-01,2016-06-07,1.8,1956-04-01
129,2013-07-31,1245.9,1948-07-01,1992-12-22,27.3,1946-07-01,2018-08-15,2.0,1956-04-01
130,2017-10-27,1245.894,1948-07-01,1996-01-19,,1946-07-01,2016-06-07,0.0,1956-07-01
131,2018-07-27,1324.446,1948-07-01,1997-04-30,38.1,1946-07-01,2018-08-15,-0.1,1956-07-01
132,2021-07-29,1327.031,1948-07-01,1999-10-28,,1946-07-01,2016-06-07,4.3,1956-10-01
133,2023-09-28,1403.859,1948-07-01,2000-04-27,37.8,1946-07-01,2019-03-07,4.4,1956-10-01
134,1959-02-19,200.6,1948-10-01,2003-12-10,,1946-07-01,2022-11-03,4.3,1956-10-01
135,1965-08-19,212.8,1948-10-01,1947-07-20,28.2,1946-10-01,2024-03-07,4.4,1956-10-01
136,1976-01-16,316.1,1948-10-01,1948-07-11,29.0,1946-10-01,2016-06-07,4.6,1957-01-01
137,1980-12-23,315.4,1948-10-01,1950-07-23,29.2,1946-10-01,2017-03-08,4.7,1957-01-01
138,1985-12-20,688.3,1948-10-01,1954-07-13,29.6,1946-10-01,2016-06-07,-1.5,1957-04-01
139,1991-12-04,,1948-10-01,1958-07-16,29.5,1946-10-01,2018-08-15,-1.6,1957-04-01
140,1992-12-22,822.6,1948-10-01,1959-02-19,29.1,1946-10-01,2016-06-07,5.8,1957-07-01
141,1996-01-19,,1948-10-01,1965-08-19,26.4,1946-10-01,2022-11-03,5.7,1957-07-01
142,1997-04-30,955.4,1948-10-01,1976-01-16,26.9,1946-10-01,2023-03-02,5.8,1957-07-01
143,1999-10-28,,1948-10-01,1985-12-20,28.0,1946-10-01,2023-11-02,5.7,1957-07-01
144,2000-04-27,1008.0,1948-10-01,1991-12-04,,1946-10-01,2024-03-07,5.8,1957-07-01
145,2003-12-10,1064.8,1948-10-01,1992-12-22,28.1,1946-10-01,2025-03-06,5.7,1957-07-01
146,2009-07-31,1184.7,1948-10-01,1996-01-19,,1946-10-01,2016-06-07,1.3,1957-10-01
147,2011-07-29,1184.1,1948-10-01,1997-04-30,38.7,1946-10-01,2018-08-15,1.4,1957-10-01
148,2013-07-31,1255.9,1948-10-01,1999-10-28,,1946-10-01,2023-11-02,1.3,1957-10-01
149,2014-07-30,1255.8,1948-10-01,2000-04-27,38.1,1946-10-01,2016-06-07,-5.4,1958-01-01
150,2017-10-27,1255.835,1948-10-01,2003-12-10,,1946-10-01,2018-08-15,-5.3,1958-01-01
151,2018-07-27,1335.016,1948-10-01,1947-08-17,26.6,1947-01-01,2022-11-03,-5.4,1958-01-01
152,2021-07-29,1337.622,1948-10-01,1947-11-16,27.4,1947-01-01,2016-06-07,8.1,1958-04-01
153,2023-09-28,1415.063,1948-10-01,1948-02-23,27.6,1947-01-01,2018-08-15,7.7,1958-04-01
154,1959-02-19,199.9,1949-01-01,1948-07-11,26.9,1947-01-01,2019-03-07,7.8,1958-04-01
155,1965-08-19,213.2,1949-01-01,1949-07-27,27.3,1947-01-01,2022-11-03,7.9,1958-04-01
156,1976-01-16,316.5,1949-01-01,1950-07-23,27.4,1947-01-01,2016-06-07,7.7,1958-07-01
157,1980-12-23,315.8,1949-01-01,1954-07-13,28.0,1947-01-01,2018-08-15,7.8,1958-07-01
158,1985-12-20,688.7,1949-01-01,1958-07-16,27.8,1947-01-01,2019-03-07,7.7,1958-07-01
159,1991-12-04,,1949-01-01,1965-08-19,24.2,1947-01-01,2016-06-07,6.9,1958-10-01
160,1992-12-22,823.9,1949-01-01,1976-01-16,24.6,1947-01-01,2018-08-15,7.0,1958-10-01
161,1996-01-19,,1949-01-01,1985-12-20,25.8,1947-01-01,2016-06-07,0.3,1959-01-01
162,1997-04-30,957.0,1949-01-01,1991-12-04,,1947-01-01,2018-08-15,0.5,1959-01-01
163,1999-10-28,,1949-01-01,1992-12-22,25.8,1947-01-01,2016-06-07,4.8,1959-04-01
164,2000-04-27,1009.0,1949-01-01,1996-01-19,,1947-01-01,2018-08-15,3.8,1959-04-01
165,2003-12-10,1066.1,1949-01-01,1997-04-30,36.5,1947-01-01,2019-03-07,3.9,1959-04-01
166,2009-07-31,1186.5,1949-01-01,1999-10-28,,1947-01-01,2016-06-07,-0.8,1959-07-01
167,2011-07-29,1186.0,1949-01-01,2000-04-27,36.5,1947-01-01,2018-08-15,0.6,1959-07-01
168,2013-07-31,1257.9,1949-01-01,2003-12-10,36.3,1947-01-01,2019-03-07,0.5,1959-07-01
169,2017-10-27,1257.87,1949-01-01,2013-07-31,40.1,1947-01-01,2023-11-02,0.6,1959-07-01
170,2018-07-27,1337.177,1949-01-01,2017-10-27,40.061,1947-01-01,2016-06-07,-0.7,1959-10-01
171,2021-07-29,1339.787,1949-01-01,2018-07-27,40.274,1947-01-01,2018-08-15,-1.2,1959-10-01
172,2023-09-28,1417.353,1949-01-01,1947-08-17,27.6,1947-04-01,2019-03-07,-1.3,1959-10-01
173,1959-02-19,203.6,1949-04-01,1947-11-16,27.5,1947-04-01,2016-06-07,9.6,1960-01-01
174,1965-08-19,216.3,1949-04-01,1948-02-23,28.2,1947-04-01,2018-08-15,9.7,1960-01-01
175,1976-01-16,320.5,1949-04-01,1948-07-11,27.6,1947-04-01,2016-06-07,-5.3,1960-04-01
176,1980-12-23,319.8,1949-04-01,1949-07-27,28.3,1947-04-01,2018-08-15,-6.1,1960-04-01
177,1985-12-20,696.9,1949-04-01,1950-07-23,28.4,1947-04-01,2016-06-07,1.1,1960-07-01
178,1991-12-04,,1949-04-01,1954-07-13,27.7,1947-04-01,2016-08-09,1.2,1960-07-01
179,1992-12-22,834.3,1949-04-01,1958-07-16,27.6,1947-04-01,2018-08-15,2.4,1960-07-01
180,1996-01-19,,1949-04-01,1959-02-19,27.5,1947-04-01,2016-06-07,-4.8,1960-10-01
181,1997-04-30,971.5,1949-04-01,1965-08-19,25.1,1947-04-01,2018-08-15,-5.2,1960-10-01
182,1999-10-28,,1949-04-01,1976-01-16,25.4,1947-04-01,2021-08-10,-5.1,1960-10-01
183,2000-04-27,1024.6,1949-04-01,1985-12-20,26.4,1947-04-01,2022-11-03,-5.2,1960-10-01
184,2003-12-10,1082.6,1949-04-01,1991-12-04,,1947-04-01,2016-06-07,5.2,1961-01-01
185,2009-07-31,1204.7,1949-04-01,1992-12-22,26.4,1947-04-01,2019-03-07,5.3,1961-01-01
186,2011-07-29,1204.1,1949-04-01,1996-01-19,,1947-04-01,2021-08-10,5.2,1961-01-01
187,2013-07-31,1277.2,1949-04-01,1997-04-30,36.7,1947-04-01,2022-11-03,5.3,1961-01-01
188,2014-07-30,1277.1,1949-04-01,1999-10-28,,1947-04-01,2016-06-07,11.9,1961-04-01
189,2017-10-27,1277.136,1949-04-01,2000-04-27,36.6,1947-04-01,2018-08-15,11.0,1961-04-01
190,2018-07-27,1357.672,1949-04-01,2013-07-31,40.3,1947-04-01,2023-11-02,10.9,1961-04-01
191,2021-07-29,1360.322,1949-04-01,2017-10-27,40.311,1947-04-01,2016-06-07,5.6,1961-07-01
192,2023-09-28,1439.077,1949-04-01,2018-07-27,40.138,1947-04-01,2018-08-15,7.0,1961-07-01
193,1959-02-19,204.8,1949-07-01,1947-11-16,28.2,1947-07-01,2016-06-07,3.8,1961-10-01
194,1965-08-19,216.8,1949-07-01,1948-02-23,28.7,1947-07-01,2018-08-15,3.4,1961-10-01
195,1976-01-16,320.0,1949-07-01,1948-07-11,28.3,1947-07-01,2022-11-03,3.5,1961-10-01
196,1980-12-23,319.3,1949-07-01,1949-07-27,29.1,1947-07-01,2016-06-07,6.8,1962-01-01
197,1985-12-20,695.3,1949-07-01,1950-07-23,28.7,1947-07-01,2018-08-15,6.7,1962-01-01
198,1991-12-04,,1949-07-01,1958-07-16,29.0,1947-07-01,2019-03-07,6.8,1962-01-01
199,1992-12-22,831.3,1949-07-01,1959-02-19,28.8,1947-07-01,2020-03-05,6.7,1962-01-01
200,1996-01-19,,1949-07-01,1965-08-19,25.2,1947-07-01,2021-03-04,6.8,1962-01-01
201,1997-04-30,973.3,1949-07-01,1976-01-16,25.5,1947-07-01,2021-05-06,6.7,1962-01-01
202,1999-10-28,,1949-07-01,1985-12-20,26.4,1947-07-01,2016-06-07,-0.7,1962-04-01
203,2000-04-27,1026.7,1949-07-01,1991-12-04,,1947-07-01,2018-08-15,-1.6,1962-04-01
204,2003-12-10,1085.0,1949-07-01,1992-12-22,26.2,1947-07-01,2016-06-07,5.3,1962-07-01
205,2009-07-31,1207.4,1949-07-01,1996-01-19,,1947-07-01,2018-08-15,6.8,1962-07-01
206,2011-07-29,1206.9,1949-07-01,1997-04-30,36.5,1947-07-01,2016-06-07,3.4,1962-10-01
207,2013-07-31,1280.1,1949-07-01,1999-10-28,,1947-07-01,2018-08-15,3.1,1962-10-01
208,2014-07-30,1280.0,1949-07-01,2000-04-27,36.4,1947-07-01,2022-11-03,3.0,1962-10-01
209,2017-10-27,1280.03,1949-07-01,2009-07-31,36.3,1947-07-01,2016-06-07,1.3,1963-01-01
210,2018-07-27,1360.751,1949-07-01,2013-07-31,39.8,1947-07-01,2018-08-15,1.2,1963-01-01
211,2021-07-29,1363.407,1949-07-01,2017-10-27,39.769,1947-07-01,2016-06-07,4.1,1963-04-01
212,2023-09-28,1442.341,1949-07-01,2018-07-27,39.361,1947-07-01,2018-08-15,3.1,1963-04-01
213,1959-02-19,209.0,1949-10-01,1948-02-23,30.3,1947-10-01,2019-03-07,3.0,1963-04-01
214,1965-08-19,219.7,1949-10-01,1948-07-11,29.0,1947-10-01,2021-08-10,3.1,1963-04-01
215,1976-01-16,323.1,1949-10-01,1949-07-27,30.4,1947-10-01,2016-06-07,8.8,1963-07-01
216,1980-12-23,322.5,1949-10-01,1950-07-23,29.9,1947-10-01,2018-08-15,10.2,1963-07-01
217,1985-12-20,700.8,1949-10-01,1954-07-13,30.0,1947-10-01,2016-06-07,0.0,1963-10-01
218,1991-12-04,,1949-10-01,1958-07-16,29.6,1947-10-01,2018-08-15,-0.3,1963-10-01
219,1992-12-22,836.2,1949-10-01,1959-02-19,29.4,1947-10-01,2016-06-07,3.6,1964-01-01
220,1996-01-19,,1949-10-01,1965-08-19,25.8,1947-10-01,2018-08-15,3.4,1964-01-01
221,1997-04-30,986.8,1949-10-01,1976-01-16,26.1,1947-10-01,2019-03-07,3.1,1964-01-01
222,1999-10-28,,1949-10-01,1985-12-20,26.8,1947-10-01,2022-11-03,2.5,1964-01-01
223,2000-04-27,1041.1,1949-10-01,1991-12-04,,1947-10-01,2016-06-07,2.8,1964-04-01
224,2003-12-10,1100.2,1949-10-01,1992-12-22,26.3,1947-10-01,2016-08-09,2.7,1964-04-01
225,2009-07-31,1225.1,1949-10-01,1996-01-19,,1947-10-01,2018-08-15,2.2,1964-04-01
226,2011-07-29,1224.5,1949-10-01,1997-04-30,36.3,1947-10-01,2020-03-05,2.3,1964-04-01
227,2013-07-31,1298.8,1949-10-01,1999-10-28,,1947-10-01,2021-08-10,2.2,1964-04-01
228,2017-10-27,1298.778,1949-10-01,2000-04-27,36.2,1947-10-01,2016-06-07,3.0,1964-07-01
229,2018-07-27,1380.702,1949-10-01,2003-12-10,36.3,1947-10-01,2018-03-07,3.1,1964-07-01
230,2021-07-29,1383.396,1949-10-01,2009-07-31,36.2,1947-10-01,2018-08-15,4.2,1964-07-01
231,2023-09-28,1463.488,1949-10-01,2013-07-31,40.0,1947-10-01,2016-06-07,-3.5,1964-10-01
232,1958-12-21,221.6,1950-01-01,2017-10-27,39.974,1947-10-01,2018-08-15,-3.8,1964-10-01
233,1959-02-19,210.7,1950-01-01,2018-07-27,39.534,1947-10-01,2016-06-07,6.1,1965-01-01
234,1965-08-19,223.5,1950-01-01,1948-05-19,31.0,1948-01-01,2018-08-15,5.8,1965-01-01
235,1976-01-16,328.3,1950-01-01,1948-07-11,29.4,1948-01-01,2022-11-03,5.9,1965-01-01
236,1980-12-23,327.7,1950-01-01,1948-11-20,30.1,1948-01-01,2016-06-07,2.4,1965-04-01
237,1985-12-20,711.9,1950-01-01,1949-02-22,30.5,1948-01-01,2018-08-15,1.9,1965-04-01
238,1991-12-04,,1950-01-01,1949-07-27,31.5,1948-01-01,2022-11-03,1.8,1965-04-01
239,1992-12-22,848.8,1950-01-01,1951-07-23,31.6,1948-01-01,2023-03-02,1.9,1965-04-01
240,1996-01-19,,1950-01-01,1954-07-13,31.2,1948-01-01,2023-11-02,1.8,1965-04-01
241,1997-04-30,1003.6,1950-01-01,1958-07-16,30.7,1948-01-01,2024-03-07,1.9,1965-04-01
242,1999-10-28,,1950-01-01,1959-02-19,30.1,1948-01-01,2016-06-07,7.4,1965-07-01
243,2000-04-27,1058.9,1950-01-01,1965-08-19,27.3,1948-01-01,2018-08-15,8.5,1965-07-01
244,2003-12-10,1118.9,1950-01-01,1976-01-16,27.7,1948-01-01,2019-03-07,8.4,1965-07-01
245,2009-07-31,1245.4,1950-01-01,1985-12-20,28.6,1948-01-01,2016-06-07,7.5,1965-10-01
246,2011-07-29,1244.9,1950-01-01,1991-12-04,,1948-01-01,2018-08-15,7.1,1965-10-01
247,2013-07-31,1320.4,1950-01-01,1992-12-22,28.1,1948-01-01,2016-06-07,5.7,1966-01-01
248,2017-10-27,1320.391,1950-01-01,1996-01-19,,1948-01-01,2018-08-15,5.5,1966-01-01
249,2018-07-27,1403.69,1950-01-01,1997-04-30,37.8,1948-01-01,2022-11-03,5.6,1966-01-01
250,2021-07-29,1406.429,1950-01-01,1999-10-28,,1948-01-01,2016-06-07,-2.4,1966-04-01
251,2023-09-28,1487.854,1950-01-01,2000-04-27,37.7,1948-01-01,2018-08-15,-2.8,1966-04-01
252,1958-12-21,225.3,1950-04-01,2003-12-10,37.6,1948-01-01,2022-11-03,-2.7,1966-04-01
253,1959-02-19,214.2,1950-04-01,2009-07-31,37.5,1948-01-01,2016-06-07,0.6,1966-07-01
254,1965-08-19,227.6,1950-04-01,2013-07-31,41.2,1948-01-01,2018-08-15,1.3,1966-07-01
255,1976-01-16,334.3,1950-04-01,2017-10-27,41.18,1948-01-01,2016-06-07,2.8,1966-10-01
256,1980-12-23,333.6,1950-04-01,2018-07-27,40.875,1948-01-01,2018-08-15,2.6,1966-10-01
257,1985-12-20,725.8,1950-04-01,1948-08-23,32.1,1948-04-01,2019-08-15,2.5,1966-10-01
258,1991-12-04,,1950-04-01,1948-11-20,33.5,1948-04-01,2020-03-05,2.6,1966-10-01
259,1992-12-22,865.0,1950-04-01,1949-02-22,33.9,1948-04-01,2022-11-03,2.5,1966-10-01
260,1996-01-19,,1950-04-01,1949-07-27,35.9,1948-04-01,2016-06-07,3.4,1967-01-01
261,1997-04-30,1019.9,1950-04-01,1950-07-23,35.6,1948-04-01,2018-08-15,3.2,1967-01-01
262,1999-10-28,,1950-04-01,1958-07-16,34.9,1948-04-01,2016-06-07,1.7,1967-04-01
263,2000-04-27,1075.9,1950-04-01,1959-02-19,33.7,1948-04-01,2018-08-15,1.5,1967-04-01
264,2003-12-10,1136.8,1950-04-01,1965-08-19,30.3,1948-04-01,2021-08-10,1.6,1967-04-01
265,2009-07-31,1265.9,1950-04-01,1976-01-16,30.7,1948-04-01,2022-11-03,1.5,1967-04-01
266,2011-07-29,1265.4,1950-04-01,1985-12-20,31.4,1948-04-01,2016-06-07,1.6,1967-07-01
267,2013-07-31,1342.1,1950-04-01,1991-12-04,,1948-04-01,2018-08-15,2.1,1967-07-01
268,2017-10-27,1342.114,1950-04-01,1992-12-22,30.5,1948-04-01,2016-06-07,1.4,1967-10-01
269,2018-07-27,1426.807,1950-04-01,1996-01-19,,1948-04-01,2018-08-15,1.2,1967-10-01
270,2021-07-29,1429.591,1950-04-01,1997-04-30,39.9,1948-04-01,2016-06-07,9.2,1968-01-01
271,2023-09-28,1512.357,1950-04-01,1999-10-28,,1948-04-01,2018-08-15,9.3,1968-01-01
272,1958-12-21,237.2,1950-07-01,2000-04-27,39.8,1948-04-01,2022-11-03,9.2,1968-01-01
273,1959-02-19,225.6,1950-07-01,2003-12-10,39.7,1948-04-01,2016-06-07,3.9,1968-04-01
274,1965-08-19,238.8,1950-07-01,2013-07-31,43.1,1948-04-01,2018-08-15,3.8,1968-04-01
275,1976-01-16,348.9,1950-07-01,2017-10-27,43.087,1948-04-01,2016-06-07,-0.1,1968-07-01
276,1980-12-23,348.0,1950-07-01,2018-07-27,42.884,1948-04-01,2018-08-15,0.2,1968-07-01
277,1985-12-20,754.8,1950-07-01,1948-11-20,37.7,1948-07-01,2016-06-07,-0.7,1968-10-01
278,1991-12-04,,1950-07-01,1949-02-22,38.2,1948-07-01,2018-08-15,-0.9,1968-10-01
279,1992-12-22,899.3,1950-07-01,1949-07-27,39.2,1948-07-01,2019-03-07,-1.0,1968-10-01
280,1996-01-19,,1950-07-01,1950-07-23,38.9,1948-07-01,2016-06-07,3.1,1969-01-01
281,1997-04-30,1072.2,1950-07-01,1954-07-13,39.2,1948-07-01,2018-08-15,3.2,1969-01-01
282,1999-10-28,,1950-07-01,1958-07-16,38.1,1948-07-01,2019-03-07,3.3,1969-01-01
283,2000-04-27,1131.0,1950-07-01,1959-02-19,35.8,1948-07-01,2021-03-04,3.2,1969-01-01
284,2003-12-10,1195.3,1950-07-01,1965-08-19,32.8,1948-07-01,2021-05-06,3.3,1969-01-01
285,2009-07-31,1330.9,1950-07-01,1976-01-16,33.2,1948-07-01,2021-08-10,3.2,1969-01-01
286,2011-07-29,1330.3,1950-07-01,1985-12-20,33.8,1948-07-01,2016-06-07,-3.2,1969-04-01
287,2013-07-31,1411.0,1950-07-01,1991-12-04,,1948-07-01,2016-06-07,0.2,1969-07-01
288,2017-10-27,1410.954,1950-07-01,1992-12-22,32.3,1948-07-01,2018-08-15,0.5,1969-07-01
289,2018-07-27,1500.076,1950-07-01,1996-01-19,,1948-07-01,2021-03-04,0.4,1969-07-01
290,2021-07-29,1503.003,1950-07-01,1997-04-30,41.7,1948-07-01,2021-05-06,0.5,1969-07-01
291,2023-09-28,1590.019,1950-07-01,1999-10-28,,1948-07-01,2022-11-03,0.4,1969-07-01
292,1958-12-21,228.3,1950-10-01,2000-04-27,41.5,1948-07-01,2016-06-07,-1.7,1969-10-01
293,1959-02-19,217.0,1950-10-01,2003-12-10,41.4,1948-07-01,2018-08-15,-1.9,1969-10-01
294,1965-08-19,232.1,1950-10-01,2013-07-31,44.8,1948-07-01,2022-11-03,-2.0,1969-10-01
295,1976-01-16,340.8,1950-10-01,2017-10-27,44.831,1948-07-01,2016-06-07,1.1,1970-01-01
296,1980-12-23,339.9,1950-10-01,2018-07-27,44.66,1948-07-01,2018-08-15,1.3,1970-01-01
297,1985-12-20,740.5,1950-10-01,1949-02-22,41.5,1948-10-01,2022-11-03,1.2,1970-01-01
298,1991-12-04,,1950-10-01,1949-07-27,40.3,1948-10-01,2023-11-02,1.3,1970-01-01
299,1992-12-22,884.3,1950-10-01,1954-07-13,40.2,1948-10-01,2024-03-07,1.2,1970-01-01
300,1996-01-19,,1950-10-01,1958-07-16,40.4,1948-10-01,2016-06-07,6.2,1970-04-01
301,1997-04-30,1040.7,1950-10-01,1959-02-19,38.2,1948-10-01,2018-08-15,6.1,1970-04-01
302,1999-10-28,,1950-10-01,1965-08-19,35.6,1948-10-01,2019-08-15,6.0,1970-04-01
303,2000-04-27,1097.6,1950-10-01,1976-01-16,36.0,1948-10-01,2021-08-10,6.1,1970-04-01
304,2003-12-10,1160.1,1950-10-01,1985-12-20,36.6,1948-10-01,2022-11-03,6.0,1970-04-01
305,2009-07-31,1290.8,1950-10-01,1991-12-04,,1948-10-01,2016-06-07,6.3,1970-07-01
306,2011-07-29,1290.2,1950-10-01,1992-12-22,34.7,1948-10-01,2018-08-15,6.5,1970-07-01
307,2013-07-31,1368.4,1950-10-01,1996-01-19,,1948-10-01,2022-11-03,6.4,1970-07-01
308,2017-10-27,1368.416,1950-10-01,1997-04-30,43.8,1948-10-01,2016-06-07,-3.4,1970-10-01
309,2018-07-27,1454.855,1950-10-01,1999-10-28,,1948-10-01,2018-08-15,-3.6,1970-10-01
310,2021-07-29,1457.694,1950-10-01,2000-04-27,43.6,1948-10-01,2016-06-07,12.1,1971-01-01
311,2023-09-28,1542.087,1950-10-01,2003-12-10,43.5,1948-10-01,2018-08-15,12.3,1971-01-01
312,1958-12-21,233.8,1951-01-01,2009-07-31,43.4,1948-10-01,2021-08-10,12.4,1971-01-01
313,1959-02-19,222.3,1951-01-01,2013-07-31,46.8,1948-10-01,2016-06-07,1.3,1971-04-01
314,1965-08-19,236.0,1951-01-01,2017-10-27,46.763,1948-10-01,2016-08-09,1.4,1971-04-01
315,1976-01-16,346.5,1951-01-01,2018-07-27,46.603,1948-10-01,2018-08-15,1.2,1971-04-01
316,1980-12-23,345.7,1951-01-01,1949-05-16,40.1,1949-01-01,2022-11-03,1.1,1971-04-01
317,1985-12-20,754.4,1951-01-01,1949-07-27,41.7,1949-01-01,2016-06-07,3.6,1971-07-01
318,1991-12-04,,1951-01-01,1949-08-16,42.1,1949-01-01,2018-08-15,3.9,1971-07-01
319,1992-12-22,899.8,1951-01-01,1949-11-22,42.3,1949-01-01,2022-11-03,3.8,1971-07-01
320,1996-01-19,,1951-01-01,1950-07-23,42.9,1949-01-01,2023-03-02,3.9,1971-07-01
321,1997-04-30,1063.7,1951-01-01,1951-07-23,43.1,1949-01-01,2023-11-02,3.8,1971-07-01
322,1999-10-28,,1951-01-01,1952-07-22,43.2,1949-01-01,2016-06-07,-3.1,1971-10-01
323,2000-04-27,1122.8,1951-01-01,1954-07-13,43.1,1949-01-01,2018-08-15,-3.4,1971-10-01
324,2003-12-10,1187.4,1951-01-01,1958-07-16,42.5,1949-01-01,2016-06-07,5.7,1972-01-01
325,2009-07-31,1322.0,1951-01-01,1959-02-19,39.5,1949-01-01,2018-08-15,6.0,1972-01-01
326,2011-07-29,1321.4,1951-01-01,1965-08-19,36.1,1949-01-01,2019-03-07,6.4,1972-01-01
327,2013-07-31,1401.5,1951-01-01,1976-01-16,36.7,1949-01-01,2016-06-07,8.4,1972-04-01
328,2017-10-27,1401.484,1951-01-01,1985-12-20,37.5,1949-01-01,2018-08-15,8.2,1972-04-01
329,2018-07-27,1490.034,1951-01-01,1991-12-04,,1949-01-01,2019-03-07,8.1,1972-04-01
330,2021-07-29,1492.942,1951-01-01,1992-12-22,36.8,1949-01-01,2016-06-07,2.2,1972-07-01
331,2023-09-28,1579.375,1951-01-01,1996-01-19,,1949-01-01,2018-08-15,2.4,1972-07-01
332,1958-12-21,225.7,1951-04-01,1997-04-30,45.9,1949-01-01,2019-03-07,2.3,1972-07-01
333,1959-02-19,214.5,1951-04-01,1999-10-28,,1949-01-01,2016-06-07,3.3,1972-10-01
334,1965-08-19,230.0,1951-04-01,2000-04-27,45.7,1949-01-01,2018-08-15,3.5,1972-10-01
335,1976-01-16,338.5,1951-04-01,2003-12-10,45.6,1949-01-01,2019-03-07,3.4,1972-10-01
336,1980-12-23,337.8,1951-04-01,2009-07-31,45.5,1949-01-01,2021-08-10,3.5,1972-10-01
337,1985-12-20,740.3,1951-04-01,2013-07-31,48.8,1949-01-01,2022-11-03,3.4,1972-10-01
338,1991-12-04,,1951-04-01,2017-10-27,48.789,1949-01-01,2016-06-07,9.2,1973-01-01
339,1992-12-22,884.9,1951-04-01,2018-07-27,48.585,1949-01-01,2016-08-09,9.3,1973-01-01
340,1996-01-19,,1951-04-01,1949-08-16,43.1,1949-04-01,2017-03-08,9.2,1973-01-01
341,1997-04-30,1034.4,1951-04-01,1949-11-22,44.0,1949-04-01,2018-08-15,9.3,1973-01-01
342,1999-10-28,,1951-04-01,1950-02-20,44.2,1949-04-01,2019-03-07,9.4,1973-01-01
343,2000-04-27,1091.4,1951-04-01,1950-07-23,44.3,1949-04-01,2021-08-10,9.3,1973-01-01
344,2003-12-10,1154.5,1951-04-01,1951-07-23,44.5,1949-04-01,2022-11-03,9.4,1973-01-01
345,2009-07-31,1284.7,1951-04-01,1954-07-13,44.4,1949-04-01,2016-06-07,0.4,1973-04-01
346,2011-07-29,1284.1,1951-04-01,1958-07-16,43.9,1949-04-01,2018-08-15,0.2,1973-04-01
347,2013-07-31,1361.9,1951-04-01,1959-02-19,39.9,1949-04-01,2019-03-07,0.1,1973-04-01
348,2017-10-27,1361.885,1951-04-01,1965-08-19,38.0,1949-04-01,2022-11-03,0.2,1973-04-01
349,2018-07-27,1447.928,1951-04-01,1976-01-16,38.4,1949-04-01,2023-11-02,0.1,1973-04-01
350,2021-07-29,1450.753,1951-04-01,1985-12-20,39.3,1949-04-01,2016-06-07,-3.8,1973-07-01
351,2023-09-28,1534.744,1951-04-01,1991-12-04,,1949-04-01,2018-08-15,-3.7,1973-07-01
352,1958-12-21,228.9,1951-07-01,1992-12-22,39.0,1949-04-01,2016-06-07,-2.6,1973-10-01
353,1959-02-19,217.5,1951-07-01,1996-01-19,,1949-04-01,2018-08-15,-2.5,1973-10-01
354,1965-08-19,232.0,1951-07-01,1997-04-30,47.6,1949-04-01,2016-06-07,-0.8,1974-01-01
355,1976-01-16,341.4,1951-07-01,1999-10-28,,1949-04-01,2018-08-15,-0.9,1974-01-01
356,1980-12-23,340.7,1951-07-01,2000-04-27,47.4,1949-04-01,2022-11-03,-1.0,1974-01-01
357,1985-12-20,747.8,1951-07-01,2003-12-10,47.3,1949-04-01,2016-06-07,-1.1,1974-04-01
358,1991-12-04,,1951-07-01,2013-07-31,50.6,1949-04-01,2017-03-08,-1.0,1974-04-01
359,1992-12-22,894.2,1951-07-01,2017-10-27,50.587,1949-04-01,2018-08-15,-1.2,1974-04-01
360,1996-01-19,,1951-07-01,2018-07-27,50.381,1949-04-01,2016-06-07,-4.2,1974-07-01
361,1997-04-30,1046.0,1951-07-01,1949-11-22,43.6,1949-07-01,2018-08-15,-4.0,1974-07-01
362,1999-10-28,,1951-07-01,1950-02-20,43.2,1949-07-01,2016-06-07,3.6,1974-10-01
363,2000-04-27,1103.9,1951-07-01,1951-07-23,43.5,1949-07-01,2018-08-15,3.7,1974-10-01
364,2003-12-10,1167.9,1951-07-01,1952-07-22,43.6,1949-07-01,2022-11-03,3.6,1974-10-01
365,2009-07-31,1299.7,1951-07-01,1954-07-13,43.5,1949-07-01,2016-06-07,3.2,1975-01-01
366,2011-07-29,1299.1,1951-07-01,1958-07-16,44.0,1949-07-01,2022-11-03,3.0,1975-01-01
367,2013-07-31,1377.7,1951-07-01,1959-02-19,40.9,1949-07-01,2016-06-07,6.9,1975-04-01
368,2017-10-27,1377.727,1951-07-01,1965-08-19,38.5,1949-07-01,2016-08-09,6.8,1975-04-01
369,2018-07-27,1464.796,1951-07-01,1976-01-16,39.1,1949-07-01,2018-08-15,6.6,1975-04-01
370,2021-07-29,1467.654,1951-07-01,1985-12-20,39.8,1949-07-01,2022-11-03,6.5,1975-04-01
371,2023-09-28,1552.624,1951-07-01,1991-12-04,,1949-07-01,2016-06-07,4.6,1975-07-01
372,1958-12-21,231.3,1951-10-01,1992-12-22,39.3,1949-07-01,2018-08-15,4.9,1975-07-01
373,1959-02-19,219.8,1951-10-01,1996-01-19,,1949-07-01,2019-03-07,5.0,1975-07-01
374,1965-08-19,233.3,1951-10-01,1997-04-30,47.5,1949-07-01,2016-06-07,0.4,1975-10-01
375,1976-01-16,342.8,1951-10-01,1999-10-28,,1949-07-01,2016-06-07,6.0,1976-01-01
376,1980-12-23,342.1,1951-10-01,2000-04-27,47.3,1949-07-01,2019-03-07,6.1,1976-01-01
377,1985-12-20,752.3,1951-10-01,2003-12-10,47.2,1949-07-01,2016-06-07,3.9,1976-04-01
378,1991-12-04,,1951-10-01,2009-07-31,47.1,1949-07-01,2018-08-15,3.8,1976-04-01
379,1992-12-22,899.9,1951-10-01,2013-07-31,50.6,1949-07-01,2022-11-03,3.7,1976-04-01
380,1996-01-19,,1951-10-01,2017-10-27,50.591,1949-07-01,2016-06-07,0.7,1976-07-01
381,1997-04-30,1052.4,1951-10-01,2018-07-27,50.356,1949-07-01,2018-08-15,1.0,1976-07-01
382,1999-10-28,,1951-10-01,1950-02-20,43.7,1949-10-01,2023-11-02,0.9,1976-07-01
383,2000-04-27,1110.5,1951-10-01,1950-07-23,42.8,1949-10-01,2016-06-07,1.3,1976-10-01
384,2003-12-10,1174.9,1951-10-01,1951-07-23,43.3,1949-10-01,2018-08-15,1.2,1976-10-01
385,2009-07-31,1307.3,1951-10-01,1954-07-13,43.4,1949-10-01,2023-11-02,1.1,1976-10-01
386,2011-07-29,1306.7,1951-10-01,1958-07-16,43.2,1949-10-01,2024-03-07,1.2,1976-10-01
387,2013-07-31,1385.8,1951-10-01,1959-02-19,40.3,1949-10-01,2016-06-07,2.4,1977-01-01
388,2017-10-27,1385.761,1951-10-01,1965-08-19,38.6,1949-10-01,2018-08-15,2.6,1977-01-01
389,2018-07-27,1473.33,1951-10-01,1976-01-16,39.2,1949-10-01,2016-06-07,1.7,1977-04-01
390,2021-07-29,1476.205,1951-10-01,1985-12-20,39.6,1949-10-01,2018-08-15,1.6,1977-04-01
391,2023-09-28,1561.67,1951-10-01,1991-12-04,,1949-10-01,2022-11-03,1.7,1977-04-01
392,1958-12-21,231.4,1952-01-01,1992-12-22,39.0,1949-10-01,2023-03-02,1.6,1977-04-01
393,1959-02-19,220.0,1952-01-01,1996-01-19,,1949-10-01,2023-11-02,1.7,1977-04-01
394,1965-08-19,233.7,1952-01-01,1997-04-30,46.9,1949-10-01,2024-03-07,1.6,1977-04-01
395,1976-01-16,343.5,1952-01-01,1999-10-28,,1949-10-01,2016-06-07,4.0,1977-07-01
396,1980-12-23,342.7,1952-01-01,2000-04-27,46.7,1949-10-01,2018-08-15,4.3,1977-07-01
397,1985-12-20,754.7,1952-01-01,2003-12-10,46.6,1949-10-01,2016-06-07,-5.0,1977-10-01
398,1991-12-04,,1952-01-01,2013-07-31,50.1,1949-10-01,2016-06-07,0.3,1978-01-01
399,1992-12-22,903.4,1952-01-01,2017-10-27,50.133,1949-10-01,2018-08-15,0.2,1978-01-01
400,1996-01-19,,1952-01-01,2018-07-27,49.91,1949-10-01,2016-06-07,8.0,1978-04-01
401,1997-04-30,1055.5,1952-01-01,1950-05-15,42.2,1950-01-01,2016-08-09,8.1,1978-04-01
402,1999-10-28,,1952-01-01,1950-07-23,41.4,1950-01-01,2023-11-02,8.2,1978-04-01
403,2000-04-27,1113.6,1952-01-01,1950-11-20,41.0,1950-01-01,2016-06-07,0.0,1978-07-01
404,2003-12-10,1178.1,1952-01-01,1951-02-14,40.5,1950-01-01,2018-08-15,0.3,1978-07-01
405,2009-07-31,1310.2,1952-01-01,1951-07-23,41.3,1950-01-01,2022-11-03,0.2,1978-07-01
406,2011-07-29,1309.6,1952-01-01,1953-07-21,41.5,1950-01-01,2016-06-07,2.5,1978-10-01
407,2013-07-31,1388.9,1952-01-01,1954-07-13,41.3,1950-01-01,2017-03-08,2.6,1978-10-01
408,2017-10-27,1388.853,1952-01-01,1958-07-16,41.2,1950-01-01,2018-03-07,2.5,1978-10-01
409,2018-07-27,1476.743,1952-01-01,1959-02-19,38.4,1950-01-01,2018-08-15,2.6,1978-10-01
410,2021-07-29,1479.625,1952-01-01,1965-08-19,37.2,1950-01-01,2023-11-02,2.7,1978-10-01
411,2023-09-28,1565.288,1952-01-01,1976-01-16,37.7,1950-01-01,2016-06-07,-3.5,1979-01-01
412,1958-12-21,234.3,1952-04-01,1985-12-20,38.0,1950-01-01,2018-08-15,-3.6,1979-01-01
413,1959-02-19,222.7,1952-04-01,1991-12-04,,1950-01-01,2016-06-07,-1.1,1979-04-01
414,1965-08-19,238.1,1952-04-01,1992-12-22,38.2,1950-01-01,2019-03-07,-0.7,1979-04-01
415,1976-01-16,349.5,1952-04-01,1996-01-19,,1950-01-01,2016-06-07,-0.4,1979-07-01
416,1980-12-23,348.6,1952-04-01,1997-04-30,45.9,1950-01-01,2018-08-15,-0.2,1979-07-01
417,1985-12-20,768.1,1952-04-01,1999-10-28,,1950-01-01,2019-03-07,-0.5,1979-07-01
418,1991-12-04,,1952-04-01,2000-04-27,45.7,1950-01-01,2016-06-07,-0.4,1979-10-01
419,1992-12-22,919.7,1952-04-01,2003-12-10,45.6,1950-01-01,2016-08-09,-0.3,1979-10-01
420,1996-01-19,,1952-04-01,2009-07-31,45.5,1950-01-01,2017-03-08,-0.4,1979-10-01
421,1997-04-30,1075.8,1952-04-01,2013-07-31,49.2,1950-01-01,2018-03-07,-0.3,1979-10-01
422,1999-10-28,,1952-04-01,2017-10-27,49.194,1950-01-01,2018-08-15,-0.4,1979-10-01
423,2000-04-27,1135.1,1952-04-01,2018-07-27,48.956,1950-01-01,2022-11-03,-0.5,1979-10-01
424,2003-12-10,1200.7,1952-04-01,1950-08-14,41.4,1950-04-01,2016-06-07,1.9,1980-01-01
425,2009-07-31,1335.9,1952-04-01,1950-11-20,40.2,1950-04-01,2019-03-07,2.0,1980-01-01
426,2011-07-29,1335.3,1952-04-01,1951-02-14,39.9,1950-04-01,2022-11-03,1.9,1980-01-01
427,2013-07-31,1416.1,1952-04-01,1951-07-23,40.1,1950-04-01,2016-06-07,-4.3,1980-04-01
428,2017-10-27,1416.125,1952-04-01,1953-07-21,40.3,1950-04-01,2018-08-15,-4.4,1980-04-01
429,2018-07-27,1505.663,1952-04-01,1954-07-13,40.1,1950-04-01,2019-03-07,-4.0,1980-04-01
430,2021-07-29,1508.601,1952-04-01,1958-07-16,39.9,1950-04-01,2022-11-03,-4.1,1980-04-01
431,2023-09-28,1595.941,1952-04-01,1959-02-19,36.5,1950-04-01,2016-06-07,1.3,1980-07-01
432,1958-12-21,235.5,1952-07-01,1965-08-19,36.2,1950-04-01,2016-08-09,1.4,1980-07-01
433,1959-02-19,223.8,1952-07-01,1976-01-16,36.9,1950-04-01,2017-03-08,1.3,1980-07-01
434,1965-08-19,239.1,1952-07-01,1985-12-20,37.2,1950-04-01,2018-08-15,1.6,1980-07-01
435,1976-01-16,351.0,1952-07-01,1991-12-04,,1950-04-01,2016-06-07,4.5,1980-10-01
436,1980-12-23,350.2,1952-07-01,1992-12-22,38.9,1950-04-01,2018-08-15,4.6,1980-10-01
437,1985-12-20,772.7,1952-07-01,1996-01-19,,1950-04-01,2019-03-07,4.1,1980-10-01
438,1991-12-04,,1952-07-01,1997-04-30,46.4,1950-04-01,2016-06-07,6.9,1981-01-01
439,1992-12-22,925.4,1952-07-01,1999-10-28,,1950-04-01,2018-08-15,6.4,1981-01-01
440,1996-01-19,,1952-07-01,2000-04-27,46.2,1950-04-01,2019-03-07,6.3,1981-01-01
441,1997-04-30,1081.0,1952-07-01,2003-12-10,46.1,1950-04-01,2016-06-07,-4.9,1981-04-01
442,1999-10-28,,1952-07-01,2009-07-31,46.0,1950-04-01,2019-03-07,-5.1,1981-04-01
443,2000-04-27,1140.4,1952-07-01,2013-07-31,49.9,1950-04-01,2016-06-07,3.4,1981-07-01
444,2003-12-10,1206.0,1952-07-01,2017-10-27,49.851,1950-04-01,2018-08-15,3.7,1981-07-01
445,2009-07-31,1342.4,1952-07-01,2018-07-27,49.643,1950-04-01,2019-03-07,3.9,1981-07-01
446,2011-07-29,1341.8,1952-07-01,1950-11-20,40.8,1950-07-01,2022-11-03,3.8,1981-07-01
447,2013-07-31,1423.0,1952-07-01,1951-02-14,40.4,1950-07-01,2016-06-07,-4.7,1981-10-01
448,2017-10-27,1423.01,1952-07-01,1951-07-23,40.8,1950-07-01,2018-08-15,-4.3,1981-10-01
449,2018-07-27,1512.885,1952-07-01,1952-07-22,40.1,1950-07-01,2019-03-07,-4.1,1981-10-01
450,2021-07-29,1515.837,1952-07-01,1953-07-21,40.3,1950-07-01,2023-11-02,-4.2,1981-10-01
451,2023-09-28,1603.596,1952-07-01,1954-07-13,40.7,1950-07-01,2016-06-07,-2.8,1982-01-01
452,1958-12-21,242.2,1952-10-01,1958-07-16,40.6,1950-07-01,2018-08-15,-2.2,1982-01-01
453,1959-02-19,230.2,1952-10-01,1959-02-19,38.2,1950-07-01,2019-03-07,-1.8,1982-01-01
454,1965-08-19,246.8,1952-10-01,1965-08-19,37.4,1950-07-01,2022-11-03,-1.9,1982-01-01
455,1976-01-16,359.6,1952-10-01,1976-01-16,38.0,1950-07-01,2023-11-02,-2.0,1982-01-01
456,1980-12-23,358.8,1952-10-01,1985-12-20,38.3,1950-07-01,2016-06-07,0.8,1982-04-01
457,1985-12-20,790.0,1952-10-01,1991-12-04,,1950-07-01,2018-08-15,0.4,1982-04-01
458,1991-12-04,,1952-10-01,1992-12-22,38.7,1950-07-01,2019-03-07,0.0,1982-04-01
459,1992-12-22,945.2,1952-10-01,1996-01-19,,1950-07-01,2019-08-15,0.1,1982-04-01
460,1996-01-19,,1952-10-01,1997-04-30,46.2,1950-07-01,2020-03-05,0.0,1982-04-01
461,1997-04-30,1117.3,1952-10-01,1999-10-28,,1950-07-01,2021-03-04,0.1,1982-04-01
462,1999-10-28,,1952-10-01,2000-04-27,46.0,1950-07-01,2021-05-06,0.0,1982-04-01
463,2000-04-27,1180.5,1952-10-01,2003-12-10,45.9,1950-07-01,2022-11-03,0.1,1982-04-01
464,2003-12-10,1248.3,1952-10-01,2009-07-31,45.8,1950-07-01,2016-06-07,0.8,1982-07-01
465,2009-07-31,1389.8,1952-10-01,2013-07-31,50.0,1950-07-01,2018-08-15,0.7,1982-07-01
466,2011-07-29,1389.2,1952-10-01,2017-10-27,49.954,1950-07-01,2019-03-07,0.8,1982-07-01
467,2013-07-31,1473.3,1952-10-01,2018-07-27,49.746,1950-07-01,2019-08-15,0.7,1982-07-01
468,2017-10-27,1473.263,1952-10-01,1951-02-14,47.6,1950-10-01,2020-03-05,0.8,1982-07-01
469,2018-07-27,1566.256,1952-10-01,1951-07-23,47.8,1950-10-01,2021-03-04,0.7,1982-07-01
470,2021-07-29,1569.313,1952-10-01,1952-07-22,45.9,1950-10-01,2023-11-02,0.8,1982-07-01
471,2023-09-28,1660.168,1952-10-01,1953-07-21,46.1,1950-10-01,2016-06-07,3.7,1982-10-01
472,1958-12-21,246.2,1953-01-01,1954-07-13,46.0,1950-10-01,2018-08-15,3.3,1982-10-01
473,1959-02-19,234.0,1953-01-01,1958-07-16,45.5,1950-10-01,2019-03-07,3.4,1982-10-01
474,1965-08-19,250.1,1953-01-01,1959-02-19,43.0,1950-10-01,2023-11-02,3.6,1982-10-01
475,1976-01-16,363.7,1953-01-01,1965-08-19,40.7,1950-10-01,2016-06-07,5.4,1983-01-01
476,1980-12-23,362.8,1953-01-01,1976-01-16,41.4,1950-10-01,2019-03-07,5.2,1983-01-01
477,1985-12-20,799.8,1953-01-01,1985-12-20,41.7,1950-10-01,2022-11-03,5.3,1983-01-01
478,1991-12-04,,1953-01-01,1991-12-04,,1950-10-01,2023-11-02,5.5,1983-01-01
479,1992-12-22,958.0,1953-01-01,1992-12-22,42.0,1950-10-01,2025-03-06,5.6,1983-01-01
480,1996-01-19,,1953-01-01,1996-01-19,,1950-10-01,2016-06-07,9.5,1983-04-01
481,1997-04-30,1131.1,1953-01-01,1997-04-30,49.8,1950-10-01,2018-08-15,9.2,1983-04-01
482,1999-10-28,,1953-01-01,1999-10-28,,1950-10-01,2019-03-07,8.9,1983-04-01
483,2000-04-27,1194.9,1953-01-01,2000-04-27,49.7,1950-10-01,2022-11-03,9.0,1983-04-01
484,2003-12-10,1263.4,1953-01-01,2003-12-10,49.5,1950-10-01,2024-03-07,9.1,1983-04-01
485,2009-07-31,1406.4,1953-01-01,2013-07-31,53.9,1950-10-01,2025-03-06,9.0,1983-04-01
486,2011-07-29,1405.7,1953-01-01,2017-10-27,53.946,1950-10-01,2016-06-07,2.9,1983-07-01
487,2013-07-31,1490.8,1953-01-01,2018-07-27,53.713,1950-10-01,2018-08-15,2.0,1983-07-01
488,2017-10-27,1490.814,1953-01-01,1951-05-20,52.6,1951-01-01,2019-03-07,1.8,1983-07-01
489,2018-07-27,1584.651,1953-01-01,1951-07-23,52.9,1951-01-01,2022-11-03,1.9,1983-07-01
490,2021-07-29,1587.743,1953-01-01,1951-11-18,53.4,1951-01-01,2023-11-02,1.0,1983-07-01
491,2023-09-28,1679.665,1953-01-01,1952-02-17,53.2,1951-01-01,2016-06-07,1.9,1983-10-01
492,1958-12-21,248.5,1953-04-01,1952-07-22,51.9,1951-01-01,2016-08-09,2.0,1983-10-01
493,1959-02-19,236.2,1953-04-01,1953-07-21,52.2,1951-01-01,2018-03-07,1.9,1983-10-01
494,1965-08-19,251.5,1953-04-01,1958-07-16,51.6,1951-01-01,2018-08-15,2.2,1983-10-01
495,1976-01-16,365.3,1953-04-01,1959-02-19,49.5,1951-01-01,2023-11-02,2.3,1983-10-01
496,1980-12-23,364.6,1953-04-01,1965-08-19,48.5,1951-01-01,2016-06-07,0.7,1984-01-01
497,1985-12-20,803.7,1953-04-01,1976-01-16,49.6,1951-01-01,2018-08-15,1.5,1984-01-01
498,1991-12-04,,1953-04-01,1985-12-20,49.9,1951-01-01,2023-11-02,2.0,1984-01-01
499,1992-12-22,963.4,1953-04-01,1991-12-04,,1951-01-01,2024-03-07,1.9,1984-01-01
500,1996-01-19,,1953-04-01,1992-12-22,49.7,1951-01-01,2016-06-07,2.5,1984-04-01
501,1997-04-30,1139.1,1953-04-01,1996-01-19,,1951-01-01,2018-08-15,2.3,1984-04-01
502,1999-10-28,,1953-04-01,1997-04-30,57.6,1951-01-01,2019-03-07,2.4,1984-04-01
503,2000-04-27,1202.5,1953-04-01,1999-10-28,,1951-01-01,2023-11-02,2.2,1984-04-01
504,2003-12-10,1271.2,1953-04-01,2000-04-27,57.6,1951-01-01,2016-06-07,1.7,1984-07-01
505,2009-07-31,1414.9,1953-04-01,2003-12-10,57.4,1951-01-01,2019-03-07,1.8,1984-07-01
506,2011-07-29,1414.2,1953-04-01,2009-07-31,57.3,1951-01-01,2023-11-02,1.7,1984-07-01
507,2013-07-31,1499.9,1953-04-01,2013-07-31,62.3,1951-01-01,2016-06-07,0.3,1984-10-01
508,2014-07-30,1499.8,1953-04-01,2017-10-27,62.256,1951-01-01,2018-03-07,0.2,1984-10-01
509,2017-10-27,1499.827,1953-04-01,2018-07-27,62.033,1951-01-01,2018-08-15,0.4,1984-10-01
510,2018-07-27,1594.191,1953-04-01,1951-08-19,60.0,1951-04-01,2019-03-07,0.5,1984-10-01
511,2021-07-29,1597.302,1953-04-01,1951-11-18,60.4,1951-04-01,2022-11-03,0.4,1984-10-01
512,2023-09-28,1689.777,1953-04-01,1952-02-17,60.3,1951-04-01,2023-11-02,0.5,1984-10-01
513,1958-12-21,248.2,1953-07-01,1952-07-22,59.8,1951-04-01,2024-03-07,0.4,1984-10-01
514,1959-02-19,236.0,1953-07-01,1953-07-21,60.2,1951-04-01,2016-06-07,0.7,1985-01-01
515,1965-08-19,251.1,1953-07-01,1954-07-13,60.5,1951-04-01,2018-08-15,1.1,1985-01-01
516,1976-01-16,364.4,1953-07-01,1958-07-16,59.9,1951-04-01,2019-03-07,1.2,1985-01-01
517,1980-12-23,363.6,1953-07-01,1959-02-19,57.7,1951-04-01,2023-11-02,1.3,1985-01-01
518,1985-12-20,803.1,1953-07-01,1965-08-19,55.6,1951-04-01,2016-06-07,1.4,1985-04-01
519,1991-12-04,,1953-07-01,1976-01-16,56.7,1951-04-01,2019-03-07,1.3,1985-04-01
520,1992-12-22,963.2,1953-07-01,1985-12-20,57.0,1951-04-01,2022-11-03,1.2,1985-04-01
521,1996-01-19,,1953-07-01,1991-12-04,,1951-04-01,2023-11-02,1.3,1985-04-01
522,1997-04-30,1137.7,1953-07-01,1992-12-22,57.0,1951-04-01,2016-06-07,5.2,1985-07-01
523,1999-10-28,,1953-07-01,1996-01-19,,1951-04-01,2016-06-07,1.7,1985-10-01
524,2000-04-27,1199.8,1953-07-01,1997-04-30,65.0,1951-04-01,2017-03-08,1.8,1985-10-01
525,2003-12-10,1268.2,1953-07-01,1999-10-28,,1951-04-01,2018-08-15,1.7,1985-10-01
526,2009-07-31,1411.6,1953-07-01,2000-04-27,64.9,1951-04-01,2019-03-07,1.6,1985-10-01
527,2011-07-29,1411.0,1953-07-01,2003-12-10,64.7,1951-04-01,2016-06-07,4.8,1986-01-01
528,2013-07-31,1496.3,1953-07-01,2013-07-31,70.0,1951-04-01,2019-03-07,4.9,1986-01-01
529,2017-10-27,1496.32,1953-07-01,2017-10-27,70.043,1951-04-01,2022-11-03,4.8,1986-01-01
530,2018-07-27,1590.393,1953-07-01,2018-07-27,69.821,1951-04-01,2016-06-07,3.1,1986-04-01
531,2021-07-29,1593.497,1953-07-01,1951-11-18,68.2,1951-07-01,2019-03-07,3.2,1986-04-01
532,2023-09-28,1685.752,1953-07-01,1952-02-17,67.7,1951-07-01,2016-06-07,1.9,1986-07-01
533,1958-12-21,246.3,1953-10-01,1952-07-22,67.3,1951-07-01,2016-08-09,2.0,1986-07-01
534,1959-02-19,234.1,1953-10-01,1953-07-21,67.5,1951-07-01,2017-03-08,1.9,1986-07-01
535,1965-08-19,250.4,1953-10-01,1954-07-13,66.9,1951-07-01,2018-08-15,1.7,1986-07-01
536,1976-01-16,363.5,1953-10-01,1958-07-16,66.8,1951-07-01,2016-06-07,-1.0,1986-10-01
537,1980-12-23,362.6,1953-10-01,1959-02-19,64.9,1951-07-01,2018-08-15,-0.9,1986-10-01
538,1985-12-20,803.3,1953-10-01,1965-08-19,63.6,1951-07-01,2019-03-07,-0.8,1986-10-01
539,1991-12-04,,1953-10-01,1976-01-16,64.4,1951-07-01,2023-11-02,-0.9,1986-10-01
540,1992-12-22,965.3,1953-10-01,1985-12-20,64.7,1951-07-01,2016-06-07,-1.9,1987-01-01
541,1996-01-19,,1953-10-01,1991-12-04,,1951-07-01,2018-08-15,-1.6,1987-01-01
542,1997-04-30,1132.1,1953-10-01,1992-12-22,64.7,1951-07-01,2019-03-07,-1.8,1987-01-01
543,1999-10-28,,1953-10-01,1996-01-19,,1951-07-01,2023-11-02,-1.9,1987-01-01
544,2000-04-27,1191.8,1953-10-01,1997-04-30,72.9,1951-07-01,2016-06-07,2.9,1987-04-01
545,2003-12-10,1259.7,1953-10-01,1999-10-28,,1951-07-01,2018-08-15,2.7,1987-04-01
546,2009-07-31,1402.2,1953-10-01,2000-04-27,72.8,1951-07-01,2019-03-07,2.8,1987-04-01
547,2011-07-29,1401.6,1953-10-01,2003-12-10,72.6,1951-07-01,2022-11-03,2.7,1987-04-01
548,2013-07-31,1486.4,1953-10-01,2013-07-31,78.3,1951-07-01,2016-06-07,0.1,1987-07-01
549,2017-10-27,1486.391,1953-10-01,2017-10-27,78.298,1951-07-01,2018-08-15,0.0,1987-07-01
550,2018-07-27,1579.729,1953-10-01,2018-07-27,78.046,1951-07-01,2019-03-07,0.1,1987-07-01
551,2021-07-29,1582.812,1953-10-01,1952-02-17,70.7,1951-10-01,2016-06-07,3.5,1987-10-01
552,2023-09-28,1674.449,1953-10-01,1952-07-22,71.2,1951-10-01,2018-08-15,4.0,1987-10-01
553,1958-12-21,245.6,1954-01-01,1953-07-21,71.6,1951-10-01,2019-03-07,3.9,1987-10-01
554,1959-02-19,233.4,1954-01-01,1958-07-16,71.8,1951-10-01,2022-11-03,4.0,1987-10-01
555,1965-08-19,250.8,1954-01-01,1959-02-19,69.5,1951-10-01,2023-11-02,4.1,1987-10-01
556,1976-01-16,364.4,1954-01-01,1965-08-19,68.7,1951-10-01,2016-06-07,1.4,1988-01-01
557,1980-12-23,363.5,1954-01-01,1976-01-16,69.6,1951-10-01,2023-11-02,1.5,1988-01-01
558,1985-12-20,807.1,1954-01-01,1985-12-20,69.9,1951-10-01,2016-06-07,1.1,1988-04-01
559,1991-12-04,,1954-01-01,1991-12-04,,1951-10-01,2018-08-15,1.0,1988-04-01
560,1992-12-22,969.1,1954-01-01,1992-12-22,69.5,1951-10-01,2023-11-02,1.1,1988-04-01
561,1996-01-19,,1954-01-01,1996-01-19,,1951-10-01,2016-06-07,1.2,1988-07-01
562,1997-04-30,1135.9,1954-01-01,1997-04-30,77.9,1951-10-01,2018-08-15,1.0,1988-07-01
563,1999-10-28,,1954-01-01,1999-10-28,,1951-10-01,2019-03-07,1.1,1988-07-01
564,2000-04-27,1196.2,1954-01-01,2000-04-27,77.9,1951-10-01,2022-11-03,1.0,1988-07-01
565,2003-12-10,1264.3,1954-01-01,2003-12-10,77.6,1951-10-01,2023-11-02,0.8,1988-07-01
566,2009-07-31,1407.3,1954-01-01,2013-07-31,83.6,1951-10-01,2016-06-07,1.6,1988-10-01
567,2011-07-29,1406.7,1954-01-01,2017-10-27,83.575,1951-10-01,2018-08-15,1.0,1988-10-01
568,2013-07-31,1491.9,1954-01-01,2018-07-27,83.314,1951-10-01,2019-03-07,0.9,1988-10-01
569,2014-07-30,1491.8,1954-01-01,1952-05-18,74.7,1952-01-01,2023-11-02,0.4,1988-10-01
570,2017-10-27,1491.828,1954-01-01,1952-07-22,74.4,1952-01-01,2016-06-07,-0.6,1989-01-01
571,2018-07-27,1585.556,1954-01-01,1953-07-21,74.1,1952-01-01,2017-03-08,-0.5,1989-01-01
572,2021-07-29,1588.65,1954-01-01,1954-07-13,73.7,1952-01-01,2018-08-15,0.3,1989-01-01
573,2023-09-28,1680.625,1954-01-01,1955-07-11,72.2,1952-01-01,2019-03-07,0.2,1989-01-01
574,1958-12-21,248.8,1954-04-01,1959-02-19,71.1,1952-01-01,2023-11-02,0.7,1989-01-01
575,1959-02-19,236.4,1954-04-01,1965-08-19,70.0,1952-01-01,2016-06-07,1.5,1989-04-01
576,1965-08-19,253.3,1954-04-01,1976-01-16,70.9,1952-01-01,2018-08-15,1.2,1989-04-01
577,1976-01-16,367.1,1954-04-01,1985-12-20,71.1,1952-01-01,2019-03-07,1.3,1989-04-01
578,1980-12-23,366.2,1954-04-01,1991-12-04,,1952-01-01,2022-11-03,1.2,1989-04-01
579,1985-12-20,814.3,1954-04-01,1992-12-22,70.9,1952-01-01,2016-06-07,2.1,1989-07-01
580,1991-12-04,,1954-04-01,1996-01-19,,1952-01-01,2018-08-15,1.9,1989-07-01
581,1992-12-22,976.9,1954-04-01,1997-04-30,79.4,1952-01-01,2019-03-07,2.0,1989-07-01
582,1996-01-19,,1954-04-01,1999-10-28,,1952-01-01,2022-11-03,1.9,1989-07-01
583,1997-04-30,1148.2,1954-04-01,2000-04-27,79.4,1952-01-01,2016-06-07,0.2,1989-10-01
584,1999-10-28,,1954-04-01,2003-12-10,79.2,1952-01-01,2017-03-08,0.1,1989-10-01
585,2000-04-27,1211.3,1954-04-01,2009-07-31,79.1,1952-01-01,2018-08-15,-0.1,1989-10-01
586,2003-12-10,1280.1,1954-04-01,2013-07-31,85.3,1952-01-01,2019-03-07,0.1,1989-10-01
587,2009-07-31,1425.7,1954-04-01,2017-10-27,85.25,1952-01-01,2022-11-03,0.0,1989-10-01
588,2011-07-29,1425.0,1954-04-01,2018-07-27,84.998,1952-01-01,2016-06-07,3.5,1990-01-01
589,2013-07-31,1511.3,1954-04-01,1952-08-17,78.0,1952-04-01,2017-03-08,3.4,1990-01-01
590,2017-10-27,1511.285,1954-04-01,1953-07-21,77.7,1952-04-01,2018-08-15,3.9,1990-01-01
591,2018-07-27,1606.146,1954-04-01,1954-07-13,78.1,1952-04-01,2019-03-07,3.8,1990-01-01
592,2021-07-29,1609.28,1954-04-01,1955-07-11,77.4,1952-04-01,2016-06-07,3.7,1990-04-01
593,2023-09-28,1702.449,1954-04-01,1958-07-16,77.1,1952-04-01,2017-03-08,3.1,1990-04-01
594,1958-12-21,251.5,1954-07-01,1959-02-19,75.2,1952-04-01,2018-08-15,2.7,1990-04-01
595,1959-02-19,239.0,1954-07-01,1965-08-19,74.1,1952-04-01,2019-03-07,2.8,1990-04-01
596,1965-08-19,256.9,1954-07-01,1976-01-16,75.5,1952-04-01,2016-06-07,1.6,1990-07-01
597,1976-01-16,372.7,1954-07-01,1985-12-20,75.7,1952-04-01,2016-08-09,1.7,1990-07-01
598,1980-12-23,371.8,1954-07-01,1991-12-04,,1952-04-01,2017-03-08,1.2,1990-07-01
599,1985-12-20,827.3,1954-07-01,1992-12-22,74.5,1952-04-01,2018-08-15,1.3,1990-07-01
600,1991-12-04,,1954-07-01,1996-01-19,,1952-04-01,2016-06-07,-3.2,1990-10-01
601,1992-12-22,992.9,1954-07-01,1997-04-30,83.3,1952-04-01,2017-03-08,-3.4,1990-10-01
602,1996-01-19,,1954-07-01,1999-10-28,,1952-04-01,2018-03-07,-3.5,1990-10-01
603,1997-04-30,1164.0,1954-07-01,2000-04-27,83.3,1952-04-01,2018-08-15,-4.0,1990-10-01
604,1999-10-28,,1954-07-01,2003-12-10,83.1,1952-04-01,2019-03-07,-4.1,1990-10-01
605,2000-04-27,1227.3,1954-07-01,2009-07-31,83.0,1952-04-01,2019-08-15,-4.0,1990-10-01
606,2003-12-10,1297.1,1954-07-01,2013-07-31,89.2,1952-04-01,2020-03-05,-4.1,1990-10-01
607,2009-07-31,1445.0,1954-07-01,2017-10-27,89.236,1952-04-01,2016-06-07,1.2,1991-01-01
608,2011-07-29,1444.4,1954-07-01,2018-07-27,88.987,1952-04-01,2017-03-08,1.0,1991-01-01
609,2013-07-31,1531.8,1954-07-01,1952-11-17,77.9,1952-07-01,2018-08-15,1.3,1991-01-01
610,2017-10-27,1531.792,1954-07-01,1953-07-21,77.8,1952-07-01,2019-03-07,1.2,1991-01-01
611,2018-07-27,1627.882,1954-07-01,1954-07-13,77.3,1952-07-01,2020-03-05,1.3,1991-01-01
612,2021-07-29,1631.059,1954-07-01,1955-07-11,79.8,1952-07-01,2022-11-03,1.2,1991-01-01
613,2023-09-28,1725.489,1954-07-01,1958-07-16,80.0,1952-07-01,2016-06-07,6.7,1991-04-01
614,1958-12-21,255.9,1954-10-01,1959-02-19,78.2,1952-07-01,2017-03-08,6.6,1991-04-01
615,1959-02-19,243.2,1954-10-01,1965-08-19,76.9,1952-07-01,2019-03-07,6.7,1991-04-01
616,1965-08-19,261.9,1954-10-01,1976-01-16,77.5,1952-07-01,2020-03-05,6.6,1991-04-01
617,1976-01-16,379.5,1954-10-01,1985-12-20,77.7,1952-07-01,2022-11-03,6.7,1991-04-01
618,1980-12-23,378.6,1954-10-01,1991-12-04,,1952-07-01,2016-06-07,2.9,1991-07-01
619,1985-12-20,842.3,1954-10-01,1992-12-22,76.0,1952-07-01,2018-08-15,3.5,1991-07-01
620,1991-12-04,,1954-10-01,1996-01-19,,1952-07-01,2025-03-06,3.4,1991-07-01
621,1992-12-22,1010.4,1954-10-01,1997-04-30,85.0,1952-07-01,2026-03-05,3.5,1991-07-01
622,1996-01-19,,1954-10-01,1999-10-28,,1952-07-01,2016-06-07,2.2,1991-10-01
623,1997-04-30,1187.5,1954-10-01,2000-04-27,85.1,1952-07-01,2017-03-08,2.4,1991-10-01
624,1999-10-28,,1954-10-01,2003-12-10,84.9,1952-07-01,2018-08-15,1.9,1991-10-01
625,2000-04-27,1252.6,1954-10-01,2009-07-31,84.8,1952-07-01,2016-06-07,7.7,1992-01-01
626,2003-12-10,1324.0,1954-10-01,2013-07-31,91.2,1952-07-01,2017-03-08,8.0,1992-01-01
627,2009-07-31,1475.4,1954-10-01,2017-10-27,91.157,1952-07-01,2018-08-15,8.1,1992-01-01
628,2011-07-29,1474.7,1954-10-01,2018-07-27,90.931,1952-07-01,2019-03-07,8.2,1992-01-01
629,2013-07-31,1564.0,1954-10-01,1953-02-24,80.6,1952-10-01,2019-08-15,8.1,1992-01-01
630,2017-10-27,1563.95,1954-10-01,1953-07-21,80.4,1952-10-01,2020-03-05,8.2,1992-01-01
631,2018-07-27,1662.047,1954-10-01,1954-07-13,79.6,1952-10-01,2024-03-07,8.1,1992-01-01
632,2021-07-29,1665.291,1954-10-01,1955-07-11,80.5,1952-10-01,2016-06-07,3.2,1992-04-01
633,2023-09-28,1761.703,1954-10-01,1958-07-16,80.7,1952-10-01,2017-03-08,3.4,1992-04-01
634,1958-12-21,261.7,1955-01-01,1959-02-19,79.5,1952-10-01,2018-08-15,3.5,1992-04-01
635,1959-02-19,248.7,1955-01-01,1965-08-19,77.6,1952-10-01,2019-03-07,3.4,1992-04-01
636,1965-08-19,267.6,1955-01-01,1976-01-16,78.3,1952-10-01,2021-03-04,3.5,1992-04-01
637,1976-01-16,386.2,1955-01-01,1985-12-20,78.6,1952-10-01,2023-03-02,3.4,1992-04-01
638,1980-12-23,385.2,1955-01-01,1991-12-04,,1952-10-01,2024-03-07,3.5,1992-04-01
639,1985-12-20,855.3,1955-01-01,1992-12-22,78.3,1952-10-01,2025-03-06,3.4,1992-04-01
640,1991-12-04,,1955-01-01,1996-01-19,,1952-10-01,2016-06-07,3.5,1992-07-01
641,1992-12-22,1025.1,1955-01-01,1997-04-30,87.5,1952-10-01,2017-03-08,3.7,1992-07-01
642,1996-01-19,,1955-01-01,1999-10-28,,1952-10-01,2021-03-04,3.6,1992-07-01
643,1997-04-30,1212.6,1955-01-01,2000-04-27,87.6,1952-10-01,2025-03-06,3.7,1992-07-01
644,1999-10-28,,1955-01-01,2003-12-10,87.4,1952-10-01,2016-06-07,2.4,1992-10-01
645,2000-04-27,1280.1,1955-01-01,2009-07-31,87.3,1952-10-01,2017-03-08,2.5,1992-10-01
646,2003-12-10,1353.5,1955-01-01,2013-07-31,93.7,1952-10-01,2018-08-15,2.4,1992-10-01
647,2009-07-31,1508.5,1955-01-01,2017-10-27,93.66,1952-10-01,2020-03-05,2.5,1992-10-01
648,2011-07-29,1507.8,1955-01-01,2018-07-27,93.418,1952-10-01,2022-11-03,2.4,1992-10-01
649,2013-07-31,1599.1,1955-01-01,1953-05-17,82.4,1953-01-01,2026-03-05,2.3,1992-10-01
650,2017-10-27,1599.061,1955-01-01,1954-02-17,83.4,1953-01-01,2016-06-07,-3.1,1993-01-01
651,2018-07-27,1699.34,1955-01-01,1954-07-13,83.0,1953-01-01,2018-08-15,-3.3,1993-01-01
652,2021-07-29,1702.656,1955-01-01,1955-07-11,83.6,1953-01-01,2019-03-07,-3.4,1993-01-01
653,2023-09-28,1801.231,1955-01-01,1958-07-16,83.7,1953-01-01,2016-06-07,-2.2,1993-04-01
654,1958-12-21,266.9,1955-04-01,1959-02-19,81.8,1953-01-01,2017-03-08,-2.3,1993-04-01
655,1959-02-19,253.7,1955-04-01,1965-08-19,81.0,1953-01-01,2018-08-15,-2.5,1993-04-01
656,1965-08-19,273.0,1955-04-01,1976-01-16,81.7,1953-01-01,2019-03-07,-2.4,1993-04-01
657,1976-01-16,393.2,1955-04-01,1985-12-20,82.0,1953-01-01,2021-03-04,-2.3,1993-04-01
658,1980-12-23,392.2,1955-04-01,1991-12-04,,1953-01-01,2016-06-07,1.0,1993-07-01
659,1985-12-20,869.1,1955-04-01,1992-12-22,80.4,1953-01-01,2017-03-08,0.8,1993-07-01
660,1991-12-04,,1955-04-01,1996-01-19,,1953-01-01,2018-08-15,1.9,1993-07-01
661,1992-12-22,1041.3,1955-04-01,1997-04-30,89.9,1953-01-01,2020-03-05,1.8,1993-07-01
662,1996-01-19,,1955-04-01,1999-10-28,,1953-01-01,2021-08-10,1.7,1993-07-01
663,1997-04-30,1236.7,1955-04-01,2000-04-27,90.0,1953-01-01,2022-03-03,1.8,1993-07-01
664,1999-10-28,,1955-04-01,2003-12-10,89.7,1953-01-01,2022-11-03,1.7,1993-07-01
665,2000-04-27,1304.3,1955-04-01,2009-07-31,89.6,1953-01-01,2023-11-02,1.8,1993-07-01
666,2003-12-10,1379.1,1955-04-01,2013-07-31,96.0,1953-01-01,2016-06-07,2.4,1993-10-01
667,2009-07-31,1537.3,1955-04-01,2017-10-27,96.017,1953-01-01,2017-03-08,2.1,1993-10-01
668,2011-07-29,1536.6,1955-04-01,2018-07-27,95.764,1953-01-01,2018-08-15,1.6,1993-10-01
669,2013-07-31,1629.7,1955-04-01,1953-08-09,83.5,1953-04-01,2026-03-05,1.5,1993-10-01
670,2017-10-27,1629.682,1955-04-01,1954-02-17,85.0,1953-04-01,2016-06-07,2.3,1994-01-01
671,2018-07-27,1731.894,1955-04-01,1954-07-13,86.6,1953-04-01,2016-08-09,2.1,1994-01-01
672,2021-07-29,1735.274,1955-04-01,1955-07-11,85.4,1953-04-01,2017-03-08,1.5,1994-01-01
673,2023-09-28,1835.737,1955-04-01,1956-07-15,85.5,1953-04-01,2018-08-15,1.2,1994-01-01
674,1958-12-21,273.4,1955-07-01,1958-07-16,85.2,1953-04-01,2022-11-03,1.1,1994-01-01
675,1959-02-19,259.9,1955-07-01,1959-02-19,83.3,1953-04-01,2016-06-07,0.0,1994-04-01
676,1965-08-19,276.3,1955-07-01,1965-08-19,81.9,1953-04-01,2018-08-15,0.1,1994-04-01
677,1976-01-16,397.4,1955-07-01,1976-01-16,82.6,1953-04-01,2019-03-07,0.2,1994-04-01
678,1980-12-23,396.4,1955-07-01,1985-12-20,82.8,1953-04-01,2020-03-05,0.3,1994-04-01
679,1985-12-20,878.0,1955-07-01,1991-12-04,,1953-04-01,2022-11-03,0.4,1994-04-01
680,1991-12-04,,1955-07-01,1992-12-22,82.3,1953-04-01,2016-06-07,-2.4,1994-07-01
681,1992-12-22,1051.3,1955-07-01,1996-01-19,,1953-04-01,2017-03-08,-2.1,1994-07-01
682,1996-01-19,,1955-07-01,1997-04-30,92.0,1953-04-01,2019-03-07,-2.2,1994-07-01
683,1997-04-30,1252.3,1955-07-01,1999-10-28,,1953-04-01,2020-03-05,-2.3,1994-07-01
684,1999-10-28,,1955-07-01,2000-04-27,92.1,1953-04-01,2021-03-04,-2.2,1994-07-01
685,2000-04-27,1320.3,1955-07-01,2003-12-10,91.8,1953-04-01,2021-08-10,-2.3,1994-07-01
686,2003-12-10,1396.1,1955-07-01,2013-07-31,98.2,1953-04-01,2022-03-03,-2.2,1994-07-01
687,2009-07-31,1556.3,1955-07-01,2017-10-27,98.169,1953-04-01,2025-03-06,-2.3,1994-07-01
688,2011-07-29,1555.6,1955-07-01,2018-07-27,97.925,1953-04-01,2026-03-05,-2.2,1994-07-01
689,2013-07-31,1649.8,1955-07-01,1953-11-12,83.6,1953-07-01,2016-06-07,4.1,1994-10-01
690,2017-10-27,1649.807,1955-07-01,1954-02-17,85.5,1953-07-01,2017-03-08,4.8,1994-10-01
691,2018-07-27,1753.286,1955-07-01,1954-07-13,85.4,1953-07-01,2018-08-15,4.3,1994-10-01
692,2021-07-29,1756.707,1955-07-01,1955-07-11,84.2,1953-07-01,2016-06-07,-0.9,1995-01-01
693,2023-09-28,1858.411,1955-07-01,1956-07-15,83.8,1953-07-01,2016-08-09,-1.0,1995-01-01
694,1958-12-21,275.4,1955-10-01,1959-02-19,82.7,1953-07-01,2017-03-08,0.0,1995-01-01
695,1959-02-19,261.8,1955-10-01,1965-08-19,81.2,1953-07-01,2018-08-15,0.4,1995-01-01
696,1965-08-19,279.9,1955-10-01,1976-01-16,82.4,1953-07-01,2019-03-07,0.3,1995-01-01
697,1976-01-16,403.6,1955-10-01,1985-12-20,82.6,1953-07-01,2025-03-06,0.2,1995-01-01
698,1980-12-23,402.6,1955-10-01,1991-12-04,,1953-07-01,2026-03-05,0.3,1995-01-01
699,1985-12-20,892.7,1955-10-01,1992-12-22,80.7,1953-07-01,2016-06-07,1.5,1995-04-01
700,1991-12-04,,1955-10-01,1996-01-19,,1953-07-01,2017-03-08,2.0,1995-04-01
701,1992-12-22,1070.2,1955-10-01,1997-04-30,90.5,1953-07-01,2017-05-04,1.9,1995-04-01
702,1996-01-19,,1955-10-01,1999-10-28,,1953-07-01,2018-03-07,2.0,1995-04-01
703,1997-04-30,1268.6,1955-10-01,2000-04-27,90.6,1953-07-01,2018-08-15,1.8,1995-04-01
704,1999-10-28,,1955-10-01,2003-12-10,90.3,1953-07-01,2019-03-07,1.9,1995-04-01
705,2000-04-27,1336.7,1955-10-01,2009-07-31,90.2,1953-07-01,2021-03-04,2.0,1995-04-01
706,2003-12-10,1413.3,1955-10-01,2013-07-31,96.9,1953-07-01,2021-08-10,1.9,1995-04-01
707,2009-07-31,1575.9,1955-10-01,2017-10-27,96.866,1953-07-01,2016-06-07,0.0,1995-07-01
708,2011-07-29,1575.2,1955-10-01,2018-07-27,96.622,1953-07-01,2016-08-09,0.1,1995-07-01
709,2013-07-31,1670.5,1955-10-01,1954-02-17,85.7,1953-10-01,2017-03-08,-0.1,1995-07-01
710,2017-10-27,1670.505,1955-10-01,1954-07-13,86.0,1953-10-01,2020-03-05,0.0,1995-07-01
711,2018-07-27,1775.302,1955-10-01,1955-07-11,84.8,1953-10-01,2021-03-04,-0.1,1995-07-01
712,2021-07-29,1778.767,1955-10-01,1956-07-15,84.5,1953-10-01,2022-11-03,0.0,1995-07-01
713,2023-09-28,1881.748,1955-10-01,1958-07-16,84.9,1953-10-01,2016-06-07,3.2,1995-10-01
714,1958-12-21,276.4,1956-01-01,1959-02-19,83.5,1953-10-01,2016-08-09,3.3,1995-10-01
715,1959-02-19,262.7,1956-01-01,1965-08-19,82.3,1953-10-01,2017-03-08,2.6,1995-10-01
716,1959-07-19,263.2,1956-01-01,1976-01-16,83.4,1953-10-01,2018-03-07,2.5,1995-10-01
717,1965-08-19,279.8,1956-01-01,1985-12-20,83.6,1953-10-01,2018-08-15,2.3,1995-10-01
718,1976-01-16,404.1,1956-01-01,1991-12-04,,1953-10-01,2021-05-06,2.2,1995-10-01
719,1980-12-23,403.2,1956-01-01,1992-12-22,80.8,1953-10-01,2021-08-10,2.3,1995-10-01
720,1985-12-20,895.1,1956-01-01,1996-01-19,,1953-10-01,2022-11-03,2.2,1995-10-01
721,1991-12-04,,1956-01-01,1997-04-30,90.7,1953-10-01,2016-06-07,3.5,1996-01-01
722,1992-12-22,1072.7,1956-01-01,1999-10-28,,1953-10-01,2016-08-09,3.4,1996-01-01
723,1996-01-19,,1956-01-01,2000-04-27,90.7,1953-10-01,2017-03-08,2.2,1996-01-01
724,1997-04-30,1270.6,1956-01-01,2003-12-10,90.5,1953-10-01,2018-03-07,2.1,1996-01-01
725,1999-10-28,,1956-01-01,2009-07-31,90.4,1953-10-01,2018-08-15,2.7,1996-01-01
726,2000-04-27,1339.2,1956-01-01,2013-07-31,97.0,1953-10-01,2019-03-07,2.5,1996-01-01
727,2003-12-10,1415.5,1956-01-01,2018-07-27,96.747,1953-10-01,2019-08-15,2.6,1996-01-01
728,2009-07-31,1578.5,1956-01-01,1954-05-13,82.2,1954-01-01,2022-11-03,2.5,1996-01-01
729,2011-07-29,1577.8,1956-01-01,1954-07-13,81.9,1954-01-01,2016-06-07,4.8,1996-04-01
730,2013-07-31,1673.3,1956-01-01,1955-07-11,81.7,1954-01-01,2016-08-09,4.9,1996-04-01
731,2014-07-30,1673.2,1956-01-01,1956-07-15,80.8,1954-01-01,2017-03-08,4.1,1996-04-01
732,2017-10-27,1673.234,1956-01-01,1957-07-11,80.6,1954-01-01,2018-03-07,4.2,1996-04-01
733,2018-07-27,1778.186,1956-01-01,1958-07-16,80.8,1954-01-01,2018-08-15,3.8,1996-04-01
734,2021-07-29,1781.657,1956-01-01,1959-02-19,79.4,1954-01-01,2019-03-07,3.9,1996-04-01
735,2023-09-28,1884.805,1956-01-01,1965-08-19,78.6,1954-01-01,2023-11-02,4.0,1996-04-01
736,1958-12-21,276.6,1956-04-01,1976-01-16,79.5,1954-01-01,2024-03-07,3.9,1996-04-01
737,1959-02-19,262.9,1956-04-01,1985-12-20,79.8,1954-01-01,2025-03-06,4.0,1996-04-01
738,1959-07-19,263.7,1956-04-01,1991-12-04,,1954-01-01,2026-03-05,3.9,1996-04-01
739,1965-08-19,280.3,1956-04-01,1992-12-22,78.8,1954-01-01,2016-06-07,1.7,1996-07-01
740,1976-01-16,404.8,1956-04-01,1996-01-19,,1954-01-01,2017-03-08,1.6,1996-07-01
741,1980-12-23,403.9,1956-04-01,1997-04-30,88.8,1954-01-01,2018-08-15,1.5,1996-07-01
742,1985-12-20,896.5,1956-04-01,1999-10-28,,1954-01-01,2016-06-07,0.1,1996-10-01
743,1991-12-04,,1956-04-01,2000-04-27,88.9,1954-01-01,2017-03-08,0.5,1996-10-01
744,1992-12-22,1074.0,1956-04-01,2003-12-10,88.6,1954-01-01,2018-08-15,0.3,1996-10-01
745,1996-01-19,,1956-04-01,2009-07-31,88.5,1954-01-01,2022-11-03,0.4,1996-10-01
746,1997-04-30,1273.9,1956-04-01,2013-07-31,95.1,1954-01-01,2016-06-07,-1.1,1997-01-01
747,1999-10-28,,1956-04-01,2017-10-27,95.121,1954-01-01,2016-08-09,-1.2,1997-01-01
748,2000-04-27,1343.7,1956-04-01,2018-07-27,94.831,1954-01-01,2017-03-08,-0.3,1997-01-01
749,2003-12-10,1420.2,1956-04-01,1954-08-15,78.3,1954-04-01,2018-08-15,-0.9,1997-01-01
750,2009-07-31,1583.7,1956-04-01,1955-07-11,75.9,1954-04-01,2020-03-05,-0.8,1997-01-01
751,2011-07-29,1583.0,1956-04-01,1956-07-15,75.5,1954-04-01,2025-03-06,-0.9,1997-01-01
752,2013-07-31,1678.8,1956-04-01,1957-07-11,75.6,1954-04-01,2016-06-07,4.8,1997-04-01
753,2017-10-27,1678.808,1956-04-01,1958-07-16,75.5,1954-04-01,2017-03-08,5.3,1997-04-01
754,2018-07-27,1784.101,1956-04-01,1959-02-19,74.4,1954-04-01,2018-08-15,6.1,1997-04-01
755,2021-07-29,1787.583,1956-04-01,1965-08-19,74.3,1954-04-01,2020-03-05,6.0,1997-04-01
756,2023-09-28,1891.074,1956-04-01,1976-01-16,75.4,1954-04-01,2021-03-04,6.1,1997-04-01
757,1958-12-21,276.5,1956-07-01,1985-12-20,75.7,1954-04-01,2022-11-03,6.0,1997-04-01
758,1959-02-19,262.7,1956-07-01,1991-12-04,,1954-04-01,2023-11-02,6.1,1997-04-01
759,1959-07-19,263.4,1956-07-01,1992-12-22,76.1,1954-04-01,2025-03-06,6.0,1997-04-01
760,1965-08-19,280.8,1956-07-01,1996-01-19,,1954-04-01,2016-06-07,3.3,1997-07-01
761,1976-01-16,406.0,1956-07-01,1997-04-30,86.4,1954-04-01,2017-03-08,3.4,1997-07-01
762,1980-12-23,405.1,1956-07-01,1999-10-28,,1954-04-01,2022-11-03,3.3,1997-07-01
763,1985-12-20,899.2,1956-07-01,2000-04-27,86.5,1954-04-01,2016-06-07,1.7,1997-10-01
764,1991-12-04,,1956-07-01,2003-12-10,86.2,1954-04-01,2017-03-08,1.6,1997-10-01
765,1992-12-22,1078.8,1956-07-01,2013-07-31,92.8,1954-04-01,2018-03-07,1.7,1997-10-01
766,1996-01-19,,1956-07-01,2017-10-27,92.823,1954-04-01,2018-08-15,2.0,1997-10-01
767,1997-04-30,1275.9,1956-07-01,2018-07-27,92.534,1954-04-01,2019-03-07,2.1,1997-10-01
768,1999-10-28,,1956-07-01,1954-11-14,75.6,1954-07-01,2020-03-05,2.0,1997-10-01
769,2000-04-27,1346.8,1956-07-01,1955-07-11,75.8,1954-07-01,2023-11-02,1.9,1997-10-01
770,2003-12-10,1423.4,1956-07-01,1956-07-15,75.6,1954-07-01,2025-03-06,2.0,1997-10-01
771,2009-07-31,1587.3,1956-07-01,1957-07-11,75.9,1954-07-01,2016-06-07,2.6,1998-01-01
772,2011-07-29,1586.6,1956-07-01,1958-07-16,75.5,1954-07-01,2016-08-09,2.8,1998-01-01
773,2013-07-31,1682.6,1956-07-01,1959-02-19,74.1,1954-07-01,2017-03-08,2.3,1998-01-01
774,2018-07-27,1788.135,1956-07-01,1965-08-19,73.7,1954-07-01,2018-03-07,2.2,1998-01-01
775,2021-07-29,1791.625,1956-07-01,1976-01-16,74.6,1954-07-01,2018-08-15,2.3,1998-01-01
776,2023-09-28,1895.35,1956-07-01,1985-12-20,75.0,1954-07-01,2020-03-05,2.4,1998-01-01
777,1958-12-21,280.5,1956-10-01,1991-12-04,,1954-07-01,2021-08-10,3.7,1998-01-01
778,1959-02-19,266.6,1956-10-01,1992-12-22,74.6,1954-07-01,2025-03-06,3.8,1998-01-01
779,1959-07-19,266.9,1956-10-01,1996-01-19,,1954-07-01,2016-06-07,2.7,1998-04-01
780,1965-08-19,284.7,1956-10-01,1997-04-30,85.0,1954-07-01,2016-08-09,2.6,1998-04-01
781,1976-01-16,410.2,1956-10-01,1999-10-28,,1954-07-01,2017-03-08,2.5,1998-04-01
782,1980-12-23,409.3,1956-10-01,2000-04-27,85.2,1954-07-01,2018-08-15,2.3,1998-04-01
783,1985-12-20,908.4,1956-10-01,2003-12-10,84.8,1954-07-01,2019-03-07,2.2,1998-04-01
784,1991-12-04,,1956-10-01,2013-07-31,91.4,1954-07-01,2021-03-04,2.3,1998-04-01
785,1992-12-22,1089.2,1956-10-01,2017-10-27,91.426,1954-07-01,2021-08-10,2.2,1998-04-01
786,1996-01-19,,1956-10-01,2018-07-27,91.148,1954-07-01,2022-03-03,2.3,1998-04-01
787,1997-04-30,1292.3,1956-10-01,1955-02-14,74.1,1954-10-01,2022-11-03,2.2,1998-04-01
788,1999-10-28,,1956-10-01,1955-07-11,74.5,1954-10-01,2023-11-02,2.1,1998-04-01
789,2000-04-27,1365.3,1956-10-01,1956-07-15,74.2,1954-10-01,2025-03-06,2.0,1998-04-01
790,2003-12-10,1442.8,1956-10-01,1957-07-11,74.4,1954-10-01,2016-06-07,5.6,1998-07-01
791,2009-07-31,1609.2,1956-10-01,1958-07-16,74.6,1954-10-01,2017-03-08,5.8,1998-07-01
792,2011-07-29,1608.4,1956-10-01,1959-02-19,73.0,1954-10-01,2018-03-07,5.7,1998-07-01
793,2013-07-31,1705.8,1956-10-01,1965-08-19,72.4,1954-10-01,2018-08-15,5.5,1998-07-01
794,2017-10-27,1705.751,1956-10-01,1976-01-16,73.4,1954-10-01,2019-03-07,5.6,1998-07-01
795,2018-07-27,1812.786,1956-10-01,1985-12-20,73.7,1954-10-01,2020-03-05,5.5,1998-07-01
796,2021-07-29,1816.324,1956-10-01,1991-12-04,,1954-10-01,2021-08-10,5.4,1998-07-01
797,2023-09-28,1921.479,1956-10-01,1992-12-22,74.6,1954-10-01,2022-03-03,5.5,1998-07-01
798,1958-12-21,282.5,1957-01-01,1996-01-19,,1954-10-01,2022-11-03,5.4,1998-07-01
799,1959-02-19,268.5,1957-01-01,1997-04-30,85.2,1954-10-01,2023-11-02,5.6,1998-07-01
800,1959-07-19,268.7,1957-01-01,1999-10-28,,1954-10-01,2026-03-05,5.5,1998-07-01
801,1960-07-22,268.9,1957-01-01,2000-04-27,85.3,1954-10-01,2016-06-07,2.6,1998-10-01
802,1965-08-19,286.6,1957-01-01,2003-12-10,85.0,1954-10-01,2016-08-09,2.7,1998-10-01
803,1976-01-16,412.6,1957-01-01,2013-07-31,91.6,1954-10-01,2017-03-08,3.3,1998-10-01
804,1980-12-23,411.7,1957-01-01,2017-10-27,91.63,1954-10-01,2018-03-07,3.4,1998-10-01
805,1985-12-20,914.3,1957-01-01,2018-07-27,91.356,1954-10-01,2018-08-15,3.2,1998-10-01
806,1991-12-04,,1957-01-01,1955-05-15,74.7,1955-01-01,2019-03-07,3.1,1998-10-01
807,1992-12-22,1097.1,1957-01-01,1955-07-11,75.8,1955-01-01,2016-06-07,3.7,1999-01-01
808,1996-01-19,,1957-01-01,1956-07-15,76.3,1955-01-01,2017-03-08,4.5,1999-01-01
809,1997-04-30,1301.0,1957-01-01,1957-07-11,76.5,1955-01-01,2018-03-07,4.4,1999-01-01
810,1999-10-28,,1957-01-01,1959-02-19,74.6,1955-01-01,2018-08-15,5.3,1999-01-01
811,2000-04-27,1374.2,1957-01-01,1965-08-19,73.4,1955-01-01,2019-03-07,5.4,1999-01-01
812,2003-12-10,1452.7,1957-01-01,1976-01-16,74.3,1955-01-01,2021-08-10,5.7,1999-01-01
813,2009-07-31,1620.3,1957-01-01,1985-12-20,74.6,1955-01-01,2022-11-03,5.6,1999-01-01
814,2011-07-29,1619.5,1957-01-01,1991-12-04,,1955-01-01,2025-03-06,5.7,1999-01-01
815,2013-07-31,1717.6,1957-01-01,1992-12-22,75.0,1955-01-01,2016-06-07,0.7,1999-04-01
816,2014-07-30,1717.5,1957-01-01,1996-01-19,,1955-01-01,2017-03-08,1.2,1999-04-01
817,2017-10-27,1717.525,1957-01-01,1997-04-30,85.6,1955-01-01,2018-08-15,1.0,1999-04-01
818,2018-07-27,1825.394,1957-01-01,1999-10-28,,1955-01-01,2020-03-05,1.1,1999-04-01
819,2021-07-29,1828.956,1957-01-01,2000-04-27,85.7,1955-01-01,2021-08-10,1.4,1999-04-01
820,2023-09-28,1934.843,1957-01-01,2003-12-10,85.4,1955-01-01,2023-11-02,1.5,1999-04-01
821,1958-12-21,283.5,1957-04-01,2013-07-31,92.2,1955-01-01,2016-06-07,3.4,1999-07-01
822,1959-02-19,269.3,1957-04-01,2017-10-27,92.165,1955-01-01,2017-03-08,3.6,1999-07-01
823,1959-07-19,270.0,1957-04-01,2018-07-27,91.869,1955-01-01,2018-03-07,3.5,1999-07-01
824,1960-07-22,270.4,1957-04-01,1955-08-14,74.9,1955-04-01,2018-08-15,3.8,1999-07-01
825,1965-08-19,287.0,1957-04-01,1956-07-15,76.2,1955-04-01,2019-03-07,3.9,1999-07-01
826,1976-01-16,413.2,1957-04-01,1957-07-11,76.6,1955-04-01,2020-03-05,3.8,1999-07-01
827,1980-12-23,412.4,1957-04-01,1958-07-16,76.4,1955-04-01,2021-08-10,3.9,1999-07-01
828,1985-12-20,916.2,1957-04-01,1959-02-19,74.9,1955-04-01,2023-11-02,3.7,1999-07-01
829,1991-12-04,,1957-04-01,1965-08-19,73.2,1955-04-01,2016-06-07,6.8,1999-10-01
830,1992-12-22,1100.3,1957-04-01,1976-01-16,74.1,1955-04-01,2016-08-09,6.9,1999-10-01
831,1996-01-19,,1957-04-01,1985-12-20,74.3,1955-04-01,2017-03-08,6.6,1999-10-01
832,1997-04-30,1303.1,1957-04-01,1991-12-04,,1955-04-01,2018-08-15,6.4,1999-10-01
833,1999-10-28,,1957-04-01,1992-12-22,75.5,1955-04-01,2019-03-07,6.3,1999-10-01
834,2000-04-27,1376.5,1957-04-01,1996-01-19,,1955-04-01,2021-08-10,6.0,1999-10-01
835,2003-12-10,1455.1,1957-04-01,1997-04-30,86.2,1955-04-01,2022-11-03,5.9,1999-10-01
836,2009-07-31,1623.2,1957-04-01,1999-10-28,,1955-04-01,2023-11-02,6.0,1999-10-01
837,2011-07-29,1622.4,1957-04-01,2000-04-27,86.4,1955-04-01,2026-03-05,6.1,1999-10-01
838,2013-07-31,1720.6,1957-04-01,2003-12-10,86.0,1955-04-01,2016-06-07,-1.4,2000-01-01
839,2014-07-30,1720.5,1957-04-01,2013-07-31,92.8,1955-04-01,2017-03-08,-1.9,2000-01-01
840,2017-10-27,1720.527,1957-04-01,2017-10-27,92.848,1955-04-01,2018-08-15,-0.5,2000-01-01
841,2018-07-27,1828.576,1957-04-01,2018-07-27,92.533,1955-04-01,2019-03-07,-0.6,2000-01-01
842,2021-07-29,1832.145,1957-04-01,1955-11-13,75.8,1955-07-01,2021-03-04,-0.4,2000-01-01
843,2023-09-28,1938.216,1957-04-01,1956-07-15,76.5,1955-07-01,2021-08-10,-1.5,2000-01-01
844,1958-12-21,287.2,1957-07-01,1957-07-11,77.2,1955-07-01,2022-11-03,-1.4,2000-01-01
845,1959-02-19,272.9,1957-07-01,1958-07-16,77.0,1955-07-01,2023-11-02,-1.6,2000-01-01
846,1959-07-19,273.0,1957-07-01,1959-02-19,75.8,1955-07-01,2016-06-07,8.6,2000-04-01
847,1960-07-22,273.4,1957-07-01,1965-08-19,74.6,1955-07-01,2017-03-08,8.2,2000-04-01
848,1965-08-19,289.3,1957-07-01,1976-01-16,75.4,1955-07-01,2019-03-07,8.4,2000-04-01
849,1976-01-16,416.1,1957-07-01,1985-12-20,75.7,1955-07-01,2021-03-04,8.0,2000-04-01
850,1980-12-23,415.2,1957-07-01,1991-12-04,,1955-07-01,2021-08-10,7.9,2000-04-01
851,1985-12-20,922.6,1957-07-01,1992-12-22,76.9,1955-07-01,2022-11-03,7.8,2000-04-01
852,1991-12-04,,1957-07-01,1996-01-19,,1955-07-01,2023-11-02,8.2,2000-04-01
853,1992-12-22,1107.4,1957-07-01,1997-04-30,87.8,1955-07-01,2024-03-07,8.3,2000-04-01
854,1996-01-19,,1957-07-01,1999-10-28,,1955-07-01,2016-06-07,0.1,2000-07-01
855,1997-04-30,1313.7,1957-07-01,2000-04-27,88.0,1955-07-01,2017-03-08,-0.2,2000-07-01
856,1999-10-28,,1957-07-01,2003-12-10,87.7,1955-07-01,2018-08-15,-0.3,2000-07-01
857,2000-04-27,1387.7,1957-07-01,2009-07-31,87.6,1955-07-01,2021-03-04,0.1,2000-07-01
858,2003-12-10,1467.0,1957-07-01,2013-07-31,94.4,1955-07-01,2021-08-10,-0.1,2000-07-01
859,2009-07-31,1636.1,1957-07-01,2017-10-27,94.406,1955-07-01,2023-11-02,-0.3,2000-07-01
860,2011-07-29,1635.3,1957-07-01,2018-07-27,94.099,1955-07-01,2025-03-06,-0.4,2000-07-01
861,2013-07-31,1734.1,1957-07-01,1956-02-14,77.2,1955-10-01,2016-06-07,4.1,2000-10-01
862,2017-10-27,1734.116,1957-07-01,1956-07-15,78.1,1955-10-01,2018-08-15,4.4,2000-10-01
863,2018-07-27,1843.026,1957-07-01,1957-07-11,78.2,1955-10-01,2021-03-04,4.2,2000-10-01
864,2021-07-29,1846.623,1957-07-01,1958-07-16,78.5,1955-10-01,2021-08-10,4.0,2000-10-01
865,2023-09-28,1953.532,1957-07-01,1959-02-19,77.1,1955-10-01,2022-03-03,4.1,2000-10-01
866,1958-12-21,284.6,1957-10-01,1965-08-19,75.5,1955-10-01,2022-11-03,4.0,2000-10-01
867,1959-02-19,270.4,1957-10-01,1976-01-16,76.2,1955-10-01,2023-11-02,4.1,2000-10-01
868,1959-07-19,271.6,1957-10-01,1985-12-20,76.5,1955-10-01,2024-03-07,4.2,2000-10-01
869,1960-07-22,272.1,1957-10-01,1991-12-04,,1955-10-01,2025-03-06,4.3,2000-10-01
870,1965-08-19,289.7,1957-10-01,1992-12-22,75.8,1955-10-01,2016-06-07,-1.2,2001-01-01
871,1976-01-16,416.9,1957-10-01,1996-01-19,,1955-10-01,2017-03-08,-1.6,2001-01-01
872,1980-12-23,416.0,1957-10-01,1997-04-30,86.9,1955-10-01,2018-08-15,-1.7,2001-01-01
873,1985-12-20,925.7,1957-10-01,1999-10-28,,1955-10-01,2020-03-05,-1.8,2001-01-01
874,1991-12-04,,1957-10-01,2000-04-27,87.1,1955-10-01,2021-03-04,-1.7,2001-01-01
875,1992-12-22,1113.0,1957-10-01,2003-12-10,86.8,1955-10-01,2021-08-10,-2.1,2001-01-01
876,1996-01-19,,1957-10-01,2009-07-31,86.7,1955-10-01,2022-11-03,-2.0,2001-01-01
877,1997-04-30,1315.0,1957-10-01,2013-07-31,93.6,1955-10-01,2023-11-02,-2.1,2001-01-01
878,1999-10-28,,1957-10-01,2017-10-27,93.613,1955-10-01,2024-03-07,-2.2,2001-01-01
879,2000-04-27,1388.8,1957-10-01,2018-07-27,93.331,1955-10-01,2016-06-07,6.8,2001-04-01
880,2003-12-10,1467.8,1957-10-01,1956-05-09,77.4,1956-01-01,2017-03-08,7.0,2001-04-01
881,2009-07-31,1636.9,1957-10-01,1956-07-15,78.5,1956-01-01,2018-08-15,7.4,2001-04-01
882,2011-07-29,1636.1,1957-10-01,1957-07-11,78.2,1956-01-01,2019-03-07,7.5,2001-04-01
883,2013-07-31,1734.9,1957-10-01,1958-07-16,78.1,1956-01-01,2021-03-04,6.9,2001-04-01
884,2017-10-27,1734.863,1957-10-01,1959-02-19,76.8,1956-01-01,2021-08-10,7.1,2001-04-01
885,2018-07-27,1843.793,1957-10-01,1959-07-19,76.6,1956-01-01,2023-11-02,7.0,2001-04-01
886,2021-07-29,1847.391,1957-10-01,1965-08-19,76.4,1956-01-01,2024-03-07,7.1,2001-04-01
887,2023-09-28,1954.346,1957-10-01,1976-01-16,77.2,1956-01-01,2016-06-07,2.2,2001-07-01
888,1958-12-21,280.7,1958-01-01,1985-12-20,77.5,1956-01-01,2017-03-08,2.1,2001-07-01
889,1959-02-19,266.7,1958-01-01,1991-12-04,,1956-01-01,2018-08-15,1.6,2001-07-01
890,1959-07-19,268.7,1958-01-01,1992-12-22,76.9,1956-01-01,2021-03-04,2.3,2001-07-01
891,1960-07-22,269.0,1958-01-01,1996-01-19,,1956-01-01,2021-08-10,2.4,2001-07-01
892,1961-07-19,268.9,1958-01-01,1997-04-30,88.4,1956-01-01,2024-03-07,2.3,2001-07-01
893,1965-08-19,285.6,1958-01-01,1999-10-28,,1956-01-01,2016-06-07,5.0,2001-10-01
894,1976-01-16,411.9,1958-01-01,2000-04-27,88.6,1956-01-01,2017-03-08,5.2,2001-10-01
895,1980-12-23,411.0,1958-01-01,2003-12-10,88.2,1956-01-01,2018-08-15,5.3,2001-10-01
896,1985-12-20,916.5,1958-01-01,2013-07-31,95.2,1956-01-01,2019-03-07,5.2,2001-10-01
897,1991-12-04,,1958-01-01,2017-10-27,95.164,1956-01-01,2021-03-04,5.0,2001-10-01
898,1992-12-22,1102.2,1958-01-01,2018-07-27,94.848,1956-01-01,2021-08-10,5.1,2001-10-01
899,1996-01-19,,1958-01-01,1956-08-13,78.7,1956-04-01,2023-11-02,5.0,2001-10-01
900,1997-04-30,1296.7,1958-01-01,1957-07-11,79.3,1956-04-01,2024-03-07,5.1,2001-10-01
901,1999-10-28,,1958-01-01,1958-07-16,78.7,1956-04-01,2026-03-05,5.2,2001-10-01
902,2000-04-27,1370.1,1958-01-01,1959-02-19,77.2,1956-04-01,2016-06-07,9.4,2002-01-01
903,2003-12-10,1447.3,1958-01-01,1959-07-19,77.3,1956-04-01,2017-03-08,9.3,2002-01-01
904,2009-07-31,1614.6,1958-01-01,1965-08-19,78.5,1956-04-01,2018-03-07,9.4,2002-01-01
905,2011-07-29,1613.9,1958-01-01,1976-01-16,79.3,1956-04-01,2018-08-15,9.1,2002-01-01
906,2013-07-31,1711.1,1958-01-01,1985-12-20,79.6,1956-04-01,2019-03-07,9.0,2002-01-01
907,2017-10-27,1711.05,1958-01-01,1991-12-04,,1956-04-01,2021-03-04,8.9,2002-01-01
908,2018-07-27,1818.286,1958-01-01,1992-12-22,80.0,1956-04-01,2021-08-10,8.6,2002-01-01
909,2021-07-29,1821.834,1958-01-01,1996-01-19,,1956-04-01,2022-11-03,8.5,2002-01-01
910,2023-09-28,1927.309,1958-01-01,1997-04-30,91.6,1956-04-01,2023-11-02,8.8,2002-01-01
911,1958-12-21,281.5,1958-04-01,1999-10-28,,1956-04-01,2024-03-07,8.7,2002-01-01
912,1959-02-19,267.4,1958-04-01,2000-04-27,91.9,1956-04-01,2025-03-06,8.6,2002-01-01
913,1959-07-19,271.1,1958-04-01,2003-12-10,91.5,1956-04-01,2016-06-07,0.3,2002-04-01
914,1960-07-22,271.2,1958-04-01,2009-07-31,91.4,1956-04-01,2018-03-07,0.2,2002-04-01
915,1961-07-19,270.9,1958-04-01,2013-07-31,98.6,1956-04-01,2018-08-15,0.5,2002-04-01
916,1965-08-19,287.5,1958-04-01,2017-10-27,98.57,1956-04-01,2021-03-04,0.6,2002-04-01
917,1976-01-16,415.7,1958-04-01,2018-07-27,98.247,1956-04-01,2021-08-10,0.8,2002-04-01
918,1980-12-23,414.7,1958-04-01,1956-11-12,80.2,1956-07-01,2022-11-03,0.7,2002-04-01
919,1985-12-20,926.0,1958-04-01,1957-07-11,80.6,1956-07-01,2023-03-02,0.8,2002-04-01
920,1991-12-04,,1958-04-01,1958-07-16,80.8,1956-07-01,2023-11-02,0.4,2002-04-01
921,1992-12-22,1114.3,1958-04-01,1959-02-19,79.5,1956-07-01,2024-03-07,0.6,2002-04-01
922,1996-01-19,,1958-04-01,1959-07-19,79.8,1956-07-01,2016-06-07,3.1,2002-07-01
923,1997-04-30,1307.1,1958-04-01,1965-08-19,78.7,1956-07-01,2018-08-15,3.0,2002-07-01
924,1999-10-28,,1958-04-01,1976-01-16,79.7,1956-07-01,2019-03-07,3.1,2002-07-01
925,2000-04-27,1380.9,1958-04-01,1985-12-20,80.0,1956-07-01,2021-03-04,3.2,2002-07-01
926,2003-12-10,1458.9,1958-04-01,1991-12-04,,1956-07-01,2021-08-10,2.9,2002-07-01
927,2009-07-31,1627.9,1958-04-01,1992-12-22,79.9,1956-07-01,2022-11-03,3.0,2002-07-01
928,2011-07-29,1627.1,1958-04-01,1996-01-19,,1956-07-01,2023-11-02,3.1,2002-07-01
929,2013-07-31,1725.1,1958-04-01,1997-04-30,91.7,1956-07-01,2024-03-07,3.2,2002-07-01
930,2017-10-27,1725.12,1958-04-01,1999-10-28,,1956-07-01,2025-03-06,3.1,2002-07-01
931,2018-07-27,1833.319,1958-04-01,2000-04-27,92.0,1956-07-01,2016-06-07,-0.6,2002-10-01
932,2021-07-29,1836.897,1958-04-01,2003-12-10,91.6,1956-07-01,2017-03-08,-0.7,2002-10-01
933,2023-09-28,1943.243,1958-04-01,2009-07-31,91.5,1956-07-01,2018-03-07,-0.6,2002-10-01
934,1958-12-21,284.7,1958-07-01,2013-07-31,98.6,1956-07-01,2018-08-15,-0.2,2002-10-01
935,1959-02-19,270.5,1958-07-01,2017-10-27,98.629,1956-07-01,2021-03-04,-0.3,2002-10-01
936,1959-07-19,275.0,1958-07-01,2018-07-27,98.279,1956-07-01,2021-08-10,-0.4,2002-10-01
937,1960-07-22,274.8,1958-07-01,1957-02-17,82.0,1956-10-01,2024-03-07,-0.6,2002-10-01
938,1961-07-19,274.4,1958-07-01,1957-07-11,82.8,1956-10-01,2025-03-06,-0.5,2002-10-01
939,1965-08-19,291.9,1958-07-01,1958-07-16,83.4,1956-10-01,2016-06-07,4.0,2003-01-01
940,1976-01-16,421.8,1958-07-01,1959-02-19,81.8,1956-10-01,2017-03-08,4.2,2003-01-01
941,1980-12-23,420.9,1958-07-01,1959-07-19,82.0,1956-10-01,2018-03-07,4.1,2003-01-01
942,1985-12-20,939.7,1958-07-01,1965-08-19,80.7,1956-10-01,2018-08-15,4.3,2003-01-01
943,1991-12-04,,1958-07-01,1976-01-16,81.3,1956-10-01,2021-03-04,4.2,2003-01-01
944,1992-12-22,1130.6,1958-07-01,1985-12-20,81.5,1956-10-01,2021-08-10,3.9,2003-01-01
945,1996-01-19,,1958-07-01,1991-12-04,,1956-10-01,2023-11-02,4.0,2003-01-01
946,1997-04-30,1327.7,1958-07-01,1992-12-22,82.6,1956-10-01,2016-06-07,5.6,2003-04-01
947,1999-10-28,,1958-07-01,1996-01-19,,1956-10-01,2017-03-08,5.5,2003-04-01
948,2000-04-27,1402.3,1958-07-01,1997-04-30,94.5,1956-10-01,2018-03-07,5.4,2003-04-01
949,2003-12-10,1482.2,1958-07-01,1999-10-28,,1956-10-01,2018-08-15,5.1,2003-04-01
950,2009-07-31,1654.5,1958-07-01,2000-04-27,94.8,1956-10-01,2019-08-15,5.2,2003-04-01
951,2011-07-29,1653.8,1958-07-01,2003-12-10,94.4,1956-10-01,2020-03-05,5.1,2003-04-01
952,2013-07-31,1753.6,1958-07-01,2009-07-31,94.3,1956-10-01,2021-03-04,5.3,2003-04-01
953,2014-07-30,1753.5,1958-07-01,2013-07-31,101.7,1956-10-01,2021-08-10,5.4,2003-04-01
954,2017-10-27,1753.536,1958-07-01,2017-10-27,101.709,1956-10-01,2023-11-02,5.3,2003-04-01
955,2018-07-27,1863.736,1958-07-01,2018-07-27,101.345,1956-10-01,2024-03-07,5.4,2003-04-01
956,2021-07-29,1867.373,1958-07-01,1957-05-14,84.9,1957-01-01,2016-06-07,9.0,2003-07-01
957,2023-09-28,1975.484,1958-07-01,1957-07-11,85.6,1957-01-01,2018-08-15,9.4,2003-07-01
958,1959-02-19,274.3,1958-10-01,1958-07-16,86.4,1957-01-01,2019-08-15,9.2,2003-07-01
959,1959-07-19,278.4,1958-10-01,1959-02-19,85.0,1957-01-01,2020-03-05,9.3,2003-07-01
960,1960-07-22,279.4,1958-10-01,1959-07-19,84.9,1957-01-01,2021-08-10,9.0,2003-07-01
961,1961-07-19,278.7,1958-10-01,1960-07-22,85.3,1957-01-01,2022-11-03,9.1,2003-07-01
962,1965-08-19,295.2,1958-10-01,1965-08-19,84.6,1957-01-01,2024-03-07,9.2,2003-07-01
963,1976-01-16,426.5,1958-10-01,1976-01-16,86.2,1957-01-01,2025-03-06,9.1,2003-07-01
964,1980-12-23,425.4,1958-10-01,1985-12-20,86.4,1957-01-01,2016-06-07,3.9,2003-10-01
965,1985-12-20,949.4,1958-10-01,1991-12-04,,1957-01-01,2018-03-07,4.0,2003-10-01
966,1991-12-04,,1958-10-01,1992-12-22,86.0,1957-01-01,2018-08-15,3.9,2003-10-01
967,1992-12-22,1141.7,1958-10-01,1996-01-19,,1957-01-01,2019-08-15,4.0,2003-10-01
968,1996-01-19,,1958-10-01,1997-04-30,98.3,1957-01-01,2021-03-04,3.8,2003-10-01
969,1997-04-30,1343.9,1958-10-01,1999-10-28,,1957-01-01,2021-08-10,3.7,2003-10-01
970,1999-10-28,,1958-10-01,2000-04-27,98.6,1957-01-01,2022-11-03,3.8,2003-10-01
971,2000-04-27,1418.8,1958-10-01,2003-12-10,98.2,1957-01-01,2026-03-05,3.9,2003-10-01
972,2003-12-10,1500.9,1958-10-01,2009-07-31,98.1,1957-01-01,2016-06-07,-0.2,2004-01-01
973,2009-07-31,1676.4,1958-10-01,2013-07-31,105.7,1957-01-01,2017-03-08,-0.1,2004-01-01
974,2011-07-29,1675.6,1958-10-01,2017-10-27,105.698,1957-01-01,2018-08-15,-1.4,2004-01-01
975,2013-07-31,1777.1,1958-10-01,2018-07-27,105.342,1957-01-01,2021-03-04,-1.3,2004-01-01
976,2017-10-27,1777.092,1958-10-01,1957-08-15,86.9,1957-04-01,2021-08-10,-0.9,2004-01-01
977,2018-07-27,1889.052,1958-10-01,1958-07-16,87.5,1957-04-01,2022-11-03,-1.0,2004-01-01
978,2021-07-29,1892.738,1958-10-01,1959-02-19,85.7,1957-04-01,2023-11-02,-1.1,2004-01-01
979,2023-09-28,2002.318,1958-10-01,1959-07-19,86.1,1957-04-01,2024-03-07,-1.2,2004-01-01
980,1959-05-15,277.9,1959-01-01,1960-07-22,86.4,1957-04-01,2016-06-07,4.0,2004-04-01
981,1959-07-19,282.3,1959-01-01,1965-08-19,85.8,1957-04-01,2017-03-08,3.8,2004-04-01
982,1960-07-22,283.9,1959-01-01,1976-01-16,86.6,1957-04-01,2021-03-04,3.9,2004-04-01
983,1961-07-19,283.8,1959-01-01,1985-12-20,86.8,1957-04-01,2021-08-10,4.2,2004-04-01
984,1962-07-20,283.6,1959-01-01,1991-12-04,,1957-04-01,2022-11-03,4.1,2004-04-01
985,1965-08-19,302.3,1959-01-01,1992-12-22,86.2,1957-04-01,2023-11-02,4.3,2004-04-01
986,1976-01-16,435.1,1959-01-01,1996-01-19,,1957-04-01,2024-03-07,4.2,2004-04-01
987,1980-12-23,434.1,1959-01-01,1997-04-30,98.5,1957-04-01,2025-03-06,4.3,2004-04-01
988,1985-12-20,964.3,1959-01-01,1999-10-28,,1957-04-01,2026-03-05,4.2,2004-04-01
989,1991-12-04,1159.5,1959-01-01,2000-04-27,98.8,1957-04-01,2016-06-07,1.4,2004-07-01
990,1996-01-19,,1959-01-01,2003-12-10,98.4,1957-04-01,2018-08-15,1.8,2004-07-01
991,1997-04-30,1369.9,1959-01-01,2013-07-31,106.2,1957-04-01,2019-08-15,1.9,2004-07-01
992,1999-10-28,,1959-01-01,2017-10-27,106.211,1957-04-01,2020-03-05,1.8,2004-07-01
993,1999-10-30,1429.6,1959-01-01,2018-07-27,105.842,1957-04-01,2021-03-04,1.7,2004-07-01
994,2000-04-03,1445.2,1959-01-01,1957-11-24,86.7,1957-07-01,2021-08-10,1.6,2004-07-01
995,2003-12-10,1525.9,1959-01-01,1958-07-16,87.0,1957-07-01,2022-11-03,1.7,2004-07-01
996,2009-07-31,1707.4,1959-01-01,1959-02-19,85.8,1957-07-01,2023-11-02,1.6,2004-07-01
997,2011-07-29,1706.7,1959-01-01,1959-07-19,86.6,1957-07-01,2024-03-07,1.9,2004-07-01
998,2013-07-31,1809.5,1959-01-01,1960-07-22,86.9,1957-07-01,2016-06-07,1.3,2004-10-01
999,2014-07-30,1809.4,1959-01-01,1965-08-19,86.6,1957-07-01,2018-08-15,1.9,2004-10-01
1000,2017-10-27,1809.422,1959-01-01,1976-01-16,87.5,1957-07-01,2019-03-07,2.0,2004-10-01
1001,2018-07-27,1923.675,1959-01-01,1985-12-20,87.8,1957-07-01,2020-03-05,1.9,2004-10-01
1002,2021-07-29,1927.43,1959-01-01,1991-12-04,,1957-07-01,2021-03-04,2.0,2004-10-01
1003,2023-09-28,2039.017,1959-01-01,1992-12-22,87.5,1957-07-01,2023-11-02,1.9,2004-10-01
1004,1959-08-18,288.3,1959-04-01,1996-01-19,,1957-07-01,2024-03-07,1.7,2004-10-01
1005,1960-07-22,290.0,1959-04-01,1997-04-30,100.0,1957-07-01,2026-03-05,1.8,2004-10-01
1006,1961-07-19,289.7,1959-04-01,1999-10-28,,1957-07-01,2016-06-07,4.4,2005-01-01
1007,1962-07-20,289.1,1959-04-01,2000-04-27,100.3,1957-07-01,2017-03-08,4.5,2005-01-01
1008,1965-08-19,307.0,1959-04-01,2003-12-10,99.9,1957-07-01,2018-08-15,4.7,2005-01-01
1009,1976-01-16,440.8,1959-04-01,2009-07-31,99.8,1957-07-01,2019-03-07,4.6,2005-01-01
1010,1980-12-23,439.7,1959-04-01,2013-07-31,107.8,1957-07-01,2021-08-10,4.7,2005-01-01
1011,1985-12-20,977.2,1959-04-01,2017-10-27,107.792,1957-07-01,2024-03-07,4.4,2005-01-01
1012,1991-12-04,1175.5,1959-04-01,2018-07-27,107.405,1957-07-01,2026-03-05,4.3,2005-01-01
1013,1996-01-19,,1959-04-01,1958-02-23,87.0,1957-10-01,2016-06-07,-0.4,2005-04-01
1014,1997-04-30,1391.7,1959-04-01,1958-07-16,88.3,1957-10-01,2018-08-15,-1.1,2005-04-01
1015,1999-10-28,,1959-04-01,1959-02-19,86.9,1957-10-01,2019-03-07,-1.0,2005-04-01
1016,1999-10-30,1452.3,1959-04-01,1959-07-19,87.4,1957-10-01,2021-03-04,-0.8,2005-04-01
1017,2000-04-03,1468.2,1959-04-01,1960-07-22,87.7,1957-10-01,2022-03-03,-0.7,2005-04-01
1018,2003-12-10,1551.7,1959-04-01,1965-08-19,87.5,1957-10-01,2022-11-03,-0.8,2005-04-01
1019,2009-07-31,1733.7,1959-04-01,1976-01-16,88.1,1957-10-01,2023-11-02,-0.6,2005-04-01
1020,2011-07-29,1732.9,1959-04-01,1985-12-20,88.3,1957-10-01,2024-03-07,-0.4,2005-04-01
1021,2013-07-31,1837.4,1959-04-01,1991-12-04,,1957-10-01,2025-03-06,-0.3,2005-04-01
1022,2014-07-30,1837.3,1959-04-01,1992-12-22,89.8,1957-10-01,2026-03-05,-0.4,2005-04-01
1023,2017-10-27,1837.338,1959-04-01,1996-01-19,,1957-10-01,2016-06-07,3.1,2005-07-01
1024,2018-07-27,1953.384,1959-04-01,1997-04-30,102.4,1957-10-01,2016-08-09,3.0,2005-07-01
1025,2021-07-29,1957.197,1959-04-01,1999-10-28,,1957-10-01,2018-08-15,3.2,2005-07-01
1026,2023-09-28,2070.508,1959-04-01,2000-04-27,102.7,1957-10-01,2021-03-04,2.8,2005-07-01
1027,1959-11-13,288.8,1959-07-01,2003-12-10,102.3,1957-10-01,2021-08-10,2.5,2005-07-01
1028,1960-07-22,290.8,1959-07-01,2013-07-31,110.4,1957-10-01,2024-03-07,2.8,2005-07-01
1029,1962-07-20,291.0,1959-07-01,2017-10-27,110.445,1957-10-01,2016-06-07,0.2,2005-10-01
1030,1965-08-19,310.0,1959-07-01,2018-07-27,110.062,1957-10-01,2017-03-08,0.1,2005-10-01
1031,1966-07-15,309.9,1959-07-01,1958-05-13,87.5,1958-01-01,2018-03-07,0.2,2005-10-01
1032,1976-01-16,444.4,1959-07-01,1958-07-16,89.5,1958-01-01,2018-08-15,0.3,2005-10-01
1033,1980-12-23,443.3,1959-07-01,1959-02-19,88.3,1958-01-01,2021-03-04,0.6,2005-10-01
1034,1985-12-20,986.3,1959-07-01,1959-07-19,89.3,1958-01-01,2021-08-10,0.4,2005-10-01
1035,1991-12-04,1188.0,1959-07-01,1960-07-22,90.1,1958-01-01,2023-11-02,0.2,2005-10-01
1036,1996-01-19,1407.2,1959-07-01,1961-07-19,89.8,1958-01-01,2024-03-07,0.0,2005-10-01
1037,1999-10-28,,1959-07-01,1965-08-19,90.2,1958-01-01,2016-06-07,2.5,2006-01-01
1038,1999-10-30,1467.8,1959-07-01,1976-01-16,91.2,1958-01-01,2017-03-08,2.4,2006-01-01
1039,2000-04-03,1483.8,1959-07-01,1985-12-20,91.5,1958-01-01,2018-08-15,3.1,2006-01-01
1040,2003-12-10,1569.2,1959-07-01,1991-12-04,,1958-01-01,2019-03-07,3.0,2006-01-01
1041,2009-07-31,1751.8,1959-07-01,1992-12-22,89.6,1958-01-01,2019-08-15,2.9,2006-01-01
1042,2011-07-29,1751.0,1959-07-01,1996-01-19,,1958-01-01,2021-03-04,2.8,2006-01-01
1043,2013-07-31,1856.5,1959-07-01,1997-04-30,102.0,1958-01-01,2021-08-10,3.0,2006-01-01
1044,2017-10-27,1856.508,1959-07-01,1999-10-28,,1958-01-01,2023-11-02,3.2,2006-01-01
1045,2018-07-27,1973.791,1959-07-01,2000-04-27,102.3,1958-01-01,2024-03-07,2.8,2006-01-01
1046,2021-07-29,1977.643,1959-07-01,2003-12-10,101.8,1958-01-01,2016-06-07,-0.3,2006-04-01
1047,2023-09-28,2092.138,1959-07-01,2013-07-31,110.2,1958-01-01,2018-03-07,-0.4,2006-04-01
1048,1960-02-16,291.1,1959-10-01,2017-10-27,110.212,1958-01-01,2018-08-15,-0.5,2006-04-01
1049,1960-07-22,292.8,1959-10-01,2018-07-27,109.843,1958-01-01,2019-08-15,-0.4,2006-04-01
1050,1962-07-20,291.9,1959-10-01,1958-08-19,90.9,1958-04-01,2020-03-05,-0.3,2006-04-01
1051,1965-08-19,310.1,1959-10-01,1959-02-19,89.7,1958-04-01,2021-03-04,-0.6,2006-04-01
1052,1966-07-15,310.0,1959-10-01,1959-07-19,91.1,1958-04-01,2021-08-10,-0.7,2006-04-01
1053,1976-01-16,445.6,1959-10-01,1960-07-22,91.9,1958-04-01,2023-11-02,-0.8,2006-04-01
1054,1980-12-23,444.6,1959-10-01,1961-07-19,92.0,1958-04-01,2024-03-07,-0.4,2006-04-01
1055,1985-12-20,989.6,1959-10-01,1965-08-19,92.8,1958-04-01,2016-06-07,-1.7,2006-07-01
1056,1991-12-04,1192.7,1959-10-01,1976-01-16,94.2,1958-04-01,2017-03-08,-1.8,2006-07-01
1057,1996-01-19,1409.5,1959-10-01,1985-12-20,94.6,1958-04-01,2018-03-07,-1.7,2006-07-01
1058,1999-10-28,,1959-10-01,1991-12-04,,1958-04-01,2018-08-15,-1.3,2006-07-01
1059,1999-10-30,1469.5,1959-10-01,1992-12-22,93.2,1958-04-01,2019-03-07,-1.2,2006-07-01
1060,2000-04-03,1485.6,1959-10-01,1996-01-19,,1958-04-01,2019-08-15,-1.3,2006-07-01
1061,2003-12-10,1571.4,1959-10-01,1997-04-30,105.7,1958-04-01,2020-03-05,-1.2,2006-07-01
1062,2009-07-31,1753.7,1959-10-01,1999-10-28,,1958-04-01,2021-03-04,-1.1,2006-07-01
1063,2011-07-29,1752.9,1959-10-01,2000-04-27,106.0,1958-04-01,2021-08-10,-1.2,2006-07-01
1064,2013-07-31,1858.6,1959-10-01,2003-12-10,105.4,1958-04-01,2022-11-03,-0.9,2006-07-01
1065,2017-10-27,1858.602,1959-10-01,2013-07-31,114.0,1958-04-01,2024-03-07,-0.8,2006-07-01
1066,2018-07-27,1976.014,1959-10-01,2017-10-27,114.005,1958-04-01,2016-06-07,3.1,2006-10-01
1067,2021-07-29,1979.871,1959-10-01,2018-07-27,113.624,1958-04-01,2017-03-08,3.0,2006-10-01
1068,2023-09-28,2094.495,1959-10-01,1958-11-20,93.3,1958-07-01,2018-08-15,3.4,2006-10-01
1069,1960-05-11,293.5,1960-01-01,1959-02-19,92.0,1958-07-01,2021-03-04,3.6,2006-10-01
1070,1960-07-22,294.8,1960-01-01,1959-07-19,93.8,1958-07-01,2021-08-10,3.3,2006-10-01
1071,1961-07-19,295.4,1960-01-01,1960-07-22,94.8,1958-07-01,2022-11-03,2.8,2006-10-01
1072,1962-07-20,295.6,1960-01-01,1961-07-19,95.1,1958-07-01,2024-03-07,2.6,2006-10-01
1073,1963-07-22,295.8,1960-01-01,1965-08-19,95.4,1958-07-01,2016-06-07,0.4,2007-01-01
1074,1965-08-19,313.9,1960-01-01,1976-01-16,96.1,1958-07-01,2018-08-15,1.1,2007-01-01
1075,1966-07-15,313.8,1960-01-01,1985-12-20,96.4,1958-07-01,2021-08-10,1.0,2007-01-01
1076,1976-01-16,449.2,1960-01-01,1991-12-04,,1958-07-01,2022-11-03,0.6,2007-01-01
1077,1980-12-23,448.1,1960-01-01,1992-12-22,94.3,1958-07-01,2023-11-02,0.7,2007-01-01
1078,1985-12-20,997.1,1960-01-01,1996-01-19,,1958-07-01,2024-03-07,1.4,2007-01-01
1079,1991-12-04,1201.7,1960-01-01,1997-04-30,107.0,1958-07-01,2016-06-07,2.6,2007-04-01
1080,1996-01-19,1422.5,1960-01-01,1999-10-28,,1958-07-01,2017-03-08,2.5,2007-04-01
1081,1999-10-28,,1960-01-01,2000-04-27,107.3,1958-07-01,2018-08-15,1.7,2007-04-01
1082,1999-10-30,1483.0,1960-01-01,2003-12-10,106.9,1958-07-01,2021-03-04,1.5,2007-04-01
1083,2000-04-03,1499.2,1960-01-01,2013-07-31,115.5,1958-07-01,2021-08-10,1.4,2007-04-01
1084,2003-12-10,1585.6,1960-01-01,2017-10-27,115.491,1958-07-01,2022-11-03,1.1,2007-04-01
1085,2009-07-31,1770.5,1960-01-01,2018-07-27,115.093,1958-07-01,2023-11-02,0.9,2007-04-01
1086,2011-07-29,1769.7,1960-01-01,1959-02-19,95.2,1958-10-01,2024-03-07,1.2,2007-04-01
1087,2013-07-31,1876.4,1960-01-01,1959-07-19,96.5,1958-10-01,2016-06-07,4.7,2007-07-01
1088,2014-07-30,1876.3,1960-01-01,1960-07-22,97.1,1958-10-01,2016-08-09,4.6,2007-07-01
1089,2017-10-27,1876.347,1960-01-01,1961-07-19,96.7,1958-10-01,2017-03-08,4.9,2007-07-01
1090,2018-07-27,1994.918,1960-01-01,1965-08-19,98.0,1958-10-01,2018-08-15,4.1,2007-07-01
1091,2021-07-29,1998.811,1960-01-01,1976-01-16,98.7,1958-10-01,2019-03-07,3.9,2007-07-01
1092,2023-09-28,2114.532,1960-01-01,1985-12-20,98.9,1958-10-01,2019-08-15,4.0,2007-07-01
1093,1960-08-23,298.3,1960-04-01,1991-12-04,,1958-10-01,2021-03-04,3.8,2007-07-01
1094,1961-07-19,299.5,1960-04-01,1992-12-22,97.0,1958-10-01,2022-11-03,4.2,2007-07-01
1095,1962-07-20,299.7,1960-04-01,1996-01-19,,1958-10-01,2023-11-02,4.0,2007-07-01
1096,1963-07-22,299.5,1960-04-01,1997-04-30,109.8,1958-10-01,2024-03-07,3.5,2007-07-01
1097,1965-08-19,317.8,1960-04-01,1999-10-28,,1958-10-01,2026-03-05,3.6,2007-07-01
1098,1966-07-15,317.7,1960-04-01,2000-04-27,110.2,1958-10-01,2016-06-07,1.8,2007-10-01
1099,1976-01-16,455.1,1960-04-01,2003-12-10,109.7,1958-10-01,2016-08-09,1.7,2007-10-01
1100,1980-12-23,454.1,1960-04-01,2013-07-31,118.4,1958-10-01,2018-08-15,3.1,2007-10-01
1101,1985-12-20,1009.8,1960-04-01,2017-10-27,118.416,1958-10-01,2019-03-07,3.2,2007-10-01
1102,1991-12-04,1216.4,1960-04-01,2018-07-27,117.992,1958-10-01,2021-03-04,3.6,2007-10-01
1103,1996-01-19,1439.6,1960-04-01,1959-05-15,96.6,1959-01-01,2021-08-10,3.3,2007-10-01
1104,1999-10-28,,1960-04-01,1959-07-19,97.4,1959-01-01,2023-11-02,3.5,2007-10-01
1105,1999-10-30,1501.7,1960-04-01,1960-07-22,97.1,1959-01-01,2024-03-07,3.1,2007-10-01
1106,2000-04-03,1518.1,1960-04-01,1961-07-19,96.7,1959-01-01,2025-03-06,3.2,2007-10-01
1107,2003-12-10,1605.1,1960-04-01,1962-07-20,97.2,1959-01-01,2016-06-07,-3.9,2008-01-01
1108,2009-07-31,1792.9,1960-04-01,1965-08-19,97.7,1959-01-01,2016-08-09,-4.0,2008-01-01
1109,2011-07-29,1792.1,1960-04-01,1976-01-16,97.8,1959-01-01,2017-03-08,-3.8,2008-01-01
1110,2013-07-31,1900.1,1960-04-01,1985-12-20,98.2,1959-01-01,2018-08-15,-3.1,2008-01-01
1111,2017-10-27,1900.059,1960-04-01,1991-12-04,98.0,1959-01-01,2019-03-07,-3.2,2008-01-01
1112,2018-07-27,2020.082,1960-04-01,1996-01-19,110.9,1959-01-01,2020-03-05,-3.1,2008-01-01
1113,2021-07-29,2024.025,1960-04-01,1999-10-28,,1959-01-01,2021-03-04,-3.3,2008-01-01
1114,2023-09-28,2141.205,1960-04-01,1999-10-29,111.3,1959-01-01,2021-08-10,-2.6,2008-01-01
1115,1960-11-20,296.9,1960-07-01,2003-12-10,108.9,1959-01-01,2022-11-03,-2.5,2008-01-01
1116,1961-07-19,298.6,1960-07-01,2009-07-31,108.8,1959-01-01,2023-11-02,-2.7,2008-01-01
1117,1962-07-20,299.1,1960-07-01,2013-07-31,117.6,1959-01-01,2024-03-07,-2.6,2008-01-01
1118,1963-07-22,298.6,1960-07-01,2017-10-27,117.626,1959-01-01,2016-06-07,4.0,2008-04-01
1119,1965-08-19,316.5,1960-07-01,2018-07-27,117.195,1959-01-01,2018-03-07,4.1,2008-04-01
1120,1966-07-15,316.4,1960-07-01,1959-08-18,97.7,1959-04-01,2018-08-15,3.9,2008-04-01
1121,1976-01-16,453.6,1960-07-01,1961-07-19,97.5,1959-04-01,2019-03-07,4.0,2008-04-01
1122,1980-12-23,452.7,1960-07-01,1976-01-16,98.0,1959-04-01,2019-08-15,4.2,2008-04-01
1123,1985-12-20,1005.7,1960-07-01,1985-12-20,98.4,1959-04-01,2021-03-04,4.3,2008-04-01
1124,1991-12-04,1210.8,1960-07-01,1991-12-04,99.6,1959-04-01,2021-08-10,4.6,2008-04-01
1125,1996-01-19,1433.5,1960-07-01,1996-01-19,112.6,1959-04-01,2022-03-03,4.5,2008-04-01
1126,1999-10-28,,1960-07-01,1999-10-28,,1959-04-01,2022-11-03,4.4,2008-04-01
1127,1999-10-30,1495.8,1960-07-01,1999-10-29,113.1,1959-04-01,2023-11-02,4.6,2008-04-01
1128,2000-04-03,1512.1,1960-07-01,2003-12-10,110.2,1959-04-01,2024-03-07,4.8,2008-04-01
1129,2003-12-10,1598.5,1960-07-01,2013-07-31,119.0,1959-04-01,2016-06-07,1.0,2008-07-01
1130,2009-07-31,1785.8,1960-07-01,2017-10-27,118.964,1959-04-01,2018-03-07,1.1,2008-07-01
1131,2011-07-29,1785.0,1960-07-01,2018-07-27,118.535,1959-04-01,2018-08-15,1.0,2008-07-01
1132,2013-07-31,1892.5,1960-07-01,1959-11-13,98.4,1959-07-01,2019-08-15,1.2,2008-07-01
1133,2017-10-27,1892.452,1960-07-01,1960-07-22,98.1,1959-07-01,2021-03-04,1.0,2008-07-01
1134,2018-07-27,2012.008,1960-07-01,1962-07-20,97.8,1959-07-01,2021-08-10,0.9,2008-07-01
1135,2021-07-29,2015.934,1960-07-01,1965-08-19,96.6,1959-07-01,2022-11-03,1.1,2008-07-01
1136,2023-09-28,2132.646,1960-07-01,1976-01-16,97.5,1959-07-01,2023-11-02,1.2,2008-07-01
1137,1961-02-19,297.6,1960-10-01,1985-12-20,97.8,1959-07-01,2024-03-07,1.0,2008-07-01
1138,1961-07-19,299.6,1960-10-01,1991-12-04,99.5,1959-07-01,2016-06-07,-2.5,2008-10-01
1139,1962-07-20,298.8,1960-10-01,1996-01-19,112.6,1959-07-01,2018-03-07,-2.6,2008-10-01
1140,1963-07-22,298.6,1960-10-01,1999-10-28,,1959-07-01,2018-08-15,-2.5,2008-10-01
1141,1965-08-19,316.5,1960-10-01,1999-10-29,113.1,1959-07-01,2019-08-15,-2.6,2008-10-01
1142,1966-07-15,316.4,1960-10-01,2003-12-10,111.0,1959-07-01,2020-03-05,-2.7,2008-10-01
1143,1976-01-16,454.1,1960-10-01,2013-07-31,119.9,1959-07-01,2021-03-04,-2.4,2008-10-01
1144,1980-12-23,453.2,1960-10-01,2017-10-27,119.906,1959-07-01,2021-08-10,-2.3,2008-10-01
1145,1985-12-20,1007.8,1960-10-01,2018-07-27,119.492,1959-07-01,2022-11-03,-1.1,2008-10-01
1146,1991-12-04,1214.1,1960-10-01,1960-02-16,97.4,1959-10-01,2023-11-02,-1.2,2008-10-01
1147,1996-01-19,1434.8,1960-10-01,1960-07-22,96.4,1959-10-01,2024-03-07,-2.1,2008-10-01
1148,1999-10-28,,1960-10-01,1961-07-19,96.5,1959-10-01,2016-06-07,3.1,2009-01-01
1149,1999-10-30,1497.2,1960-10-01,1965-08-19,96.4,1959-10-01,2018-03-07,3.0,2009-01-01
1150,2000-04-03,1513.5,1960-10-01,1976-01-16,97.0,1959-10-01,2018-08-15,4.0,2009-01-01
1151,2003-12-10,1600.3,1960-10-01,1985-12-20,97.3,1959-10-01,2019-03-07,3.8,2009-01-01
1152,2009-07-31,1788.2,1960-10-01,1991-12-04,98.7,1959-10-01,2020-03-05,3.9,2009-01-01
1153,2011-07-29,1787.4,1960-10-01,1996-01-19,111.9,1959-10-01,2021-03-04,3.7,2009-01-01
1154,2013-07-31,1895.0,1960-10-01,1999-10-28,,1959-10-01,2021-08-10,3.8,2009-01-01
1155,2014-07-30,1894.9,1960-10-01,1999-10-29,112.4,1959-10-01,2022-11-03,3.7,2009-01-01
1156,2017-10-27,1894.944,1960-10-01,2003-12-10,110.0,1959-10-01,2023-11-02,4.0,2009-01-01
1157,2018-07-27,2014.614,1960-10-01,2013-07-31,119.0,1959-10-01,2024-03-07,4.7,2009-01-01
1158,2021-07-29,2018.545,1960-10-01,2017-10-27,119.029,1959-10-01,2025-03-06,4.6,2009-01-01
1159,2023-09-28,2135.408,1960-10-01,2018-07-27,118.608,1959-10-01,2016-06-07,7.9,2009-04-01
1160,1961-05-18,294.7,1961-01-01,1960-05-11,98.8,1960-01-01,2018-03-07,8.0,2009-04-01
1161,1961-07-19,297.0,1961-01-01,1960-07-22,97.5,1960-01-01,2018-08-15,8.4,2009-04-01
1162,1962-07-20,298.2,1961-01-01,1961-07-19,96.9,1960-01-01,2019-03-07,8.5,2009-04-01
1163,1963-07-22,298.5,1961-01-01,1962-07-20,97.2,1960-01-01,2021-03-04,8.7,2009-04-01
1164,1964-07-16,298.1,1961-01-01,1965-08-19,97.0,1960-01-01,2022-11-03,9.1,2009-04-01
1165,1965-08-19,316.3,1961-01-01,1976-01-16,97.3,1960-01-01,2023-11-02,9.0,2009-04-01
1166,1966-07-15,316.2,1961-01-01,1985-12-20,97.6,1960-01-01,2024-03-07,9.5,2009-04-01
1167,1976-01-16,454.8,1961-01-01,1991-12-04,96.7,1960-01-01,2016-06-07,6.0,2009-07-01
1168,1980-12-23,454.0,1961-01-01,1996-01-19,110.0,1960-01-01,2017-03-08,5.9,2009-07-01
1169,1985-12-20,1009.5,1961-01-01,1999-10-28,,1960-01-01,2018-03-07,5.8,2009-07-01
1170,1991-12-04,1218.1,1961-01-01,1999-10-29,110.5,1960-01-01,2018-08-15,6.4,2009-07-01
1171,1996-01-19,1434.2,1961-01-01,2003-12-10,108.3,1960-01-01,2019-03-07,6.3,2009-07-01
1172,1999-10-28,,1961-01-01,2009-07-31,108.2,1960-01-01,2019-08-15,6.2,2009-07-01
1173,1999-10-30,1496.6,1961-01-01,2013-07-31,117.4,1960-01-01,2020-03-05,6.1,2009-07-01
1174,2000-04-03,1512.8,1961-01-01,2017-10-27,117.43,1960-01-01,2021-03-04,5.4,2009-07-01
1175,2003-12-10,1600.2,1961-01-01,2018-07-27,116.951,1960-01-01,2022-11-03,6.0,2009-07-01
1176,2009-07-31,1787.7,1961-01-01,1960-08-23,98.6,1960-04-01,2023-11-02,5.9,2009-07-01
1177,2011-07-29,1786.9,1961-01-01,1961-07-19,99.6,1960-04-01,2024-03-07,6.5,2009-07-01
1178,2013-07-31,1894.4,1961-01-01,1962-07-20,99.0,1960-04-01,2016-06-07,4.8,2009-10-01
1179,2017-10-27,1894.409,1961-01-01,1963-07-22,98.9,1960-04-01,2017-03-08,4.9,2009-10-01
1180,2018-07-27,2013.865,1961-01-01,1965-08-19,98.8,1960-04-01,2018-08-15,5.6,2009-10-01
1181,2021-07-29,2017.795,1961-01-01,1976-01-16,99.3,1960-04-01,2019-08-15,5.7,2009-10-01
1182,2023-09-28,2134.615,1961-01-01,1985-12-20,99.6,1960-04-01,2021-03-04,6.7,2009-10-01
1183,1961-08-18,301.6,1961-04-01,1991-12-04,98.4,1960-04-01,2021-08-10,6.3,2009-10-01
1184,1962-07-20,302.5,1961-04-01,1996-01-19,111.8,1960-04-01,2022-11-03,5.9,2009-10-01
1185,1963-07-22,302.2,1961-04-01,1999-10-28,,1960-04-01,2023-11-02,6.0,2009-10-01
1186,1964-07-16,301.8,1961-04-01,1999-10-29,112.4,1960-04-01,2024-03-07,5.5,2009-10-01
1187,1965-08-19,320.5,1961-04-01,2003-12-10,109.5,1960-04-01,2016-06-07,2.1,2010-01-01
1188,1966-07-15,320.4,1961-04-01,2013-07-31,118.9,1960-04-01,2018-08-15,1.8,2010-01-01
1189,1976-01-16,460.8,1961-04-01,2017-10-27,118.853,1960-04-01,2019-03-07,1.9,2010-01-01
1190,1980-12-23,459.9,1961-04-01,2018-07-27,118.38,1960-04-01,2019-08-15,2.0,2010-01-01
1191,1985-12-20,1023.5,1961-04-01,1960-11-20,100.7,1960-07-01,2021-03-04,1.9,2010-01-01
1192,1991-12-04,1235.6,1961-04-01,1961-07-19,101.9,1960-07-01,2021-08-10,2.2,2010-01-01
1193,1996-01-19,1455.7,1961-04-01,1962-07-20,100.8,1960-07-01,2022-11-03,1.0,2010-01-01
1194,1999-10-28,,1961-04-01,1963-07-22,100.5,1960-07-01,2024-03-07,0.4,2010-01-01
1195,1999-10-30,1518.7,1961-04-01,1965-08-19,100.4,1960-07-01,2016-06-07,1.5,2010-04-01
1196,2000-04-03,1535.2,1961-04-01,1976-01-16,101.8,1960-07-01,2017-03-08,1.4,2010-04-01
1197,2003-12-10,1624.2,1961-04-01,1985-12-20,102.1,1960-07-01,2018-08-15,1.3,2010-04-01
1198,2009-07-31,1814.3,1961-04-01,1991-12-04,100.9,1960-07-01,2019-03-07,1.2,2010-04-01
1199,2011-07-29,1813.4,1961-04-01,1996-01-19,114.5,1960-07-01,2019-08-15,1.0,2010-04-01
1200,2013-07-31,1922.7,1961-04-01,1999-10-28,,1960-07-01,2021-03-04,0.7,2010-04-01
1201,2014-07-30,1922.6,1961-04-01,1999-10-29,115.0,1960-07-01,2021-08-10,0.6,2010-04-01
1202,2017-10-27,1922.639,1961-04-01,2003-12-10,113.4,1960-07-01,2022-11-03,1.0,2010-04-01
1203,2018-07-27,2043.835,1961-04-01,2009-07-31,113.3,1960-07-01,2024-03-07,1.3,2010-04-01
1204,2021-07-29,2047.823,1961-04-01,2013-07-31,122.9,1960-07-01,2016-06-07,2.1,2010-07-01
1205,2023-09-28,2166.382,1961-04-01,2017-10-27,122.94,1960-07-01,2016-08-09,2.0,2010-07-01
1206,1961-11-21,305.0,1961-07-01,2018-07-27,122.419,1960-07-01,2018-08-15,2.3,2010-07-01
1207,1962-07-20,306.0,1961-07-01,1961-02-19,102.1,1960-10-01,2019-03-07,2.2,2010-07-01
1208,1963-07-22,304.5,1961-07-01,1961-07-19,101.6,1960-10-01,2021-03-04,2.1,2010-07-01
1209,1964-07-16,305.1,1961-07-01,1962-07-20,101.4,1960-10-01,2021-08-10,2.2,2010-07-01
1210,1965-08-19,324.0,1961-07-01,1963-07-22,101.6,1960-10-01,2022-11-03,2.9,2010-07-01
1211,1966-07-15,323.9,1961-07-01,1965-08-19,101.9,1960-10-01,2024-03-07,2.6,2010-07-01
1212,1976-01-16,462.2,1961-07-01,1976-01-16,102.7,1960-10-01,2016-06-07,1.6,2010-10-01
1213,1980-12-23,461.4,1961-07-01,1985-12-20,103.0,1960-10-01,2018-03-07,1.7,2010-10-01
1214,1985-12-20,1024.6,1961-07-01,1991-12-04,103.1,1960-10-01,2018-08-15,1.1,2010-10-01
1215,1991-12-04,1238.8,1961-07-01,1996-01-19,116.7,1960-10-01,2019-03-07,1.2,2010-10-01
1216,1996-01-19,1463.5,1961-07-01,1999-10-28,,1960-10-01,2019-08-15,1.4,2010-10-01
1217,1999-10-28,,1961-07-01,1999-10-29,117.3,1960-10-01,2021-03-04,1.7,2010-10-01
1218,1999-10-30,1526.3,1961-07-01,2003-12-10,115.1,1960-10-01,2022-11-03,1.1,2010-10-01
1219,2000-04-03,1542.9,1961-07-01,2013-07-31,124.9,1960-10-01,2023-11-02,1.2,2010-10-01
1220,2003-12-10,1632.1,1961-07-01,2017-10-27,124.872,1960-10-01,2024-03-07,1.3,2010-10-01
1221,2009-07-31,1823.1,1961-07-01,2018-07-27,124.33,1960-10-01,2016-06-07,-3.3,2011-01-01
1222,2011-07-29,1822.2,1961-07-01,1961-05-18,104.7,1961-01-01,2018-08-15,-2.9,2011-01-01
1223,2013-07-31,1932.0,1961-07-01,1961-07-19,105.0,1961-01-01,2019-08-15,-2.8,2011-01-01
1224,2017-10-27,1931.998,1961-07-01,1962-07-20,104.8,1961-01-01,2021-03-04,-2.7,2011-01-01
1225,2018-07-27,2053.774,1961-07-01,1963-07-22,104.7,1961-01-01,2022-11-03,-2.8,2011-01-01
1226,2021-07-29,2057.782,1961-07-01,1964-07-16,104.5,1961-01-01,2023-11-02,-3.0,2011-01-01
1227,2023-09-28,2176.916,1961-07-01,1965-08-19,104.3,1961-01-01,2024-03-07,-2.9,2011-01-01
1228,1962-02-24,310.8,1961-10-01,1976-01-16,105.0,1961-01-01,2016-06-07,1.3,2011-04-01
1229,1962-07-20,310.6,1961-10-01,1985-12-20,105.3,1961-01-01,2018-08-15,1.1,2011-04-01
1230,1963-07-22,309.2,1961-10-01,1991-12-04,104.2,1961-01-01,2019-03-07,1.0,2011-04-01
1231,1964-07-16,310.0,1961-10-01,1996-01-19,117.8,1961-01-01,2019-08-15,0.8,2011-04-01
1232,1965-08-19,329.6,1961-10-01,1999-10-28,,1961-01-01,2021-03-04,0.4,2011-04-01
1233,1966-07-15,329.5,1961-10-01,1999-10-29,118.5,1961-01-01,2021-08-10,0.5,2011-04-01
1234,1976-01-16,471.1,1961-10-01,2003-12-10,116.7,1961-01-01,2022-11-03,-0.1,2011-04-01
1235,1980-12-23,470.3,1961-10-01,2013-07-31,126.8,1961-01-01,2023-11-02,0.0,2011-04-01
1236,1985-12-20,1042.9,1961-10-01,2017-10-27,126.794,1961-01-01,2024-03-07,0.3,2011-04-01
1237,1991-12-04,1261.0,1961-10-01,2018-07-27,126.218,1961-01-01,2025-03-06,0.2,2011-04-01
1238,1996-01-19,1492.8,1961-10-01,1961-08-18,107.3,1961-04-01,2026-03-05,0.3,2011-04-01
1239,1999-10-28,,1961-10-01,1962-07-20,106.0,1961-04-01,2016-06-07,-0.7,2011-07-01
1240,1999-10-30,1557.1,1961-10-01,1963-07-22,106.8,1961-04-01,2016-08-09,-0.8,2011-07-01
1241,2000-04-03,1574.2,1961-10-01,1965-08-19,106.7,1961-04-01,2017-03-08,-0.7,2011-07-01
1242,2003-12-10,1664.9,1961-10-01,1976-01-16,106.8,1961-04-01,2018-08-15,-1.8,2011-07-01
1243,2009-07-31,1859.6,1961-10-01,1985-12-20,107.1,1961-04-01,2019-03-07,-1.7,2011-07-01
1244,2011-07-29,1858.7,1961-10-01,1991-12-04,105.9,1961-04-01,2019-08-15,-1.5,2011-07-01
1245,2013-07-31,1970.8,1961-10-01,1996-01-19,119.7,1961-04-01,2021-08-10,-1.3,2011-07-01
1246,2014-07-30,1970.7,1961-10-01,1999-10-28,,1961-04-01,2022-11-03,-1.0,2011-07-01
1247,2017-10-27,1970.746,1961-10-01,1999-10-29,120.3,1961-04-01,2023-11-02,-0.9,2011-07-01
1248,2018-07-27,2095.084,1961-10-01,2003-12-10,117.6,1961-04-01,2024-03-07,-0.8,2011-07-01
1249,2021-07-29,2099.173,1961-10-01,2013-07-31,127.9,1961-04-01,2025-03-06,-0.7,2011-07-01
1250,2023-09-28,2220.704,1961-10-01,2017-10-27,127.85,1961-04-01,2016-06-07,3.1,2011-10-01
1251,1962-05-18,312.8,1962-01-01,2018-07-27,127.254,1961-04-01,2017-03-08,2.8,2011-10-01
1252,1962-07-20,313.9,1962-01-01,1961-11-21,109.0,1961-07-01,2018-08-15,2.7,2011-10-01
1253,1963-07-22,313.0,1962-01-01,1962-07-20,106.9,1961-07-01,2019-03-07,2.6,2011-10-01
1254,1964-07-16,314.2,1962-01-01,1963-07-22,107.9,1961-07-01,2021-03-04,2.7,2011-10-01
1255,1965-08-19,333.5,1962-01-01,1965-08-19,108.4,1961-07-01,2021-08-10,2.8,2011-10-01
1256,1966-07-15,333.3,1962-01-01,1985-12-20,108.7,1961-07-01,2022-11-03,2.3,2011-10-01
1257,1976-01-16,475.3,1962-01-01,1991-12-04,107.1,1961-07-01,2024-03-07,1.9,2011-10-01
1258,1980-12-23,474.5,1962-01-01,1996-01-19,121.0,1961-07-01,2016-06-07,0.7,2012-01-01
1259,1985-12-20,1053.6,1962-01-01,1999-10-28,,1961-07-01,2016-08-09,0.6,2012-01-01
1260,1991-12-04,1273.5,1962-01-01,1999-10-29,121.7,1961-07-01,2018-08-15,1.4,2012-01-01
1261,1996-01-19,1508.4,1962-01-01,2003-12-10,120.2,1961-07-01,2019-03-07,1.5,2012-01-01
1262,1999-10-28,,1962-01-01,2009-07-31,120.1,1961-07-01,2019-08-15,1.4,2012-01-01
1263,1999-10-30,1573.3,1962-01-01,2013-07-31,130.6,1961-07-01,2020-03-05,1.5,2012-01-01
1264,2000-04-03,1590.6,1962-01-01,2017-10-27,130.566,1961-07-01,2021-03-04,1.6,2012-01-01
1265,2003-12-10,1682.7,1962-01-01,2018-07-27,129.961,1961-07-01,2021-08-10,1.8,2012-01-01
1266,2009-07-31,1879.4,1962-01-01,1962-02-24,113.2,1961-10-01,2022-11-03,1.6,2012-01-01
1267,2011-07-29,1878.5,1962-01-01,1962-07-20,112.1,1961-10-01,2023-11-02,1.7,2012-01-01
1268,2013-07-31,1991.7,1962-01-01,1963-07-22,112.3,1961-10-01,2024-03-07,2.0,2012-01-01
1269,2017-10-27,1991.679,1962-01-01,1964-07-16,112.6,1961-10-01,2016-06-07,2.3,2012-04-01
1270,2018-07-27,2117.277,1962-01-01,1965-08-19,111.3,1961-10-01,2018-08-15,2.0,2012-04-01
1271,2021-07-29,2121.409,1962-01-01,1976-01-16,112.3,1961-10-01,2019-03-07,1.9,2012-04-01
1272,2023-09-28,2244.227,1962-01-01,1985-12-20,112.5,1961-10-01,2021-03-04,1.5,2012-04-01
1273,1962-08-14,316.9,1962-04-01,1991-12-04,110.8,1961-10-01,2021-08-10,1.7,2012-04-01
1274,1963-07-22,315.9,1962-04-01,1996-01-19,124.9,1961-10-01,2022-11-03,1.9,2012-04-01
1275,1964-07-16,316.6,1962-04-01,1999-10-28,,1961-10-01,2024-03-07,2.0,2012-04-01
1276,1965-08-19,335.9,1962-04-01,1999-10-29,125.5,1961-10-01,2025-03-06,2.1,2012-04-01
1277,1966-07-15,335.7,1962-04-01,2003-12-10,123.6,1961-10-01,2016-06-07,-0.9,2012-07-01
1278,1976-01-16,480.7,1962-04-01,2013-07-31,134.2,1961-10-01,2016-08-09,-0.8,2012-07-01
1279,1980-12-23,479.8,1962-04-01,2017-10-27,134.168,1961-10-01,2017-03-08,-0.7,2012-07-01
1280,1985-12-20,1063.6,1962-04-01,2018-07-27,133.516,1961-10-01,2018-03-07,-0.8,2012-07-01
1281,1991-12-04,1287.0,1962-04-01,1962-05-18,115.9,1962-01-01,2018-08-15,-0.9,2012-07-01
1282,1996-01-19,1526.7,1962-04-01,1962-07-20,115.2,1962-01-01,2019-03-07,-1.0,2012-07-01
1283,1999-10-28,,1962-04-01,1963-07-22,115.1,1962-01-01,2019-08-15,-0.9,2012-07-01
1284,1999-10-30,1592.4,1962-04-01,1964-07-16,114.3,1962-01-01,2021-03-04,-0.7,2012-07-01
1285,2000-04-03,1609.9,1962-04-01,1965-08-19,114.4,1962-01-01,2021-08-10,-0.4,2012-07-01
1286,2003-12-10,1703.1,1962-04-01,1976-01-16,116.1,1962-01-01,2022-11-03,-0.9,2012-07-01
1287,2009-07-31,1902.5,1962-04-01,1985-12-20,116.2,1962-01-01,2023-11-02,-1.0,2012-07-01
1288,2011-07-29,1901.6,1962-04-01,1991-12-04,114.1,1962-01-01,2024-03-07,-1.1,2012-07-01
1289,2013-07-31,2016.2,1962-04-01,1996-01-19,128.4,1962-01-01,2025-03-06,-1.2,2012-07-01
1290,2014-07-30,2016.1,1962-04-01,1999-10-28,,1962-01-01,2016-06-07,-2.0,2012-10-01
1291,2017-10-27,2016.143,1962-04-01,1999-10-29,129.2,1962-01-01,2017-03-08,-1.8,2012-10-01
1292,2018-07-27,2143.306,1962-04-01,2003-12-10,127.2,1962-01-01,2018-03-07,-1.7,2012-10-01
1293,2021-07-29,2147.489,1962-04-01,2009-07-31,127.1,1962-01-01,2018-08-15,-1.3,2012-10-01
1294,2023-09-28,2271.817,1962-04-01,2013-07-31,137.8,1962-01-01,2019-03-07,-1.4,2012-10-01
1295,1962-11-20,319.0,1962-07-01,2017-10-27,137.767,1962-01-01,2021-08-10,-1.3,2012-10-01
1296,1963-07-22,318.6,1962-07-01,2018-07-27,137.107,1962-01-01,2022-11-03,-1.5,2012-10-01
1297,1964-07-16,319.8,1962-07-01,1962-08-14,116.0,1962-04-01,2023-11-02,-1.6,2012-10-01
1298,1965-08-19,340.3,1962-07-01,1963-07-22,115.5,1962-04-01,2024-03-07,-1.5,2012-10-01
1299,1966-07-15,340.1,1962-07-01,1964-07-16,116.1,1962-04-01,2016-06-07,0.0,2013-01-01
1300,1976-01-16,484.6,1962-07-01,1965-08-19,117.0,1962-04-01,2016-08-09,1.3,2013-01-01
1301,1980-12-23,483.7,1962-07-01,1976-01-16,116.8,1962-04-01,2017-03-08,0.9,2013-01-01
1302,1985-12-20,1072.8,1962-07-01,1985-12-20,116.9,1962-04-01,2018-08-15,2.2,2013-01-01
1303,1991-12-04,1298.2,1962-07-01,1991-12-04,116.1,1962-04-01,2019-03-07,2.4,2013-01-01
1304,1996-01-19,1539.6,1962-07-01,1996-01-19,130.4,1962-04-01,2019-08-15,2.3,2013-01-01
1305,1999-10-28,,1962-07-01,1999-10-28,,1962-04-01,2020-03-05,2.4,2013-01-01
1306,1999-10-30,1605.3,1962-07-01,1999-10-29,131.2,1962-04-01,2021-03-04,2.5,2013-01-01
1307,2000-04-03,1622.9,1962-07-01,2003-12-10,128.3,1962-04-01,2021-08-10,2.2,2013-01-01
1308,2003-12-10,1717.0,1962-07-01,2013-07-31,139.1,1962-04-01,2022-11-03,2.0,2013-01-01
1309,2009-07-31,1917.9,1962-07-01,2017-10-27,139.06,1962-04-01,2023-11-02,2.8,2013-01-01
1310,2011-07-29,1917.0,1962-07-01,2018-07-27,138.426,1962-04-01,2024-03-07,1.9,2013-01-01
1311,2013-07-31,2032.5,1962-07-01,1962-11-20,118.2,1962-07-01,2025-03-06,2.0,2013-01-01
1312,2017-10-27,2032.474,1962-07-01,1963-07-22,117.0,1962-07-01,2016-06-07,-0.2,2013-04-01
1313,2018-07-27,2160.58,1962-07-01,1964-07-16,115.9,1962-07-01,2016-08-09,-0.7,2013-04-01
1314,2021-07-29,2164.796,1962-07-01,1965-08-19,117.4,1962-07-01,2018-03-07,-0.6,2013-04-01
1315,2023-09-28,2290.126,1962-07-01,1976-01-16,118.8,1962-07-01,2018-08-15,-1.2,2013-04-01
1316,1963-02-20,322.8,1962-10-01,1985-12-20,118.9,1962-07-01,2019-03-07,-1.3,2013-04-01
1317,1963-07-22,322.9,1962-10-01,1991-12-04,117.9,1962-07-01,2019-08-15,-1.4,2013-04-01
1318,1964-07-16,323.6,1962-10-01,1996-01-19,132.6,1962-07-01,2021-03-04,-1.5,2013-04-01
1319,1965-08-19,344.8,1962-10-01,1999-10-28,,1962-07-01,2021-08-10,-1.3,2013-04-01
1320,1966-07-15,344.6,1962-10-01,1999-10-29,133.3,1962-07-01,2022-11-03,-1.4,2013-04-01
1321,1976-01-16,490.8,1962-10-01,2003-12-10,131.8,1962-07-01,2023-11-02,-1.1,2013-04-01
1322,1980-12-23,490.0,1962-10-01,2013-07-31,142.7,1962-07-01,2024-03-07,-0.9,2013-04-01
1323,1985-12-20,1085.8,1962-10-01,2017-10-27,142.698,1962-07-01,2025-03-06,-1.0,2013-04-01
1324,1991-12-04,1314.3,1962-10-01,2018-07-27,142.052,1962-07-01,2016-06-07,1.4,2013-07-01
1325,1996-01-19,1560.6,1962-10-01,1963-02-20,120.7,1962-10-01,2016-08-09,1.7,2013-07-01
1326,1999-10-28,,1962-10-01,1963-07-22,120.2,1962-10-01,2017-08-09,1.6,2013-07-01
1327,1999-10-30,1628.0,1962-10-01,1964-07-16,118.7,1962-10-01,2018-08-15,1.9,2013-07-01
1328,2000-04-03,1645.9,1962-10-01,1965-08-19,119.3,1962-10-01,2019-08-15,2.0,2013-07-01
1329,2003-12-10,1741.5,1962-10-01,1976-01-16,120.4,1962-10-01,2020-03-05,1.9,2013-07-01
1330,2009-07-31,1945.1,1962-10-01,1985-12-20,120.6,1962-10-01,2021-03-04,1.7,2013-07-01
1331,2011-07-29,1944.2,1962-10-01,1991-12-04,119.2,1962-10-01,2021-08-10,1.9,2013-07-01
1332,2013-07-31,2061.3,1962-10-01,1996-01-19,134.3,1962-10-01,2022-11-03,2.1,2013-07-01
1333,2017-10-27,2061.298,1962-10-01,1999-10-28,,1962-10-01,2023-11-02,2.3,2013-07-01
1334,2018-07-27,2191.15,1962-10-01,1999-10-29,135.1,1962-10-01,2024-03-07,2.9,2013-07-01
1335,2021-07-29,2195.427,1962-10-01,2003-12-10,133.2,1962-10-01,2016-06-07,3.7,2013-10-01
1336,2023-09-28,2322.53,1962-10-01,2013-07-31,144.2,1962-10-01,2016-08-09,4.1,2013-10-01
1337,1963-05-21,325.3,1963-01-01,2017-10-27,144.199,1962-10-01,2017-03-08,4.5,2013-10-01
1338,1963-07-22,325.5,1963-01-01,2018-07-27,143.562,1962-10-01,2017-08-09,4.4,2013-10-01
1339,1964-07-16,327.0,1963-01-01,1963-05-21,124.0,1963-01-01,2018-03-07,4.1,2013-10-01
1340,1965-08-19,348.3,1963-01-01,1963-07-22,123.0,1963-01-01,2018-08-15,3.2,2013-10-01
1341,1966-07-15,348.5,1963-01-01,1964-07-16,121.4,1963-01-01,2019-03-07,3.0,2013-10-01
1342,1976-01-16,493.9,1963-01-01,1965-08-19,121.9,1963-01-01,2019-08-15,3.1,2013-10-01
1343,1980-12-23,493.1,1963-01-01,1976-01-16,122.0,1963-01-01,2021-03-04,3.2,2013-10-01
1344,1985-12-20,1094.1,1963-01-01,1980-12-23,122.1,1963-01-01,2021-08-10,2.8,2013-10-01
1345,1991-12-04,1322.5,1963-01-01,1985-12-20,122.3,1963-01-01,2022-11-03,3.1,2013-10-01
1346,1996-01-19,1571.2,1963-01-01,1991-12-04,119.5,1963-01-01,2023-11-02,3.8,2013-10-01
1347,1999-10-28,,1963-01-01,1996-01-19,134.7,1963-01-01,2024-03-07,3.9,2013-10-01
1348,1999-10-30,1639.2,1963-01-01,1999-10-28,,1963-01-01,2016-06-07,-3.1,2014-01-01
1349,2000-04-03,1657.1,1963-01-01,1999-10-29,135.5,1963-01-01,2016-08-09,-3.7,2014-01-01
1350,2003-12-10,1753.1,1963-01-01,2003-12-10,133.2,1963-01-01,2017-08-09,-3.4,2014-01-01
1351,2009-07-31,1958.2,1963-01-01,2009-07-31,133.1,1963-01-01,2018-03-07,-3.2,2014-01-01
1352,2011-07-29,1957.3,1963-01-01,2013-07-31,144.4,1963-01-01,2018-08-15,-3.3,2014-01-01
1353,2013-07-31,2075.3,1963-01-01,2017-10-27,144.392,1963-01-01,2019-03-07,-3.4,2014-01-01
1354,2014-07-30,2075.2,1963-01-01,2018-07-27,143.724,1963-01-01,2019-08-15,-3.8,2014-01-01
1355,2017-10-27,2075.231,1963-01-01,1963-08-16,123.8,1963-04-01,2020-03-05,-3.9,2014-01-01
1356,2018-07-27,2206.499,1963-01-01,1964-07-16,120.9,1963-04-01,2021-03-04,-3.7,2014-01-01
1357,2021-07-29,2210.805,1963-01-01,1976-01-16,121.3,1963-04-01,2021-08-10,-4.0,2014-01-01
1358,2023-09-28,2338.799,1963-01-01,1985-12-20,121.4,1963-04-01,2022-11-03,-4.1,2014-01-01
1359,1963-08-16,327.0,1963-04-01,1991-12-04,120.5,1963-04-01,2023-11-02,-3.8,2014-01-01
1360,1964-07-16,328.6,1963-04-01,1996-01-19,135.9,1963-04-01,2024-03-07,-3.3,2014-01-01
1361,1965-08-19,350.0,1963-04-01,1999-10-28,,1963-04-01,2016-06-07,2.4,2014-04-01
1362,1966-07-15,350.9,1963-04-01,1999-10-29,136.7,1963-04-01,2016-08-09,2.0,2014-04-01
1363,1976-01-16,498.3,1963-04-01,2003-12-10,133.4,1963-04-01,2017-03-08,1.7,2014-04-01
1364,1980-12-23,497.4,1963-04-01,2013-07-31,144.8,1963-04-01,2017-08-09,2.4,2014-04-01
1365,1985-12-20,1100.2,1963-04-01,2017-10-27,144.803,1963-04-01,2018-03-07,2.5,2014-04-01
1366,1991-12-04,1332.3,1963-04-01,2018-07-27,144.132,1963-04-01,2018-08-15,3.2,2014-04-01
1367,1996-01-19,1586.3,1963-04-01,1963-11-18,125.7,1963-07-01,2019-03-07,3.4,2014-04-01
1368,1999-10-28,,1963-04-01,1964-07-16,122.8,1963-07-01,2019-08-15,4.0,2014-04-01
1369,1999-10-30,1654.8,1963-04-01,1965-08-19,123.0,1963-07-01,2020-03-05,4.2,2014-04-01
1370,2000-04-03,1673.0,1963-04-01,1966-07-15,122.9,1963-07-01,2021-03-04,4.1,2014-04-01
1371,2003-12-10,1770.0,1963-04-01,1976-01-16,124.3,1963-07-01,2021-08-10,3.9,2014-04-01
1372,2009-07-31,1976.9,1963-04-01,1985-12-20,124.4,1963-07-01,2022-03-03,3.8,2014-04-01
1373,2011-07-29,1976.0,1963-04-01,1991-12-04,124.0,1963-07-01,2022-11-03,3.5,2014-04-01
1374,2013-07-31,2095.1,1963-04-01,1996-01-19,139.5,1963-07-01,2023-11-02,3.6,2014-04-01
1375,2017-10-27,2095.103,1963-04-01,1999-10-28,,1963-07-01,2024-03-07,2.7,2014-04-01
1376,2018-07-27,2227.32,1963-04-01,1999-10-29,140.3,1963-07-01,2025-03-06,2.6,2014-04-01
1377,2021-07-29,2231.667,1963-04-01,2003-12-10,139.0,1963-07-01,2016-06-07,3.1,2014-07-01
1378,2023-09-28,2360.869,1963-04-01,2013-07-31,150.6,1963-07-01,2016-08-09,4.2,2014-07-01
1379,1963-11-18,330.1,1963-07-01,2017-10-27,150.597,1963-07-01,2017-03-08,4.1,2014-07-01
1380,1964-07-16,332.4,1963-07-01,2018-07-27,149.927,1963-07-01,2017-08-09,4.4,2014-07-01
1381,1965-08-19,355.1,1963-07-01,1964-01-17,127.7,1963-10-01,2018-03-07,4.2,2014-07-01
1382,1966-07-15,356.1,1963-07-01,1964-07-16,124.8,1963-10-01,2018-08-15,3.8,2014-07-01
1383,1976-01-16,504.8,1963-07-01,1965-08-19,124.3,1963-10-01,2019-03-07,3.7,2014-07-01
1384,1980-12-23,503.9,1963-07-01,1976-01-16,127.1,1963-10-01,2020-03-05,3.9,2014-07-01
1385,1985-12-20,1115.5,1963-07-01,1980-12-23,127.0,1963-10-01,2021-03-04,3.7,2014-07-01
1386,1991-12-04,1350.7,1963-07-01,1985-12-20,127.2,1963-10-01,2021-08-10,3.6,2014-07-01
1387,1996-01-19,1607.6,1963-07-01,1991-12-04,125.0,1963-10-01,2022-03-03,3.5,2014-07-01
1388,1999-10-28,,1963-07-01,1996-01-19,140.7,1963-10-01,2022-11-03,3.3,2014-07-01
1389,1999-10-30,1677.3,1963-07-01,1999-10-28,,1963-10-01,2023-11-02,3.6,2014-07-01
1390,2000-04-03,1695.7,1963-07-01,1999-10-29,141.4,1963-10-01,2024-03-07,3.4,2014-07-01
1391,2003-12-10,1794.0,1963-07-01,2003-12-10,139.9,1963-10-01,2025-03-06,3.5,2014-07-01
1392,2009-07-31,2003.8,1963-07-01,2013-07-31,151.7,1963-10-01,2016-06-07,-1.7,2014-10-01
1393,2011-07-29,2002.9,1963-07-01,2017-10-27,151.725,1963-10-01,2016-08-09,-1.6,2014-10-01
1394,2013-07-31,2123.7,1963-07-01,2018-07-27,150.989,1963-10-01,2017-03-08,-1.4,2014-10-01
1395,2017-10-27,2123.67,1963-07-01,1964-05-18,128.8,1964-01-01,2017-08-09,-1.8,2014-10-01
1396,2018-07-27,2257.536,1963-07-01,1964-07-16,125.2,1964-01-01,2018-03-07,-2.1,2014-10-01
1397,2021-07-29,2261.942,1963-07-01,1965-08-19,126.3,1964-01-01,2018-08-15,-2.2,2014-10-01
1398,2023-09-28,2392.896,1963-07-01,1966-07-15,126.5,1964-01-01,2019-08-15,-1.7,2014-10-01
1399,1964-01-17,332.8,1963-10-01,1967-07-17,126.4,1964-01-01,2020-03-05,-1.9,2014-10-01
1400,1964-07-16,334.4,1963-10-01,1976-01-16,128.3,1964-01-01,2021-03-04,-1.8,2014-10-01
1401,1965-08-19,356.4,1963-10-01,1985-12-20,128.5,1964-01-01,2021-08-10,-2.2,2014-10-01
1402,1966-07-15,357.7,1963-10-01,1991-12-04,126.6,1964-01-01,2022-11-03,-2.1,2014-10-01
1403,1976-01-16,508.4,1963-10-01,1996-01-19,142.4,1964-01-01,2023-11-02,-1.9,2014-10-01
1404,1980-12-23,507.5,1963-10-01,1999-10-28,,1964-01-01,2024-03-07,-1.4,2014-10-01
1405,1985-12-20,1123.6,1963-10-01,1999-10-29,143.1,1964-01-01,2016-06-07,-0.8,2015-01-01
1406,1991-12-04,1362.0,1963-10-01,2003-12-10,141.3,1964-01-01,2016-08-09,1.1,2015-01-01
1407,1996-01-19,1621.1,1963-10-01,2013-07-31,153.3,1964-01-01,2017-03-08,1.2,2015-01-01
1408,1999-10-28,,1963-10-01,2017-10-27,153.292,1964-01-01,2017-08-09,2.7,2015-01-01
1409,1999-10-30,1691.5,1963-10-01,2018-07-27,152.554,1964-01-01,2018-03-07,3.0,2015-01-01
1410,2000-04-03,1710.0,1963-10-01,1964-07-16,129.5,1964-04-01,2018-08-15,3.1,2015-01-01
1411,2003-12-10,1809.3,1963-10-01,1964-08-18,129.6,1964-04-01,2019-03-07,2.9,2015-01-01
1412,2009-07-31,2020.6,1963-10-01,1965-08-19,129.7,1964-04-01,2019-05-02,3.0,2015-01-01
1413,2011-07-29,2019.6,1963-10-01,1966-07-15,130.1,1964-04-01,2019-08-15,2.9,2015-01-01
1414,2013-07-31,2141.4,1963-10-01,1967-07-17,129.2,1964-04-01,2020-08-14,3.7,2015-01-01
1415,2017-10-27,2141.367,1963-10-01,1976-01-16,130.0,1964-04-01,2021-03-04,4.1,2015-01-01
1416,2018-07-27,2276.347,1963-10-01,1985-12-20,130.2,1964-04-01,2021-08-10,3.5,2015-01-01
1417,2021-07-29,2280.79,1963-10-01,1991-12-04,128.8,1964-04-01,2022-03-03,3.4,2015-01-01
1418,2023-09-28,2412.836,1963-10-01,1996-01-19,144.8,1964-04-01,2022-11-03,2.8,2015-01-01
1419,1964-05-18,339.0,1964-01-01,1999-10-28,,1964-04-01,2023-11-02,3.1,2015-01-01
1420,1964-07-16,340.9,1964-01-01,1999-10-29,145.5,1964-04-01,2024-03-07,2.3,2015-01-01
1421,1965-08-19,364.5,1964-01-01,2003-12-10,142.9,1964-04-01,2016-06-07,3.1,2015-04-01
1422,1966-07-15,365.7,1964-01-01,2013-07-31,155.1,1964-04-01,2016-08-09,1.2,2015-04-01
1423,1967-07-17,366.3,1964-01-01,2017-10-27,155.08,1964-04-01,2017-03-08,1.0,2015-04-01
1424,1976-01-16,517.4,1964-01-01,2018-07-27,154.314,1964-04-01,2017-05-04,1.1,2015-04-01
1425,1980-12-23,516.6,1964-01-01,1964-10-14,130.0,1964-07-01,2017-08-09,1.3,2015-04-01
1426,1985-12-20,1145.2,1964-01-01,1964-11-18,129.5,1964-07-01,2018-08-15,2.1,2015-04-01
1427,1991-12-04,1388.0,1964-01-01,1965-08-19,128.7,1964-07-01,2019-03-07,2.2,2015-04-01
1428,1996-01-19,1653.6,1964-01-01,1966-07-15,129.5,1964-07-01,2019-08-15,1.7,2015-04-01
1429,1999-10-28,,1964-01-01,1967-07-17,129.4,1964-07-01,2020-08-14,1.5,2015-04-01
1430,1999-10-30,1724.8,1964-01-01,1976-01-16,130.0,1964-07-01,2021-03-04,1.6,2015-04-01
1431,2000-04-03,1743.8,1964-01-01,1985-12-20,130.1,1964-07-01,2021-08-10,1.1,2015-04-01
1432,2003-12-10,1845.2,1964-01-01,1991-12-04,129.0,1964-07-01,2022-11-03,1.4,2015-04-01
1433,2009-07-31,2060.5,1964-01-01,1996-01-19,145.1,1964-07-01,2024-03-07,2.0,2015-04-01
1434,2011-07-29,2059.5,1964-01-01,1999-10-28,,1964-07-01,2016-06-07,2.0,2015-07-01
1435,2013-07-31,2183.6,1964-01-01,1999-10-29,145.8,1964-07-01,2017-03-08,1.8,2015-07-01
1436,2017-10-27,2183.579,1964-01-01,2003-12-10,144.4,1964-07-01,2017-08-09,1.3,2015-07-01
1437,2018-07-27,2321.024,1964-01-01,2013-07-31,156.8,1964-07-01,2018-03-07,1.2,2015-07-01
1438,2021-07-29,2325.554,1964-01-01,2017-10-27,156.814,1964-07-01,2018-08-15,0.5,2015-07-01
1439,2023-09-28,2460.191,1964-01-01,2018-07-27,156.033,1964-07-01,2019-03-07,0.7,2015-07-01
1440,1964-08-18,345.0,1964-04-01,1965-01-14,130.3,1964-10-01,2019-05-02,0.6,2015-07-01
1441,1965-08-19,369.8,1964-04-01,1965-02-17,130.0,1964-10-01,2019-08-15,1.3,2015-07-01
1442,1966-07-15,371.0,1964-04-01,1965-08-19,128.6,1964-10-01,2020-03-05,0.8,2015-07-01
1443,1967-07-17,370.7,1964-04-01,1966-07-15,129.4,1964-10-01,2020-08-14,1.1,2015-07-01
1444,1976-01-16,526.4,1964-04-01,1967-07-17,129.8,1964-10-01,2021-03-04,0.0,2015-07-01
1445,1980-12-23,525.6,1964-04-01,1976-01-16,130.9,1964-10-01,2021-08-10,-0.1,2015-07-01
1446,1985-12-20,1164.4,1964-04-01,1985-12-20,131.0,1964-10-01,2022-11-03,1.2,2015-07-01
1447,1991-12-04,1409.3,1964-04-01,1991-12-04,129.1,1964-10-01,2023-11-02,1.5,2015-07-01
1448,1996-01-19,1683.1,1964-04-01,1996-01-19,145.3,1964-10-01,2024-03-07,1.1,2015-07-01
1449,1999-10-28,,1964-04-01,1999-10-28,,1964-10-01,2016-06-07,-1.7,2015-10-01
1450,1999-10-30,1755.6,1964-04-01,1999-10-29,146.0,1964-10-01,2016-08-09,-2.4,2015-10-01
1451,2000-04-03,1775.0,1964-04-01,2003-12-10,144.3,1964-10-01,2017-03-08,-2.0,2015-10-01
1452,2003-12-10,1877.9,1964-04-01,2013-07-31,156.9,1964-10-01,2017-08-09,-2.6,2015-10-01
1453,2009-07-31,2096.7,1964-04-01,2017-10-27,156.92,1964-10-01,2018-03-07,-2.7,2015-10-01
1454,2011-07-29,2095.8,1964-04-01,2018-07-27,156.152,1964-10-01,2018-08-15,-2.9,2015-10-01
1455,2013-07-31,2222.0,1964-04-01,1965-04-14,130.0,1965-01-01,2019-03-07,-3.1,2015-10-01
1456,2017-10-27,2221.988,1964-04-01,1965-05-14,131.0,1965-01-01,2019-08-15,-3.5,2015-10-01
1457,2018-07-27,2362.081,1964-04-01,1965-08-19,130.9,1965-01-01,2020-03-05,-2.9,2015-10-01
1458,2021-07-29,2366.691,1964-04-01,1966-01-13,131.3,1965-01-01,2020-08-14,-2.2,2015-10-01
1459,2023-09-28,2503.709,1964-04-01,1966-07-15,131.6,1965-01-01,2021-03-04,-1.6,2015-10-01
1460,1964-11-18,351.8,1964-07-01,1967-07-17,131.3,1965-01-01,2022-11-03,-2.2,2015-10-01
1461,1965-08-19,377.3,1964-07-01,1968-07-18,131.5,1965-01-01,2024-03-07,-2.4,2015-10-01
1462,1966-07-15,379.5,1964-07-01,1976-01-16,131.7,1965-01-01,2016-06-07,-0.6,2016-01-01
1463,1967-07-17,378.6,1964-07-01,1980-12-23,131.6,1965-01-01,2017-05-04,-0.7,2016-01-01
1464,1976-01-16,535.0,1964-07-01,1985-12-20,131.8,1965-01-01,2017-08-09,-1.2,2016-01-01
1465,1980-12-23,534.3,1964-07-01,1991-12-04,129.8,1965-01-01,2018-03-07,-1.1,2016-01-01
1466,1985-12-20,1184.8,1964-07-01,1996-01-19,146.2,1965-01-01,2018-08-15,0.3,2016-01-01
1467,1991-12-04,1433.8,1964-07-01,1999-10-28,,1965-01-01,2019-03-07,0.5,2016-01-01
1468,1996-01-19,1713.9,1964-07-01,1999-10-29,146.9,1965-01-01,2019-08-15,1.2,2016-01-01
1469,1999-10-28,,1964-07-01,2003-12-10,144.9,1965-01-01,2020-03-05,0.8,2016-01-01
1470,1999-10-30,1787.9,1964-07-01,2013-07-31,157.8,1965-01-01,2020-08-14,0.9,2016-01-01
1471,2000-04-03,1807.8,1964-07-01,2017-10-27,157.82,1965-01-01,2021-03-04,1.2,2016-01-01
1472,2003-12-10,1912.6,1964-07-01,2018-07-27,157.025,1965-01-01,2021-08-10,1.4,2016-01-01
1473,2009-07-31,2135.2,1964-07-01,1965-07-14,133.6,1965-04-01,2022-03-03,1.3,2016-01-01
1474,2011-07-29,2134.3,1964-07-01,1965-08-19,132.9,1965-04-01,2022-11-03,1.1,2016-01-01
1475,2013-07-31,2262.9,1964-07-01,1966-01-13,133.5,1965-04-01,2024-03-07,1.7,2016-01-01
1476,2014-07-30,2262.8,1964-07-01,1966-07-15,134.3,1965-04-01,2016-08-09,-0.5,2016-04-01
1477,2017-10-27,2262.827,1964-07-01,1967-07-17,133.9,1965-04-01,2016-09-01,-0.6,2016-04-01
1478,2018-07-27,2405.713,1964-07-01,1968-07-18,134.4,1965-04-01,2016-11-03,-0.2,2016-04-01
1479,2021-07-29,2410.408,1964-07-01,1976-01-16,135.7,1965-04-01,2017-03-08,-0.1,2016-04-01
1480,2023-09-28,2549.958,1964-07-01,1980-12-23,135.6,1965-04-01,2017-08-09,0.8,2016-04-01
1481,1965-02-17,352.4,1964-10-01,1985-12-20,135.8,1965-04-01,2018-03-07,0.9,2016-04-01
1482,1965-08-19,376.8,1964-10-01,1991-12-04,133.3,1965-04-01,2018-05-03,1.0,2016-04-01
1483,1966-07-15,378.9,1964-10-01,1996-01-19,149.9,1965-04-01,2018-08-15,0.9,2016-04-01
1484,1967-07-17,379.3,1964-10-01,1999-10-28,,1965-04-01,2019-03-07,1.0,2016-04-01
1485,1976-01-16,536.0,1964-10-01,1999-10-29,150.6,1965-04-01,2019-08-15,0.6,2016-04-01
1486,1980-12-23,535.3,1964-10-01,2003-12-10,147.4,1965-04-01,2020-03-05,0.8,2016-04-01
1487,1985-12-20,1188.0,1964-10-01,2013-07-31,160.6,1965-04-01,2020-08-14,-0.1,2016-04-01
1488,1991-12-04,1437.6,1964-10-01,2017-10-27,160.624,1965-04-01,2021-03-04,-0.4,2016-04-01
1489,1996-01-19,1718.6,1964-10-01,2018-07-27,159.808,1965-04-01,2021-08-10,-0.3,2016-04-01
1490,1999-10-28,,1964-10-01,1965-10-13,135.1,1965-07-01,2022-11-03,0.0,2016-04-01
1491,1999-10-30,1792.7,1964-10-01,1965-11-15,135.2,1965-07-01,2024-03-07,0.2,2016-04-01
1492,2000-04-03,1812.8,1964-10-01,1966-01-13,135.4,1965-07-01,2025-03-06,0.3,2016-04-01
1493,2003-12-10,1918.0,1964-10-01,1966-07-15,137.7,1965-07-01,2016-11-03,3.1,2016-07-01
1494,2009-07-31,2141.2,1964-10-01,1967-07-17,138.1,1965-07-01,2017-02-02,3.5,2016-07-01
1495,2011-07-29,2140.2,1964-10-01,1968-07-18,138.9,1965-07-01,2017-03-08,3.3,2016-07-01
1496,2013-07-31,2269.2,1964-10-01,1976-01-16,140.1,1965-07-01,2017-08-09,2.5,2016-07-01
1497,2017-10-27,2269.204,1964-10-01,1985-12-20,140.3,1965-07-01,2018-03-07,2.4,2016-07-01
1498,2018-07-27,2412.58,1964-10-01,1991-12-04,138.2,1965-07-01,2018-08-15,1.3,2016-07-01
1499,2021-07-29,2417.288,1964-10-01,1996-01-19,155.0,1965-07-01,2019-03-07,1.2,2016-07-01
1500,2023-09-28,2557.236,1964-10-01,1999-10-28,,1965-07-01,2019-08-15,1.4,2016-07-01
1501,1965-05-14,360.6,1965-01-01,1999-10-29,155.7,1965-07-01,2020-03-05,1.3,2016-07-01
1502,1965-08-19,385.9,1965-01-01,2003-12-10,154.0,1965-07-01,2020-08-14,1.2,2016-07-01
1503,1966-01-13,386.1,1965-01-01,2013-07-31,167.6,1965-07-01,2021-03-04,1.3,2016-07-01
1504,1966-07-15,387.1,1965-01-01,2017-10-27,167.625,1965-07-01,2021-08-10,1.6,2016-07-01
1505,1967-07-17,389.1,1965-01-01,2018-07-27,166.761,1965-07-01,2022-11-03,1.8,2016-07-01
1506,1968-07-18,387.9,1965-01-01,1966-01-13,139.6,1965-10-01,2023-11-02,2.2,2016-07-01
1507,1976-01-16,546.7,1965-01-01,1966-02-15,139.0,1965-10-01,2024-03-07,1.4,2016-07-01
1508,1980-12-23,546.0,1965-01-01,1966-07-15,141.2,1965-10-01,2017-02-02,1.3,2016-10-01
1509,1985-12-20,1208.2,1965-01-01,1967-07-17,142.3,1965-10-01,2017-05-04,1.8,2016-10-01
1510,1991-12-04,1463.4,1965-01-01,1968-07-18,143.3,1965-10-01,2017-08-09,1.3,2016-10-01
1511,1996-01-19,1756.2,1965-01-01,1976-01-16,146.0,1965-10-01,2018-03-07,1.1,2016-10-01
1512,1999-10-28,,1965-01-01,1980-12-23,146.1,1965-10-01,2018-05-03,1.2,2016-10-01
1513,1999-10-30,1832.0,1965-01-01,1985-12-20,146.3,1965-10-01,2018-08-15,1.3,2016-10-01
1514,2000-04-03,1852.5,1965-01-01,1991-12-04,143.8,1965-10-01,2019-03-07,1.4,2016-10-01
1515,2003-12-10,1960.3,1965-01-01,1996-01-19,160.9,1965-10-01,2019-08-15,1.8,2016-10-01
1516,2009-07-31,2188.8,1965-01-01,1999-10-28,,1965-10-01,2020-08-14,2.5,2016-10-01
1517,2011-07-29,2187.8,1965-01-01,1999-10-29,161.6,1965-10-01,2021-03-04,3.0,2016-10-01
1518,2013-07-31,2319.8,1965-01-01,2003-12-10,159.6,1965-10-01,2021-08-10,2.3,2016-10-01
1519,2017-10-27,2319.788,1965-01-01,2013-07-31,173.5,1965-10-01,2022-11-03,2.4,2016-10-01
1520,2018-07-27,2466.382,1965-01-01,2017-10-27,173.469,1965-10-01,2023-11-02,2.6,2016-10-01
1521,2021-07-29,2471.196,1965-01-01,2018-07-27,172.619,1965-10-01,2024-03-07,2.7,2016-10-01
1522,2023-09-28,2614.265,1965-01-01,1966-04-18,143.6,1966-01-01,2017-05-04,-0.6,2017-01-01
1523,1965-08-19,390.2,1965-04-01,1966-05-20,144.0,1966-01-01,2017-06-05,0.0,2017-01-01
1524,1966-01-13,390.5,1965-04-01,1966-07-15,145.0,1966-01-01,2017-08-09,0.1,2017-01-01
1525,1966-07-15,392.2,1965-04-01,1967-07-17,146.5,1966-01-01,2018-03-07,0.2,2017-01-01
1526,1967-07-17,394.1,1965-04-01,1968-07-18,147.8,1966-01-01,2018-08-15,0.4,2017-01-01
1527,1968-07-18,393.4,1965-04-01,1969-07-17,148.0,1966-01-01,2019-08-15,1.0,2017-01-01
1528,1976-01-16,551.4,1965-04-01,1976-01-16,149.9,1966-01-01,2020-03-05,1.2,2017-01-01
1529,1980-12-23,550.7,1965-04-01,1980-12-23,150.0,1966-01-01,2020-05-07,1.1,2017-01-01
1530,1985-12-20,1221.7,1965-04-01,1985-12-20,150.2,1966-01-01,2020-08-14,1.0,2017-01-01
1531,1991-12-04,1480.9,1965-04-01,1991-12-04,147.5,1966-01-01,2021-03-04,0.8,2017-01-01
1532,1996-01-19,1776.1,1965-04-01,1996-01-19,164.8,1966-01-01,2021-08-10,0.4,2017-01-01
1533,1999-10-28,,1965-04-01,1999-10-28,,1966-01-01,2022-03-03,0.3,2017-01-01
1534,1999-10-30,1852.3,1965-04-01,1999-10-29,165.5,1966-01-01,2022-11-03,0.2,2017-01-01
1535,2000-04-03,1873.2,1965-04-01,2003-12-10,163.6,1966-01-01,2023-11-02,0.5,2017-01-01
1536,2003-12-10,1982.0,1965-04-01,2013-07-31,177.9,1966-01-01,2024-03-07,0.7,2017-01-01
1537,2009-07-31,2213.0,1965-04-01,2017-10-27,177.929,1966-01-01,2017-08-09,0.9,2017-04-01
1538,2011-07-29,2212.0,1965-04-01,2018-07-27,177.032,1966-01-01,2017-09-07,1.5,2017-04-01
1539,2013-07-31,2345.5,1965-04-01,1966-07-15,149.4,1966-04-01,2018-03-07,1.7,2017-04-01
1540,2017-10-27,2345.506,1965-04-01,1966-08-11,149.0,1966-04-01,2018-08-15,1.6,2017-04-01
1541,2018-07-27,2493.584,1965-04-01,1967-07-17,151.2,1966-04-01,2019-05-02,1.7,2017-04-01
1542,2021-07-29,2498.45,1965-04-01,1968-07-18,153.1,1966-04-01,2019-08-15,0.5,2017-04-01
1543,2023-09-28,2643.097,1965-04-01,1969-07-17,153.4,1966-04-01,2020-08-14,-0.1,2017-04-01
1544,1965-11-15,396.7,1965-07-01,1976-01-16,155.2,1966-04-01,2021-03-04,-1.0,2017-04-01
1545,1966-01-13,396.9,1965-07-01,1980-12-23,155.3,1966-04-01,2021-08-10,-0.3,2017-04-01
1546,1966-07-15,398.9,1965-07-01,1985-12-20,155.2,1966-04-01,2022-03-03,-0.5,2017-04-01
1547,1967-07-17,400.7,1965-07-01,1991-12-04,153.5,1966-04-01,2022-11-03,-0.4,2017-04-01
1548,1968-07-18,400.3,1965-07-01,1996-01-19,171.1,1966-04-01,2023-11-02,-0.2,2017-04-01
1549,1976-01-16,559.8,1965-07-01,1999-10-28,,1966-04-01,2024-03-07,0.2,2017-04-01
1550,1980-12-23,559.2,1965-07-01,1999-10-29,171.8,1966-04-01,2017-11-02,3.0,2017-07-01
1551,1985-12-20,1242.3,1965-07-01,2003-12-10,167.9,1966-04-01,2018-02-01,2.7,2017-07-01
1552,1991-12-04,1503.1,1965-07-01,2013-07-31,182.6,1966-04-01,2018-03-07,2.6,2017-07-01
1553,1996-01-19,1806.1,1965-07-01,2017-10-27,182.566,1966-04-01,2018-08-15,2.3,2017-07-01
1554,1999-10-28,,1965-07-01,2018-07-27,181.659,1966-04-01,2019-03-07,2.2,2017-07-01
1555,1999-10-30,1884.0,1965-07-01,1966-10-13,155.3,1966-07-01,2019-05-02,2.3,2017-07-01
1556,2000-04-03,1905.3,1965-07-01,1966-11-10,155.5,1966-07-01,2019-08-15,3.0,2017-07-01
1557,2003-12-10,2016.0,1965-07-01,1967-01-13,156.2,1966-07-01,2020-03-05,2.9,2017-07-01
1558,2009-07-31,2251.0,1965-07-01,1967-07-17,157.7,1966-07-01,2020-08-14,2.5,2017-07-01
1559,2011-07-29,2250.0,1965-07-01,1968-07-18,159.5,1966-07-01,2021-03-04,3.2,2017-07-01
1560,2013-07-31,2385.9,1965-07-01,1969-07-17,160.7,1966-07-01,2022-03-03,3.3,2017-07-01
1561,2017-10-27,2385.882,1965-07-01,1976-01-16,162.1,1966-07-01,2022-05-05,3.4,2017-07-01
1562,2018-07-27,2536.43,1965-07-01,1980-12-23,162.0,1966-07-01,2022-11-03,4.0,2017-07-01
1563,2021-07-29,2541.38,1965-07-01,1991-12-04,159.0,1966-07-01,2023-11-02,3.8,2017-07-01
1564,2023-09-28,2688.512,1965-07-01,1996-01-19,176.9,1966-07-01,2024-03-07,3.2,2017-07-01
1565,1966-01-13,402.8,1965-10-01,1999-10-28,,1966-07-01,2025-03-06,3.3,2017-07-01
1566,1966-02-15,403.3,1965-10-01,1999-10-29,177.7,1966-07-01,2018-02-01,-0.1,2017-10-01
1567,1966-07-15,406.5,1965-10-01,2003-12-10,175.7,1966-07-01,2018-03-07,0.0,2017-10-01
1568,1967-07-17,409.9,1965-10-01,2009-07-31,175.5,1966-07-01,2018-05-03,0.3,2017-10-01
1569,1968-07-18,409.2,1965-10-01,2013-07-31,190.4,1966-07-01,2018-08-15,-0.3,2017-10-01
1570,1976-01-16,574.5,1965-10-01,2017-10-27,190.424,1966-07-01,2019-03-07,-0.4,2017-10-01
1571,1980-12-23,573.9,1965-10-01,2018-07-27,189.466,1966-07-01,2019-05-02,-0.3,2017-10-01
1572,1985-12-20,1273.2,1965-10-01,1967-01-13,161.9,1966-10-01,2019-08-15,0.9,2017-10-01
1573,1991-12-04,1540.6,1965-10-01,1967-02-17,161.1,1966-10-01,2020-03-05,0.8,2017-10-01
1574,1996-01-19,1858.0,1965-10-01,1967-07-17,161.7,1966-10-01,2020-05-07,0.9,2017-10-01
1575,1999-10-28,,1965-10-01,1968-07-18,164.3,1966-10-01,2020-08-14,1.3,2017-10-01
1576,1999-10-30,1937.4,1965-10-01,1969-07-17,165.2,1966-10-01,2021-03-04,1.8,2017-10-01
1577,2000-04-03,1959.3,1965-10-01,1976-01-16,167.5,1966-10-01,2021-08-10,1.7,2017-10-01
1578,2003-12-10,2072.7,1965-10-01,1980-12-23,167.3,1966-10-01,2022-03-03,1.8,2017-10-01
1579,2009-07-31,2314.3,1965-10-01,1985-12-20,167.1,1966-10-01,2023-11-02,2.3,2017-10-01
1580,2011-07-29,2313.2,1965-10-01,1991-12-04,163.4,1966-10-01,2024-03-07,3.0,2017-10-01
1581,2013-07-31,2453.0,1965-10-01,1996-01-19,181.6,1966-10-01,2018-05-03,0.7,2018-01-01
1582,2014-07-30,2452.9,1965-10-01,1999-10-28,,1966-10-01,2018-06-06,0.4,2018-01-01
1583,2017-10-27,2452.942,1965-10-01,1999-10-29,182.4,1966-10-01,2018-08-15,0.3,2018-01-01
1584,2018-07-27,2607.736,1965-10-01,2003-12-10,179.8,1966-10-01,2019-03-07,0.6,2018-01-01
1585,2021-07-29,2612.826,1965-10-01,2009-07-31,179.6,1966-10-01,2019-05-02,0.7,2018-01-01
1586,2023-09-28,2764.094,1965-10-01,2013-07-31,194.7,1966-10-01,2019-08-15,0.9,2018-01-01
1587,1966-05-20,409.9,1966-01-01,2017-10-27,194.65,1966-10-01,2020-08-14,2.3,2018-01-01
1588,1966-07-15,412.8,1966-01-01,2018-07-27,193.621,1966-10-01,2021-03-04,1.9,2018-01-01
1589,1967-07-17,416.2,1966-01-01,1967-04-12,168.2,1967-01-01,2021-08-10,1.2,2018-01-01
1590,1968-07-18,415.7,1966-01-01,1967-05-17,169.1,1967-01-01,2022-03-03,1.3,2018-01-01
1591,1969-07-17,415.3,1966-01-01,1967-07-17,170.4,1967-01-01,2022-11-03,1.2,2018-01-01
1592,1976-01-16,581.7,1966-01-01,1968-07-18,173.1,1967-01-01,2023-03-02,1.1,2018-01-01
1593,1980-12-23,581.2,1966-01-01,1969-07-17,174.2,1967-01-01,2023-11-02,1.6,2018-01-01
1594,1985-12-20,1287.6,1966-01-01,1976-01-16,175.2,1967-01-01,2024-03-07,1.5,2018-01-01
1595,1991-12-04,1559.6,1966-01-01,1980-12-23,174.9,1967-01-01,2025-03-06,1.3,2018-01-01
1596,1996-01-19,1885.6,1966-01-01,1985-12-20,174.8,1967-01-01,2018-08-15,2.9,2018-04-01
1597,1999-10-28,,1966-01-01,1991-12-04,172.2,1967-01-01,2018-11-01,3.0,2018-04-01
1598,1999-10-30,1966.1,1966-01-01,1996-01-19,190.8,1967-01-01,2019-03-07,2.8,2018-04-01
1599,2000-04-03,1988.6,1966-01-01,1999-10-28,,1967-01-01,2019-05-02,2.9,2018-04-01
1600,2003-12-10,2103.2,1966-01-01,1999-10-29,191.4,1967-01-01,2019-08-15,1.8,2018-04-01
1601,2009-07-31,2348.5,1966-01-01,2003-12-10,188.7,1967-01-01,2020-03-05,2.0,2018-04-01
1602,2011-07-29,2347.4,1966-01-01,2009-07-31,188.5,1967-01-01,2020-05-07,2.1,2018-04-01
1603,2013-07-31,2489.1,1966-01-01,2013-07-31,203.6,1967-01-01,2020-08-14,1.1,2018-04-01
1604,2017-10-27,2489.058,1966-01-01,2017-10-27,203.602,1967-01-01,2021-03-04,0.7,2018-04-01
1605,2018-07-27,2646.233,1966-01-01,2018-07-27,202.588,1967-01-01,2021-08-10,1.6,2018-04-01
1606,2021-07-29,2651.397,1966-01-01,1967-07-17,175.2,1967-04-01,2022-03-03,1.4,2018-04-01
1607,2023-09-28,2804.899,1966-01-01,1967-08-14,175.0,1967-04-01,2022-11-03,1.2,2018-04-01
1608,1966-08-11,412.2,1966-04-01,1968-07-18,177.3,1967-04-01,2023-03-02,1.6,2018-04-01
1609,1967-07-17,415.2,1966-04-01,1969-07-17,178.5,1967-04-01,2023-11-02,0.5,2018-04-01
1610,1968-07-18,414.8,1966-04-01,1970-07-17,178.4,1967-04-01,2024-03-07,0.0,2018-04-01
1611,1969-07-17,415.1,1966-04-01,1976-01-16,177.5,1967-04-01,2025-03-06,0.1,2018-04-01
1612,1976-01-16,582.8,1966-04-01,1980-12-23,177.3,1967-04-01,2026-03-05,0.0,2018-04-01
1613,1980-12-23,582.3,1966-04-01,1985-12-20,177.0,1967-04-01,2018-11-01,2.2,2018-07-01
1614,1985-12-20,1293.1,1966-04-01,1991-12-04,173.1,1967-04-01,2018-12-06,2.3,2018-07-01
1615,1991-12-04,1566.1,1966-04-01,1996-01-19,191.9,1967-04-01,2019-02-06,2.2,2018-07-01
1616,1996-01-19,1890.9,1966-04-01,1999-10-28,,1967-04-01,2019-03-07,1.8,2018-07-01
1617,1999-10-28,,1966-04-01,1999-10-29,192.7,1967-04-01,2019-05-02,1.9,2018-07-01
1618,1999-10-30,1971.3,1966-04-01,2003-12-10,189.7,1967-04-01,2019-08-15,1.2,2018-07-01
1619,2000-04-03,1994.0,1966-04-01,2009-07-31,189.6,1967-04-01,2020-03-05,1.6,2018-07-01
1620,2003-12-10,2109.0,1966-04-01,2013-07-31,204.8,1967-04-01,2020-05-07,1.7,2018-07-01
1621,2009-07-31,2354.5,1966-04-01,2017-10-27,204.848,1967-04-01,2020-08-14,0.5,2018-07-01
1622,2011-07-29,2353.5,1966-04-01,2018-07-27,203.811,1967-04-01,2021-03-04,1.2,2018-07-01
1623,2013-07-31,2495.4,1966-04-01,1967-10-13,178.9,1967-07-01,2021-08-10,1.1,2018-07-01
1624,2017-10-27,2495.352,1966-04-01,1967-11-17,178.2,1967-07-01,2022-03-03,1.3,2018-07-01
1625,2018-07-27,2653.014,1966-04-01,1968-07-18,179.6,1967-07-01,2022-11-03,1.5,2018-07-01
1626,2021-07-29,2658.191,1966-04-01,1969-07-17,181.3,1967-07-01,2023-11-02,0.9,2018-07-01
1627,2023-09-28,2812.086,1966-04-01,1976-01-16,181.9,1967-07-01,2024-03-07,1.2,2018-07-01
1628,1966-11-10,418.3,1966-07-01,1980-12-23,182.0,1967-07-01,2019-03-07,1.9,2018-10-01
1629,1967-07-17,420.4,1966-07-01,1985-12-20,181.4,1967-07-01,2019-05-02,1.3,2018-10-01
1630,1968-07-18,420.0,1966-07-01,1991-12-04,176.3,1967-07-01,2019-08-15,0.1,2018-10-01
1631,1969-07-17,421.3,1966-07-01,1996-01-19,195.6,1967-07-01,2020-03-05,0.5,2018-10-01
1632,1976-01-16,589.0,1966-07-01,1999-10-28,,1967-07-01,2020-05-07,0.6,2018-10-01
1633,1980-12-23,588.6,1966-07-01,1999-10-29,196.3,1967-07-01,2020-08-14,0.8,2018-10-01
1634,1985-12-20,1305.5,1966-07-01,2003-12-10,194.0,1967-07-01,2021-03-04,0.4,2018-10-01
1635,1991-12-04,1582.0,1966-07-01,2009-07-31,193.8,1967-07-01,2021-08-10,0.1,2018-10-01
1636,1996-01-19,1912.4,1966-07-01,2013-07-31,209.4,1967-07-01,2022-11-03,-0.3,2018-10-01
1637,1999-10-28,,1966-07-01,2017-10-27,209.446,1967-07-01,2023-03-02,-0.7,2018-10-01
1638,1999-10-30,1993.8,1966-07-01,2018-07-27,208.379,1967-07-01,2023-11-02,-0.8,2018-10-01
1639,2000-04-03,2016.6,1966-07-01,1968-01-16,181.5,1967-10-01,2024-03-07,-0.6,2018-10-01
1640,2003-12-10,2133.1,1966-07-01,1968-02-15,181.7,1967-10-01,2024-11-07,-0.7,2018-10-01
1641,2009-07-31,2381.5,1966-07-01,1968-07-18,183.5,1967-10-01,2019-05-02,3.6,2019-01-01
1642,2011-07-29,2380.4,1966-07-01,1969-07-17,186.4,1967-10-01,2019-06-06,3.4,2019-01-01
1643,2013-07-31,2523.8,1966-07-01,1970-07-17,186.5,1967-10-01,2019-08-15,3.5,2019-01-01
1644,2017-10-27,2523.762,1966-07-01,1976-01-16,186.2,1967-10-01,2020-03-05,3.8,2019-01-01
1645,2018-07-27,2683.309,1966-07-01,1980-12-23,186.5,1967-10-01,2020-05-07,3.9,2019-01-01
1646,2021-07-29,2688.546,1966-07-01,1985-12-20,185.8,1967-10-01,2020-08-14,3.7,2019-01-01
1647,2023-09-28,2844.198,1966-07-01,1991-12-04,180.6,1967-10-01,2021-03-04,3.9,2019-01-01
1648,1967-01-13,418.5,1966-10-01,1996-01-19,200.3,1967-10-01,2021-08-10,3.4,2019-01-01
1649,1967-07-17,420.4,1966-10-01,1999-10-28,,1967-10-01,2022-03-03,3.5,2019-01-01
1650,1968-07-18,420.6,1966-10-01,1999-10-29,201.0,1967-10-01,2022-05-05,3.4,2019-01-01
1651,1969-07-17,420.7,1966-10-01,2003-12-10,198.4,1967-10-01,2022-11-03,3.2,2019-01-01
1652,1976-01-16,590.8,1966-10-01,2009-07-31,198.2,1967-10-01,2023-03-02,3.4,2019-01-01
1653,1980-12-23,590.5,1966-10-01,2013-07-31,214.4,1967-10-01,2023-11-02,3.5,2019-01-01
1654,1985-12-20,1309.5,1966-10-01,2017-10-27,214.367,1967-10-01,2024-03-07,4.6,2019-01-01
1655,1991-12-04,1587.6,1966-10-01,2018-07-27,213.293,1967-10-01,2024-05-02,3.1,2019-01-01
1656,1996-01-19,1919.1,1966-10-01,1968-04-16,187.5,1968-01-01,2024-11-07,3.4,2019-01-01
1657,1999-10-28,,1966-10-01,1968-05-16,188.3,1968-01-01,2019-08-15,2.3,2019-04-01
1658,1999-10-30,2002.1,1966-10-01,1968-07-18,190.5,1968-01-01,2019-11-06,2.5,2019-04-01
1659,2000-04-03,2025.1,1966-10-01,1969-07-17,193.4,1968-01-01,2020-03-05,2.6,2019-04-01
1660,2003-12-10,2142.0,1966-10-01,1970-07-17,193.6,1968-01-01,2020-05-07,2.7,2019-04-01
1661,2009-07-31,2391.4,1966-10-01,1971-07-16,192.9,1968-01-01,2020-08-14,2.0,2019-04-01
1662,2011-07-29,2390.3,1966-10-01,1980-12-23,192.4,1968-01-01,2021-03-04,1.9,2019-04-01
1663,2013-07-31,2534.2,1966-10-01,1985-12-20,191.4,1968-01-01,2021-08-10,4.3,2019-04-01
1664,2017-10-27,2534.175,1966-10-01,1991-12-04,186.5,1968-01-01,2022-03-03,3.7,2019-04-01
1665,2018-07-27,2694.488,1966-10-01,1996-01-19,206.6,1968-01-01,2022-11-03,2.2,2019-04-01
1666,2021-07-29,2699.747,1966-10-01,1999-10-28,,1968-01-01,2023-03-02,2.5,2019-04-01
1667,2023-09-28,2856.047,1966-10-01,1999-10-29,207.4,1968-01-01,2023-11-02,3.6,2019-04-01
1668,1967-05-17,422.0,1967-01-01,2003-12-10,204.3,1968-01-01,2024-03-07,2.6,2019-04-01
1669,1967-07-17,424.2,1967-01-01,2009-07-31,204.1,1968-01-01,2024-11-07,2.4,2019-04-01
1670,1968-07-18,424.8,1967-01-01,2013-07-31,220.9,1968-01-01,2025-03-06,2.5,2019-04-01
1671,1969-07-17,424.4,1967-01-01,2017-10-27,220.884,1968-01-01,2019-11-06,-0.3,2019-07-01
1672,1970-07-17,424.2,1967-01-01,2018-07-27,219.749,1968-01-01,2020-02-06,-0.2,2019-07-01
1673,1976-01-16,595.1,1967-01-01,1968-07-18,195.6,1968-04-01,2020-03-05,-0.3,2019-07-01
1674,1980-12-23,594.8,1967-01-01,1968-09-18,195.7,1968-04-01,2020-08-14,0.3,2019-07-01
1675,1985-12-20,1319.4,1967-01-01,1969-07-17,198.4,1968-04-01,2021-03-04,0.5,2019-07-01
1676,1991-12-04,1600.2,1967-01-01,1970-07-17,198.3,1968-04-01,2021-08-10,0.8,2019-07-01
1677,1996-01-19,1931.2,1967-01-01,1971-07-16,198.0,1968-04-01,2022-03-03,1.2,2019-07-01
1678,1999-10-28,,1967-01-01,1976-01-16,198.1,1968-04-01,2022-05-05,1.3,2019-07-01
1679,1999-10-30,2014.2,1967-01-01,1980-12-23,198.6,1968-04-01,2022-11-03,2.4,2019-07-01
1680,2000-04-03,2037.3,1967-01-01,1985-12-20,197.4,1968-04-01,2023-03-02,2.3,2019-07-01
1681,2003-12-10,2154.6,1967-01-01,1991-12-04,190.0,1968-04-01,2023-11-02,3.5,2019-07-01
1682,2009-07-31,2405.3,1967-01-01,1996-01-19,210.4,1968-04-01,2024-03-07,4.2,2019-07-01
1683,2011-07-29,2404.2,1967-01-01,1999-10-28,,1968-04-01,2024-05-02,4.4,2019-07-01
1684,2013-07-31,2549.0,1967-01-01,1999-10-29,211.0,1968-04-01,2024-11-07,4.6,2019-07-01
1685,2014-07-30,2548.9,1967-01-01,2003-12-10,207.7,1968-04-01,2020-02-06,1.4,2019-10-01
1686,2017-10-27,2548.938,1967-01-01,2009-07-31,207.6,1968-04-01,2020-03-05,1.2,2019-10-01
1687,2018-07-27,2710.014,1967-01-01,2013-07-31,224.8,1968-04-01,2020-08-14,1.6,2019-10-01
1688,2021-07-29,2715.303,1967-01-01,2017-10-27,224.821,1968-04-01,2021-03-04,1.5,2019-10-01
1689,2023-09-28,2872.504,1967-01-01,2018-07-27,223.637,1968-04-01,2021-05-06,1.6,2019-10-01
1690,1967-08-14,430.6,1967-04-01,1968-10-15,199.5,1968-07-01,2021-08-10,0.6,2019-10-01
1691,1968-07-18,431.2,1967-04-01,1968-11-18,199.6,1968-07-01,2022-03-03,1.3,2019-10-01
1692,1969-07-17,430.5,1967-04-01,1969-07-17,202.5,1968-07-01,2022-05-05,1.4,2019-10-01
1693,1970-07-17,430.3,1967-04-01,1970-07-17,202.1,1968-07-01,2022-11-03,2.6,2019-10-01
1694,1976-01-16,602.9,1967-04-01,1971-07-16,201.6,1968-07-01,2023-03-02,2.3,2019-10-01
1695,1980-12-23,602.4,1967-04-01,1976-01-16,200.2,1968-07-01,2023-11-02,3.2,2019-10-01
1696,1985-12-20,1336.5,1967-04-01,1980-12-23,201.0,1968-07-01,2024-03-07,3.6,2019-10-01
1697,1991-12-04,1620.8,1967-04-01,1985-12-20,199.6,1968-07-01,2024-11-07,3.8,2019-10-01
1698,1996-01-19,1957.5,1967-04-01,1991-12-04,192.9,1968-07-01,2020-05-07,-2.5,2020-01-01
1699,1999-10-28,,1967-04-01,1996-01-19,213.6,1968-07-01,2020-06-04,-0.9,2020-01-01
1700,1999-10-30,2041.1,1967-04-01,1999-10-28,,1968-07-01,2020-08-14,-0.3,2020-01-01
1701,2000-04-03,2064.6,1967-04-01,1999-10-29,214.4,1968-07-01,2021-03-04,-0.8,2020-01-01
1702,2003-12-10,2183.4,1967-04-01,2003-12-10,211.1,1968-07-01,2021-08-10,-1.8,2020-01-01
1703,2009-07-31,2438.1,1967-04-01,2009-07-31,210.9,1968-07-01,2022-03-03,-2.5,2020-01-01
1704,2011-07-29,2437.0,1967-04-01,2013-07-31,228.6,1968-07-01,2022-11-03,-1.4,2020-01-01
1705,2013-07-31,2583.8,1967-04-01,2017-10-27,228.649,1968-07-01,2023-03-02,-0.5,2020-01-01
1706,2014-07-30,2583.7,1967-04-01,2018-07-27,227.37,1968-07-01,2023-11-02,-1.2,2020-01-01
1707,2017-10-27,2583.711,1967-04-01,1969-01-14,202.5,1968-10-01,2024-03-07,-0.3,2020-01-01
1708,2018-07-27,2747.064,1967-04-01,1969-02-14,203.0,1968-10-01,2024-05-02,-0.9,2020-01-01
1709,2021-07-29,2752.426,1967-04-01,1969-07-17,206.7,1968-10-01,2024-11-07,-1.1,2020-01-01
1710,2023-09-28,2911.776,1967-04-01,1971-07-16,205.7,1968-10-01,2025-03-06,-1.8,2020-01-01
1711,1967-11-17,431.5,1967-07-01,1976-01-16,203.7,1968-10-01,2026-01-08,-1.6,2020-01-01
1712,1968-07-18,431.8,1967-07-01,1980-12-23,204.0,1968-10-01,2020-08-14,7.3,2020-04-01
1713,1969-07-17,431.9,1967-07-01,1985-12-20,202.4,1968-10-01,2020-09-03,10.1,2020-04-01
1714,1970-07-17,431.6,1967-07-01,1991-12-04,196.7,1968-10-01,2020-11-05,10.6,2020-04-01
1715,1976-01-16,605.8,1967-07-01,1996-01-19,217.7,1968-10-01,2021-03-04,11.1,2020-04-01
1716,1980-12-23,605.2,1967-07-01,1999-10-28,,1968-10-01,2021-05-06,11.2,2020-04-01
1717,1985-12-20,1343.3,1967-07-01,1999-10-29,218.5,1968-10-01,2022-03-03,10.2,2020-04-01
1718,1991-12-04,1629.4,1967-07-01,2003-12-10,214.6,1968-10-01,2022-05-05,10.3,2020-04-01
1719,1996-01-19,1967.1,1967-07-01,2013-07-31,232.7,1968-10-01,2022-11-03,17.9,2020-04-01
1720,1999-10-28,,1967-07-01,2017-10-27,232.677,1968-10-01,2023-03-02,17.3,2020-04-01
1721,1999-10-30,2051.5,1967-07-01,2018-07-27,231.347,1968-10-01,2023-11-02,20.7,2020-04-01
1722,2000-04-03,2075.2,1967-07-01,1969-04-17,206.2,1969-01-01,2024-03-07,24.2,2020-04-01
1723,2003-12-10,2194.5,1967-07-01,1969-05-16,206.9,1969-01-01,2024-05-02,19.9,2020-04-01
1724,2009-07-31,2450.6,1967-07-01,1969-07-17,210.0,1969-01-01,2024-11-07,20.2,2020-04-01
1725,2011-07-29,2449.5,1967-07-01,1970-07-17,208.5,1969-01-01,2025-03-06,20.9,2020-04-01
1726,2013-07-31,2596.9,1967-07-01,1971-07-16,206.5,1969-01-01,2020-11-05,4.9,2020-07-01
1727,2017-10-27,2596.869,1967-07-01,1972-07-21,206.2,1969-01-01,2020-12-08,4.6,2020-07-01
1728,2018-07-27,2761.129,1967-07-01,1976-01-16,204.1,1969-01-01,2021-02-04,5.1,2020-07-01
1729,2021-07-29,2766.518,1967-07-01,1980-12-23,204.5,1969-01-01,2021-03-04,4.2,2020-07-01
1730,2023-09-28,2926.685,1967-07-01,1985-12-20,203.0,1969-01-01,2021-08-10,4.6,2020-07-01
1731,1968-01-16,433.2,1967-10-01,1991-12-04,196.9,1969-01-01,2022-03-03,6.1,2020-07-01
1732,1968-02-15,434.0,1967-10-01,1996-01-19,218.4,1969-01-01,2022-05-05,6.2,2020-07-01
1733,1968-07-18,434.1,1967-10-01,1999-10-28,,1969-01-01,2022-11-03,7.2,2020-07-01
1734,1969-07-17,434.3,1967-10-01,1999-10-29,219.1,1969-01-01,2023-03-02,6.5,2020-07-01
1735,1976-01-16,608.8,1967-10-01,2003-12-10,216.6,1969-01-01,2023-11-02,5.7,2020-07-01
1736,1980-12-23,608.2,1967-10-01,2009-07-31,216.5,1969-01-01,2024-03-07,3.0,2020-07-01
1737,1985-12-20,1351.5,1967-10-01,2013-07-31,235.0,1969-01-01,2024-05-02,5.8,2020-07-01
1738,1991-12-04,1639.0,1967-10-01,2017-10-27,235.048,1969-01-01,2024-11-07,6.2,2020-07-01
1739,1996-01-19,1978.5,1967-10-01,2018-07-27,233.705,1969-01-01,2025-03-06,6.6,2020-07-01
1740,1999-10-28,,1967-10-01,1969-07-17,212.5,1969-04-01,2026-01-08,6.4,2020-07-01
1741,1999-10-30,2063.9,1967-10-01,1969-08-14,212.9,1969-04-01,2021-02-04,-4.8,2020-10-01
1742,2000-04-03,2087.9,1967-10-01,1970-07-17,209.9,1969-04-01,2021-03-04,-4.2,2020-10-01
1743,2003-12-10,2207.8,1967-10-01,1971-07-16,207.8,1969-04-01,2021-05-06,-3.8,2020-10-01
1744,2009-07-31,2465.7,1967-10-01,1972-07-21,208.1,1969-04-01,2021-08-10,-3.4,2020-10-01
1745,2011-07-29,2464.6,1967-10-01,1976-01-16,206.7,1969-04-01,2022-03-03,-2.8,2020-10-01
1746,2013-07-31,2612.7,1967-10-01,1980-12-23,207.4,1969-04-01,2022-11-03,-3.9,2020-10-01
1747,2017-10-27,2612.707,1967-10-01,1985-12-20,206.0,1969-04-01,2023-03-02,-3.5,2020-10-01
1748,2018-07-27,2778.026,1967-10-01,1991-12-04,200.2,1969-04-01,2023-11-02,-3.4,2020-10-01
1749,2021-07-29,2783.447,1967-10-01,1996-01-19,222.0,1969-04-01,2024-03-07,-3.9,2020-10-01
1750,2023-09-28,2944.594,1967-10-01,1999-10-28,,1969-04-01,2024-05-02,-3.3,2020-10-01
1751,1968-05-16,444.7,1968-01-01,1999-10-29,222.9,1969-04-01,2024-11-07,-3.1,2020-10-01
1752,1968-07-18,444.9,1968-01-01,2003-12-10,219.5,1969-04-01,2025-03-06,-3.0,2020-10-01
1753,1969-07-17,445.6,1968-01-01,2009-07-31,219.4,1969-04-01,2026-01-08,-3.2,2020-10-01
1754,1970-07-17,445.0,1968-01-01,2013-07-31,238.2,1969-04-01,2021-05-06,5.4,2021-01-01
1755,1971-07-16,444.6,1968-01-01,2017-10-27,238.227,1969-04-01,2021-08-10,4.3,2021-01-01
1756,1976-01-16,620.8,1968-01-01,2018-07-27,236.859,1969-04-01,2022-03-03,2.1,2021-01-01
1757,1980-12-23,620.7,1968-01-01,1969-10-16,217.8,1969-07-01,2022-05-05,2.2,2021-01-01
1758,1985-12-20,1378.1,1968-01-01,1969-11-14,217.0,1969-07-01,2022-11-03,3.0,2021-01-01
1759,1991-12-04,1672.9,1968-01-01,1970-07-17,214.1,1969-07-01,2023-03-02,3.4,2021-01-01
1760,1996-01-19,2025.1,1968-01-01,1971-07-16,211.5,1969-07-01,2023-11-02,1.6,2021-01-01
1761,1999-10-28,,1968-01-01,1972-07-21,211.6,1969-07-01,2024-03-07,2.3,2021-01-01
1762,1999-10-30,2111.3,1968-01-01,1976-01-16,209.2,1969-07-01,2024-05-02,2.5,2021-01-01
1763,2000-04-03,2136.2,1968-01-01,1980-12-23,210.7,1969-07-01,2024-11-07,3.2,2021-01-01
1764,2003-12-10,2260.3,1968-01-01,1985-12-20,209.2,1969-07-01,2025-03-06,3.0,2021-01-01
1765,2009-07-31,2524.6,1968-01-01,1991-12-04,204.6,1969-07-01,2026-03-05,2.9,2021-01-01
1766,2011-07-29,2523.4,1968-01-01,1996-01-19,226.7,1969-07-01,2021-08-10,2.3,2021-04-01
1767,2013-07-31,2674.8,1968-01-01,1999-10-28,,1969-07-01,2021-09-02,2.1,2021-04-01
1768,2017-10-27,2674.805,1968-01-01,1999-10-29,227.6,1969-07-01,2021-11-04,2.4,2021-04-01
1769,2018-07-27,2844.601,1968-01-01,2003-12-10,224.9,1969-07-01,2022-03-03,3.2,2021-04-01
1770,2021-07-29,2850.153,1968-01-01,2013-07-31,244.0,1969-07-01,2022-11-03,2.7,2021-04-01
1771,2023-09-28,3015.162,1968-01-01,2017-10-27,243.987,1969-07-01,2023-03-02,2.4,2021-04-01
1772,1968-08-15,447.5,1968-04-01,2018-07-27,242.535,1969-07-01,2023-05-04,2.3,2021-04-01
1773,1969-07-17,449.0,1968-04-01,1970-01-16,218.9,1969-10-01,2023-11-02,0.8,2021-04-01
1774,1970-07-17,448.4,1968-04-01,1970-02-13,218.3,1969-10-01,2024-03-07,-0.3,2021-04-01
1775,1976-01-16,628.0,1968-04-01,1970-07-17,216.3,1969-10-01,2024-05-02,-0.1,2021-04-01
1776,1980-12-23,629.9,1968-04-01,1971-07-16,213.0,1969-10-01,2024-11-07,0.2,2021-04-01
1777,1985-12-20,1396.7,1968-04-01,1972-07-21,214.0,1969-10-01,2025-03-06,0.1,2021-04-01
1778,1991-12-04,1696.8,1968-04-01,1976-01-16,211.4,1969-10-01,2026-01-08,0.6,2021-04-01
1779,1996-01-19,2056.4,1968-04-01,1980-12-23,212.4,1969-10-01,2026-03-05,0.8,2021-04-01
1780,1999-10-28,,1968-04-01,1985-12-20,210.8,1969-10-01,2021-11-04,-5.0,2021-07-01
1781,1999-10-30,2144.4,1968-04-01,1991-12-04,205.4,1969-10-01,2021-12-07,-5.2,2021-07-01
1782,2000-04-03,2169.6,1968-04-01,1996-01-19,227.8,1969-10-01,2022-02-03,-5.0,2021-07-01
1783,2003-12-10,2295.1,1968-04-01,1999-10-28,,1969-10-01,2022-03-03,-3.9,2021-07-01
1784,2009-07-31,2563.3,1968-04-01,1999-10-29,228.7,1969-10-01,2022-11-03,-2.4,2021-07-01
1785,2011-07-29,2562.1,1968-04-01,2003-12-10,225.0,1969-10-01,2023-03-02,-3.0,2021-07-01
1786,2013-07-31,2715.7,1968-04-01,2009-07-31,224.9,1969-10-01,2023-11-02,-2.4,2021-07-01
1787,2014-07-30,2715.6,1968-04-01,2013-07-31,244.3,1969-10-01,2024-05-02,-2.5,2021-07-01
1788,2017-10-27,2715.617,1968-04-01,2017-10-27,244.343,1969-10-01,2025-03-06,-2.3,2021-07-01
1789,2018-07-27,2887.917,1968-04-01,2018-07-27,242.838,1969-10-01,2026-01-08,-2.1,2021-07-01
1790,2021-07-29,2893.553,1968-04-01,1970-04-17,218.8,1970-01-01,2026-03-05,-2.4,2021-07-01
1791,2023-09-28,3061.075,1968-04-01,1970-05-15,221.2,1970-01-01,2022-02-03,6.6,2021-10-01
1792,1968-11-18,455.7,1968-07-01,1970-07-17,219.6,1970-01-01,2022-05-05,6.3,2021-10-01
1793,1969-07-17,458.2,1968-07-01,1971-07-16,217.3,1970-01-01,2022-11-03,4.4,2021-10-01
1794,1970-07-17,457.7,1968-07-01,1973-07-19,217.2,1970-01-01,2023-03-02,3.0,2021-10-01
1795,1976-01-16,640.8,1968-07-01,1976-01-16,215.3,1970-01-01,2023-11-02,2.8,2021-10-01
1796,1980-12-23,642.3,1968-07-01,1980-12-23,216.4,1970-01-01,2024-03-07,2.5,2021-10-01
1797,1985-12-20,1421.5,1968-07-01,1985-12-20,214.7,1970-01-01,2024-05-02,2.6,2021-10-01
1798,1991-12-04,1725.2,1968-07-01,1991-12-04,208.9,1970-01-01,2024-11-07,2.8,2021-10-01
1799,1996-01-19,2095.1,1968-07-01,1996-01-19,231.8,1970-01-01,2025-03-06,2.9,2021-10-01
1800,1999-10-28,,1968-07-01,1999-10-28,,1970-01-01,2026-01-08,2.4,2021-10-01
1801,1999-10-30,2185.3,1968-07-01,1999-10-29,232.7,1970-01-01,2026-03-05,2.3,2021-10-01
1802,2000-04-03,2210.7,1968-07-01,2003-12-10,229.9,1970-01-01,2022-05-05,-7.5,2022-01-01
1803,2003-12-10,2338.2,1968-07-01,2009-07-31,229.8,1970-01-01,2022-06-02,-7.3,2022-01-01
1804,2009-07-31,2611.5,1968-07-01,2013-07-31,249.4,1970-01-01,2022-08-09,-7.4,2022-01-01
1805,2011-07-29,2610.3,1968-07-01,2017-10-27,249.443,1970-01-01,2022-11-03,-5.9,2022-01-01
1806,2013-07-31,2766.6,1968-07-01,2018-07-27,247.889,1970-01-01,2023-03-02,-6.1,2022-01-01
1807,2017-10-27,2766.569,1968-07-01,1970-07-17,218.3,1970-04-01,2023-05-04,-6.0,2022-01-01
1808,2018-07-27,2942.042,1968-07-01,1970-08-14,218.4,1970-04-01,2023-11-02,-6.3,2022-01-01
1809,2021-07-29,2947.784,1968-07-01,1971-07-16,216.5,1970-04-01,2024-03-07,-5.5,2022-01-01
1810,2023-09-28,3118.445,1968-07-01,1972-07-21,216.7,1970-04-01,2024-05-02,-5.7,2022-01-01
1811,1969-01-14,454.8,1968-10-01,1973-07-19,217.3,1970-04-01,2024-11-07,-5.0,2022-01-01
1812,1969-02-14,455.4,1968-10-01,1976-01-16,216.5,1970-04-01,2025-03-06,-4.9,2022-01-01
1813,1969-07-17,457.6,1968-10-01,1980-12-23,217.7,1970-04-01,2026-01-08,-5.1,2022-01-01
1814,1970-07-17,458.1,1968-10-01,1985-12-20,215.7,1970-04-01,2026-03-05,-4.9,2022-01-01
1815,1971-07-16,460.2,1968-10-01,1991-12-04,210.0,1970-04-01,2022-08-09,-4.6,2022-04-01
1816,1976-01-16,644.0,1968-10-01,1996-01-19,233.4,1970-04-01,2022-09-01,-4.1,2022-04-01
1817,1980-12-23,644.7,1968-10-01,1999-10-28,,1970-04-01,2023-03-02,-3.8,2022-04-01
1818,1985-12-20,1427.1,1968-10-01,1999-10-29,234.2,1970-04-01,2023-05-04,-3.7,2022-04-01
1819,1991-12-04,1735.0,1968-10-01,2003-12-10,230.7,1970-04-01,2023-11-02,-3.6,2022-04-01
1820,1996-01-19,2104.4,1968-10-01,2009-07-31,230.6,1970-04-01,2024-03-07,-4.0,2022-04-01
1821,1999-10-28,,1968-10-01,2013-07-31,250.7,1970-04-01,2024-05-02,-3.7,2022-04-01
1822,1999-10-30,2195.3,1968-10-01,2017-10-27,250.739,1970-04-01,2024-11-07,-3.0,2022-04-01
1823,2000-04-03,2220.4,1968-10-01,2018-07-27,249.143,1970-04-01,2025-03-06,-3.3,2022-04-01
1824,2003-12-10,2348.6,1968-10-01,1970-10-15,221.3,1970-07-01,2026-01-08,-3.0,2022-04-01
1825,2009-07-31,2623.5,1968-10-01,1970-11-13,221.0,1970-07-01,2026-03-05,-2.9,2022-04-01
1826,2011-07-29,2622.3,1968-10-01,1971-07-16,220.1,1970-07-01,2022-11-03,0.3,2022-07-01
1827,2013-07-31,2779.2,1968-10-01,1972-07-21,219.5,1970-07-01,2022-12-07,0.8,2022-07-01
1828,2014-07-30,2779.1,1968-10-01,1973-07-19,220.3,1970-07-01,2023-02-02,1.4,2022-07-01
1829,2017-10-27,2779.118,1968-10-01,1976-01-16,219.4,1970-07-01,2023-03-02,1.2,2022-07-01
1830,2018-07-27,2955.313,1968-10-01,1980-12-23,221.1,1970-07-01,2023-11-02,0.4,2022-07-01
1831,2021-07-29,2961.081,1968-10-01,1985-12-20,219.1,1970-07-01,2024-03-07,0.0,2022-07-01
1832,2023-09-28,3132.511,1968-10-01,1991-12-04,214.5,1970-07-01,2024-11-07,-0.2,2022-07-01
1833,1969-05-16,460.1,1969-01-01,1996-01-19,237.9,1970-07-01,2025-03-06,0.0,2022-07-01
1834,1969-07-17,462.9,1969-01-01,1999-10-28,,1970-07-01,2026-01-08,0.3,2022-07-01
1835,1970-07-17,463.3,1969-01-01,1999-10-29,239.2,1970-07-01,2026-03-05,0.2,2022-07-01
1836,1971-07-16,465.7,1969-01-01,2003-12-10,235.6,1970-07-01,2023-02-02,3.0,2022-10-01
1837,1972-07-21,465.5,1969-01-01,2009-07-31,235.5,1970-07-01,2023-03-02,1.7,2022-10-01
1838,1976-01-16,649.9,1969-01-01,2013-07-31,256.2,1970-07-01,2023-05-04,1.6,2022-10-01
1839,1980-12-23,651.9,1969-01-01,2017-10-27,256.237,1970-07-01,2024-03-07,2.1,2022-10-01
1840,1985-12-20,1442.9,1969-01-01,2018-07-27,254.584,1970-07-01,2024-11-07,2.9,2022-10-01
1841,1991-12-04,1754.7,1969-01-01,1971-01-18,223.2,1970-10-01,2025-03-06,2.7,2022-10-01
1842,1996-01-19,2128.0,1969-01-01,1971-07-16,223.7,1970-10-01,2026-01-08,2.1,2022-10-01
1843,1999-10-28,,1969-01-01,1972-07-21,222.6,1970-10-01,2026-03-05,2.3,2022-10-01
1844,1999-10-30,2220.6,1969-01-01,1973-07-19,223.3,1970-10-01,2023-05-04,-2.7,2023-01-01
1845,2000-04-03,2244.8,1969-01-01,1976-01-16,224.2,1970-10-01,2023-06-01,-2.1,2023-01-01
1846,2003-12-10,2375.0,1969-01-01,1980-12-23,225.3,1970-10-01,2023-08-03,-1.2,2023-01-01
1847,2009-07-31,2652.9,1969-01-01,1985-12-20,223.1,1970-10-01,2023-11-02,-0.8,2023-01-01
1848,2011-07-29,2651.7,1969-01-01,1991-12-04,217.3,1970-10-01,2024-03-07,-0.6,2023-01-01
1849,2013-07-31,2810.3,1969-01-01,1996-01-19,241.2,1970-10-01,2024-05-02,-0.3,2023-01-01
1850,2014-07-30,2810.2,1969-01-01,1999-10-28,,1970-10-01,2024-11-07,0.3,2023-01-01
1851,2017-10-27,2810.218,1969-01-01,1999-10-29,242.4,1970-10-01,2025-03-06,0.7,2023-01-01
1852,2018-07-27,2988.082,1969-01-01,2003-12-10,238.9,1970-10-01,2026-01-08,1.1,2023-01-01
1853,2021-07-29,2993.913,1969-01-01,2009-07-31,238.8,1970-10-01,2026-03-05,0.9,2023-01-01
1854,2023-09-28,3167.245,1969-01-01,2013-07-31,260.4,1970-10-01,2023-08-03,3.7,2023-04-01
1855,1969-08-14,466.2,1969-04-01,2017-10-27,260.363,1970-10-01,2023-09-07,3.5,2023-04-01
1856,1970-07-17,467.1,1969-04-01,2018-07-27,258.708,1970-10-01,2023-11-02,3.6,2023-04-01
1857,1971-07-16,469.0,1969-04-01,1971-04-15,228.0,1971-01-01,2024-03-07,3.1,2023-04-01
1858,1972-07-21,469.3,1969-04-01,1971-05-13,228.7,1971-01-01,2024-05-02,3.3,2023-04-01
1859,1976-01-16,653.0,1969-04-01,1971-07-16,228.2,1971-01-01,2024-11-07,3.7,2023-04-01
1860,1980-12-23,656.2,1969-04-01,1972-01-14,227.9,1971-01-01,2025-03-06,3.4,2023-04-01
1861,1985-12-20,1451.7,1969-04-01,1972-07-21,227.0,1971-01-01,2026-01-08,3.9,2023-04-01
1862,1991-12-04,1765.1,1969-04-01,1973-07-19,227.9,1971-01-01,2026-03-05,4.0,2023-04-01
1863,1996-01-19,2141.4,1969-04-01,1976-01-16,228.8,1971-01-01,2023-11-02,4.7,2023-07-01
1864,1999-10-28,,1969-04-01,1980-12-23,229.7,1971-01-01,2023-12-06,5.2,2023-07-01
1865,1999-10-30,2235.2,1969-04-01,1985-12-20,227.5,1971-01-01,2024-02-01,4.9,2023-07-01
1866,2000-04-03,2258.8,1969-04-01,1991-12-04,220.2,1971-01-01,2024-03-07,4.7,2023-07-01
1867,2003-12-10,2390.0,1969-04-01,1996-01-19,245.1,1971-01-01,2024-05-02,4.6,2023-07-01
1868,2009-07-31,2669.8,1969-04-01,1999-10-28,,1971-01-01,2024-11-07,3.8,2023-07-01
1869,2011-07-29,2668.6,1969-04-01,1999-10-29,246.1,1971-01-01,2025-03-06,4.7,2023-07-01
1870,2013-07-31,2828.2,1969-04-01,2003-12-10,241.6,1971-01-01,2026-01-08,5.2,2023-07-01
1871,2017-10-27,2828.202,1969-04-01,2013-07-31,263.7,1971-01-01,2026-03-05,5.0,2023-07-01
1872,2018-07-27,3007.358,1969-04-01,2017-10-27,263.691,1971-01-01,2024-02-01,3.2,2023-10-01
1873,2021-07-29,3013.227,1969-04-01,2018-07-27,261.905,1971-01-01,2024-05-02,3.5,2023-10-01
1874,2023-09-28,3187.677,1969-04-01,1971-07-16,230.2,1971-04-01,2024-11-07,3.1,2023-10-01
1875,1969-11-14,466.5,1969-07-01,1972-01-14,229.6,1971-04-01,2025-03-06,3.5,2023-10-01
1876,1970-07-17,468.7,1969-07-01,1972-07-21,229.5,1971-04-01,2026-01-08,3.8,2023-10-01
1877,1971-07-16,469.9,1969-07-01,1973-07-19,231.5,1971-04-01,2026-03-05,3.9,2023-10-01
1878,1972-07-21,469.5,1969-07-01,1974-07-18,231.3,1971-04-01,2024-05-02,0.3,2024-01-01
1879,1976-01-16,656.8,1969-07-01,1976-01-16,231.1,1971-04-01,2024-06-06,0.2,2024-01-01
1880,1980-12-23,659.6,1969-07-01,1980-12-23,232.4,1971-04-01,2024-08-01,0.4,2024-01-01
1881,1985-12-20,1459.9,1969-07-01,1985-12-20,230.0,1971-04-01,2024-11-07,0.7,2024-01-01
1882,1991-12-04,1775.0,1969-07-01,1991-12-04,223.2,1971-04-01,2025-03-06,1.6,2024-01-01
1883,1996-01-19,2152.0,1969-07-01,1996-01-19,248.7,1971-04-01,2026-01-08,0.5,2024-01-01
1884,1999-10-28,,1969-07-01,1999-10-28,,1971-04-01,2026-03-05,0.2,2024-01-01
1885,1999-10-30,2245.8,1969-07-01,1999-10-29,249.8,1971-04-01,2024-08-01,2.3,2024-04-01
1886,2000-04-03,2269.0,1969-07-01,2003-12-10,245.3,1971-04-01,2024-09-05,2.5,2024-04-01
1887,2003-12-10,2401.0,1969-07-01,2013-07-31,268.0,1971-04-01,2024-11-07,2.1,2024-04-01
1888,2009-07-31,2682.7,1969-07-01,2017-10-27,267.966,1971-04-01,2026-01-08,3.0,2024-04-01
1889,2011-07-29,2681.5,1969-07-01,2018-07-27,266.118,1971-04-01,2026-03-05,3.7,2024-04-01
1890,2013-07-31,2842.0,1969-07-01,1971-10-22,234.4,1971-07-01,2024-11-07,2.2,2024-07-01
1891,2014-07-30,2841.9,1969-07-01,1971-11-18,234.2,1971-07-01,2025-02-06,2.3,2024-07-01
1892,2017-10-27,2841.911,1969-07-01,1972-01-14,233.8,1971-07-01,2025-03-06,2.9,2024-07-01
1893,2018-07-27,3022.02,1969-07-01,1972-07-21,233.6,1971-07-01,2026-01-08,3.1,2024-07-01
1894,2021-07-29,3027.918,1969-07-01,1973-07-19,235.5,1971-07-01,2026-03-05,3.7,2024-07-01
1895,2023-09-28,3203.218,1969-07-01,1974-07-18,235.7,1971-07-01,2025-02-06,1.2,2024-10-01
1896,1970-01-16,468.5,1969-10-01,1976-01-16,235.5,1971-07-01,2025-03-06,1.5,2024-10-01
1897,1970-02-13,468.6,1969-10-01,1980-12-23,236.4,1971-07-01,2025-05-08,1.7,2024-10-01
1898,1970-07-17,471.7,1969-10-01,1985-12-20,234.0,1971-07-01,2026-01-08,0.9,2024-10-01
1899,1971-07-16,472.6,1969-10-01,1991-12-04,225.5,1971-07-01,2026-03-05,1.4,2024-10-01
1900,1972-07-21,472.2,1969-10-01,1996-01-19,251.1,1971-07-01,2025-05-08,-0.8,2025-01-01
1901,1976-01-16,661.9,1969-10-01,1999-10-28,,1971-07-01,2025-06-05,-1.5,2025-01-01
1902,1980-12-23,663.9,1969-10-01,1999-10-29,252.5,1971-07-01,2025-08-07,-1.8,2025-01-01
1903,1985-12-20,1472.0,1969-10-01,2003-12-10,248.5,1971-07-01,2026-01-08,-2.1,2025-01-01
1904,1991-12-04,1790.1,1969-10-01,2013-07-31,271.7,1971-07-01,2026-03-05,-0.9,2025-01-01
1905,1996-01-19,2168.8,1969-10-01,2017-10-27,271.693,1971-07-01,2025-08-07,2.4,2025-04-01
1906,1999-10-28,,1969-10-01,2018-07-27,269.783,1971-07-01,2025-09-04,3.3,2025-04-01
1907,1999-10-30,2263.4,1969-10-01,1972-01-21,240.9,1971-10-01,2026-01-08,4.1,2025-04-01
1908,2000-04-03,2286.5,1969-10-01,1972-02-18,240.8,1971-10-01,2026-03-05,4.2,2025-04-01
1909,2003-12-10,2419.8,1969-10-01,1972-07-21,240.9,1971-10-01,2026-01-08,4.9,2025-07-01
1910,2009-07-31,2704.1,1969-10-01,1973-07-19,242.2,1971-10-01,2026-03-05,5.2,2025-07-01
1911,2011-07-29,2702.9,1969-10-01,1974-07-18,242.1,1971-10-01,2026-03-05,2.8,2025-10-01
1912,2013-07-31,2864.7,1969-10-01,1976-01-16,239.6,1971-10-01,2026-03-24,1.8,2025-10-01
1913,2014-07-30,2864.6,1969-10-01,1980-12-23,240.9,1971-10-01,,,
1914,2017-10-27,2864.641,1969-10-01,1985-12-20,238.0,1971-10-01,,,
1915,2018-07-27,3046.173,1969-10-01,1991-12-04,228.5,1971-10-01,,,
1916,2021-07-29,3052.118,1969-10-01,1996-01-19,254.6,1971-10-01,,,
1917,2023-09-28,3228.82,1969-10-01,1999-10-28,,1971-10-01,,,
1918,1970-04-17,471.9,1970-01-01,1999-10-29,255.7,1971-10-01,,,
1919,1970-05-15,471.7,1970-01-01,2003-12-10,250.3,1971-10-01,,,
1920,1970-07-17,474.0,1970-01-01,2013-07-31,274.0,1971-10-01,,,
1921,1971-07-16,474.4,1970-01-01,2017-10-27,273.974,1971-10-01,,,
1922,1972-07-21,474.1,1970-01-01,2018-07-27,272.067,1971-10-01,,,
1923,1973-07-19,474.3,1970-01-01,1972-04-19,250.4,1972-01-01,,,
1924,1976-01-16,665.4,1970-01-01,1972-05-18,249.6,1972-01-01,,,
1925,1980-12-23,667.4,1970-01-01,1972-07-21,249.4,1972-01-01,,,
1926,1985-12-20,1481.5,1970-01-01,1973-07-19,250.3,1972-01-01,,,
1927,1991-12-04,1800.5,1970-01-01,1974-07-18,251.1,1972-01-01,,,
1928,1996-01-19,2182.3,1970-01-01,1976-01-16,249.0,1972-01-01,,,
1929,1999-10-28,,1970-01-01,1980-12-23,249.7,1972-01-01,,,
1930,1999-10-30,2277.6,1970-01-01,1985-12-20,246.8,1972-01-01,,,
1931,2000-04-03,2300.8,1970-01-01,1991-12-04,238.1,1972-01-01,,,
1932,2003-12-10,2434.4,1970-01-01,1996-01-19,265.2,1972-01-01,,,
1933,2009-07-31,2720.7,1970-01-01,1999-10-28,,1972-01-01,,,
1934,2011-07-29,2719.5,1970-01-01,1999-10-29,266.3,1972-01-01,,,
1935,2013-07-31,2882.4,1970-01-01,2003-12-10,259.7,1972-01-01,,,
1936,2014-07-30,2882.3,1970-01-01,2009-07-31,259.6,1972-01-01,,,
1937,2017-10-27,2882.328,1970-01-01,2013-07-31,284.3,1972-01-01,,,
1938,2018-07-27,3065.074,1970-01-01,2017-10-27,284.256,1972-01-01,,,
1939,2021-07-29,3071.056,1970-01-01,2018-07-27,282.228,1972-01-01,,,
1940,2023-09-28,3248.853,1970-01-01,1972-07-21,254.6,1972-04-01,,,
1941,1970-07-17,477.5,1970-04-01,1972-08-18,254.1,1972-04-01,,,
1942,1970-08-14,478.1,1970-04-01,1973-07-19,254.2,1972-04-01,,,
1943,1971-07-16,477.1,1970-04-01,1974-07-18,253.8,1972-04-01,,,
1944,1972-07-21,476.9,1970-04-01,1976-01-16,251.1,1972-04-01,,,
1945,1973-07-19,477.5,1970-04-01,1980-12-23,251.5,1972-04-01,,,
1946,1976-01-16,668.7,1970-04-01,1985-12-20,248.9,1972-04-01,,,
1947,1980-12-23,670.5,1970-04-01,1991-12-04,240.4,1972-04-01,,,
1948,1985-12-20,1488.1,1970-04-01,1996-01-19,268.6,1972-04-01,,,
1949,1991-12-04,1807.5,1970-04-01,1999-10-28,,1972-04-01,,,
1950,1996-01-19,2192.9,1970-04-01,1999-10-29,269.5,1972-04-01,,,
1951,1999-10-28,,1970-04-01,2003-12-10,263.9,1972-04-01,,,
1952,1999-10-30,2288.2,1970-04-01,2013-07-31,289.0,1972-04-01,,,
1953,2000-04-03,2312.0,1970-04-01,2017-10-27,288.965,1972-04-01,,,
1954,2003-12-10,2445.7,1970-04-01,2018-07-27,286.464,1972-04-01,,,
1955,2009-07-31,2733.2,1970-04-01,1972-10-19,256.6,1972-07-01,,,
1956,2011-07-29,2731.9,1970-04-01,1972-11-17,255.6,1972-07-01,,,
1957,2013-07-31,2895.7,1970-04-01,1973-07-19,254.7,1972-07-01,,,
1958,2014-07-30,2895.6,1970-04-01,1974-07-18,255.1,1972-07-01,,,
1959,2017-10-27,2895.61,1970-04-01,1976-01-16,253.0,1972-07-01,,,
1960,2018-07-27,3078.959,1970-04-01,1980-12-23,252.9,1972-07-01,,,
1961,2021-07-29,3084.968,1970-04-01,1985-12-20,249.6,1972-07-01,,,
1962,2023-09-28,3263.571,1970-04-01,1991-12-04,241.1,1972-07-01,,,
1963,1970-10-15,480.2,1970-07-01,1996-01-19,267.9,1972-07-01,,,
1964,1970-11-13,479.6,1970-07-01,1999-10-28,,1972-07-01,,,
1965,1971-07-16,477.9,1970-07-01,1999-10-29,269.4,1972-07-01,,,
1966,1972-07-21,480.2,1970-07-01,2003-12-10,261.6,1972-07-01,,,
1967,1973-07-19,480.9,1970-07-01,2013-07-31,286.3,1972-07-01,,,
1968,1976-01-16,673.6,1970-07-01,2017-10-27,286.265,1972-07-01,,,
1969,1980-12-23,676.5,1970-07-01,2018-07-27,284.316,1972-07-01,,,
1970,1985-12-20,1501.3,1970-07-01,1973-01-19,260.3,1972-10-01,,,
1971,1991-12-04,1824.7,1970-07-01,1973-02-20,259.3,1972-10-01,,,
1972,1996-01-19,2211.6,1970-07-01,1973-07-19,260.7,1972-10-01,,,
1973,1999-10-28,,1970-07-01,1974-07-18,262.6,1972-10-01,,,
1974,1999-10-30,2307.3,1970-07-01,1976-01-16,259.2,1972-10-01,,,
1975,2000-04-03,2332.2,1970-07-01,1980-12-23,258.3,1972-10-01,,,
1976,2003-12-10,2467.1,1970-07-01,1985-12-20,254.8,1972-10-01,,,
1977,2009-07-31,2757.1,1970-07-01,1991-12-04,246.5,1972-10-01,,,
1978,2011-07-29,2755.9,1970-07-01,1996-01-19,274.1,1972-10-01,,,
1979,2013-07-31,2921.1,1970-07-01,1999-10-28,,1972-10-01,,,
1980,2017-10-27,2921.057,1970-07-01,1999-10-29,275.1,1972-10-01,,,
1981,2018-07-27,3105.952,1970-07-01,2003-12-10,268.6,1972-10-01,,,
1982,2021-07-29,3112.014,1970-07-01,2013-07-31,293.5,1972-10-01,,,
1983,2023-09-28,3292.183,1970-07-01,2017-10-27,293.493,1972-10-01,,,
1984,1971-01-18,477.1,1970-10-01,2018-07-27,291.749,1972-10-01,,,
1985,1971-02-12,476.6,1970-10-01,1973-04-19,266.8,1973-01-01,,,
1986,1971-07-16,474.2,1970-10-01,1973-07-19,268.6,1973-01-01,,,
1987,1972-07-21,476.5,1970-10-01,1974-07-18,269.0,1973-01-01,,,
1988,1973-07-19,477.5,1970-10-01,1976-01-16,265.7,1973-01-01,,,
1989,1976-01-16,668.0,1970-10-01,1976-07-20,265.8,1973-01-01,,,
1990,1980-12-23,673.9,1970-10-01,1980-12-23,264.9,1973-01-01,,,
1991,1985-12-20,1497.2,1970-10-01,1985-12-20,261.0,1973-01-01,,,
1992,1991-12-04,1821.2,1970-10-01,1991-12-04,252.7,1973-01-01,,,
1993,1996-01-19,2204.6,1970-10-01,1996-01-19,281.8,1973-01-01,,,
1994,1999-10-28,,1970-10-01,1999-10-28,,1973-01-01,,,
1995,1999-10-30,2298.9,1970-10-01,1999-10-29,282.4,1973-01-01,,,
1996,2000-04-03,2324.9,1970-10-01,2003-12-10,276.7,1973-01-01,,,
1997,2003-12-10,2460.1,1970-10-01,2013-07-31,301.3,1973-01-01,,,
1998,2009-07-31,2749.6,1970-10-01,2017-10-27,301.316,1973-01-01,,,
1999,2011-07-29,2748.4,1970-10-01,2018-07-27,299.571,1973-01-01,,,
2000,2013-07-31,2913.2,1970-10-01,1973-07-19,275.0,1973-04-01,,,
2001,2014-07-30,2913.1,1970-10-01,1973-08-17,275.3,1973-04-01,,,
2002,2017-10-27,2913.131,1970-10-01,1974-07-18,273.3,1973-04-01,,,
2003,2018-07-27,3097.52,1970-10-01,1976-01-16,265.7,1973-04-01,,,
2004,2021-07-29,3103.565,1970-10-01,1976-07-20,265.1,1973-04-01,,,
2005,2023-09-28,3283.245,1970-10-01,1980-12-23,266.3,1973-04-01,,,
2006,1971-04-15,485.3,1971-01-01,1985-12-20,263.3,1973-04-01,,,
2007,1971-05-13,486.6,1971-01-01,1991-12-04,255.4,1973-04-01,,,
2008,1971-07-16,484.8,1971-01-01,1996-01-19,286.0,1973-04-01,,,
2009,1972-07-21,488.2,1971-01-01,1999-10-28,,1973-04-01,,,
2010,1973-07-19,489.5,1971-01-01,1999-10-29,286.4,1973-04-01,,,
2011,1974-07-18,490.1,1971-01-01,2003-12-10,280.1,1973-04-01,,,
2012,1976-01-16,682.3,1971-01-01,2009-07-31,280.0,1973-04-01,,,
2013,1980-12-23,687.0,1971-01-01,2013-07-31,304.9,1973-04-01,,,
2014,1985-12-20,1520.9,1971-01-01,2018-07-27,302.709,1973-04-01,,,
2015,1991-12-04,1849.9,1971-01-01,1973-10-18,279.9,1973-07-01,,,
2016,1996-01-19,2246.5,1971-01-01,1973-11-16,279.0,1973-07-01,,,
2017,1999-10-28,,1971-01-01,1974-07-18,276.9,1973-07-01,,,
2018,1999-10-30,2341.0,1971-01-01,1976-01-16,270.0,1973-07-01,,,
2019,2000-04-03,2369.8,1971-01-01,1976-07-20,269.3,1973-07-01,,,
2020,2003-12-10,2507.4,1971-01-01,1980-12-23,268.9,1973-07-01,,,
2021,2009-07-31,2802.2,1971-01-01,1985-12-20,265.0,1973-07-01,,,
2022,2011-07-29,2800.9,1971-01-01,1991-12-04,257.7,1973-07-01,,,
2023,2013-07-31,2968.9,1971-01-01,1996-01-19,287.1,1973-07-01,,,
2024,2017-10-27,2968.902,1971-01-01,1999-10-28,,1973-07-01,,,
2025,2018-07-27,3156.978,1971-01-01,1999-10-29,287.2,1973-07-01,,,
2026,2021-07-29,3163.139,1971-01-01,2003-12-10,281.2,1973-07-01,,,
2027,2023-09-28,3346.268,1971-01-01,2009-07-31,281.1,1973-07-01,,,
2028,1971-07-16,491.5,1971-04-01,2013-07-31,305.6,1973-07-01,,,
2029,1971-08-20,492.3,1971-04-01,2017-10-27,305.562,1973-07-01,,,
2030,1972-01-14,489.4,1971-04-01,2018-07-27,304.189,1973-07-01,,,
2031,1972-07-21,493.0,1971-04-01,1974-01-17,285.8,1973-10-01,,,
2032,1973-07-19,493.6,1971-04-01,1974-02-20,285.6,1973-10-01,,,
2033,1974-07-18,493.8,1971-04-01,1974-07-18,286.4,1973-10-01,,,
2034,1976-01-16,689.5,1971-04-01,1976-01-16,278.4,1973-10-01,,,
2035,1980-12-23,693.3,1971-04-01,1976-07-20,277.8,1973-10-01,,,
2036,1985-12-20,1533.0,1971-04-01,1980-12-23,281.6,1973-10-01,,,
2037,1991-12-04,1863.5,1971-04-01,1985-12-20,276.8,1973-10-01,,,
2038,1996-01-19,2266.5,1971-04-01,1991-12-04,265.1,1973-10-01,,,
2039,1999-10-28,,1971-04-01,1996-01-19,295.6,1973-10-01,,,
2040,1999-10-30,2360.7,1971-04-01,1999-10-28,,1973-10-01,,,
2041,2000-04-03,2391.4,1971-04-01,1999-10-29,295.7,1973-10-01,,,
2042,2003-12-10,2530.5,1971-04-01,2003-12-10,288.8,1973-10-01,,,
2043,2009-07-31,2827.9,1971-04-01,2013-07-31,313.7,1973-10-01,,,
2044,2011-07-29,2826.6,1971-04-01,2017-10-27,313.681,1973-10-01,,,
2045,2013-07-31,2996.2,1971-04-01,2018-07-27,312.593,1973-10-01,,,
2046,2014-07-30,2996.1,1971-04-01,1974-04-18,295.9,1974-01-01,,,
2047,2017-10-27,2996.124,1971-04-01,1974-05-17,297.8,1974-01-01,,,
2048,2018-07-27,3185.993,1971-04-01,1974-07-18,296.3,1974-01-01,,,
2049,2021-07-29,3192.21,1971-04-01,1976-01-16,287.5,1974-01-01,,,
2050,2023-09-28,3377.022,1971-04-01,1976-07-20,288.0,1974-01-01,,,
2051,1971-10-22,496.7,1971-07-01,1977-07-21,287.3,1974-01-01,,,
2052,1971-11-18,496.5,1971-07-01,1980-12-23,286.8,1974-01-01,,,
2053,1972-01-14,494.3,1971-07-01,1985-12-20,283.1,1974-01-01,,,
2054,1972-07-21,497.4,1971-07-01,1991-12-04,273.8,1974-01-01,,,
2055,1973-07-19,498.0,1971-07-01,1996-01-19,306.6,1974-01-01,,,
2056,1974-07-18,497.7,1971-07-01,1999-10-28,,1974-01-01,,,
2057,1976-01-16,693.6,1971-07-01,1999-10-29,306.2,1974-01-01,,,
2058,1980-12-23,698.2,1971-07-01,2003-12-10,301.4,1974-01-01,,,
2059,1985-12-20,1541.0,1971-07-01,2013-07-31,326.1,1974-01-01,,,
2060,1991-12-04,1876.9,1971-07-01,2017-10-27,326.139,1974-01-01,,,
2061,1996-01-19,2283.9,1971-07-01,2018-07-27,324.586,1974-01-01,,,
2062,1999-10-28,,1971-07-01,1974-07-18,303.5,1974-04-01,,,
2063,1999-10-30,2377.4,1971-07-01,1974-08-22,304.4,1974-04-01,,,
2064,2000-04-03,2409.8,1971-07-01,1976-01-16,296.5,1974-04-01,,,
2065,2003-12-10,2550.7,1971-07-01,1976-07-20,298.0,1974-04-01,,,
2066,2009-07-31,2850.4,1971-07-01,1977-07-21,297.8,1974-04-01,,,
2067,2011-07-29,2849.1,1971-07-01,1980-12-23,300.6,1974-04-01,,,
2068,2013-07-31,3020.1,1971-07-01,1985-12-20,295.5,1974-04-01,,,
2069,2014-07-30,3020.0,1971-07-01,1991-12-04,283.1,1974-04-01,,,
2070,2017-10-27,3020.036,1971-07-01,1996-01-19,318.2,1974-04-01,,,
2071,2018-07-27,3211.394,1971-07-01,1999-10-28,,1974-04-01,,,
2072,2021-07-29,3217.661,1971-07-01,1999-10-29,317.4,1974-04-01,,,
2073,2023-09-28,3403.947,1971-07-01,2003-12-10,312.1,1974-04-01,,,
2074,1972-01-21,499.2,1971-10-01,2009-07-31,312.0,1974-04-01,,,
2075,1972-02-18,498.9,1971-10-01,2013-07-31,337.3,1974-04-01,,,
2076,1972-07-21,503.2,1971-10-01,2017-10-27,337.254,1974-04-01,,,
2077,1973-07-19,504.1,1971-10-01,2018-07-27,334.957,1974-04-01,,,
2078,1976-01-16,702.3,1971-10-01,1974-10-17,311.2,1974-07-01,,,
2079,1980-12-23,708.6,1971-10-01,1974-11-15,312.3,1974-07-01,,,
2080,1985-12-20,1560.1,1971-10-01,1976-01-16,305.9,1974-07-01,,,
2081,1991-12-04,1904.6,1971-10-01,1976-07-20,308.6,1974-07-01,,,
2082,1996-01-19,2321.1,1971-10-01,1977-07-21,308.0,1974-07-01,,,
2083,1999-10-28,,1971-10-01,1980-12-23,309.2,1974-07-01,,,
2084,1999-10-30,2415.6,1971-10-01,1985-12-20,304.1,1974-07-01,,,
2085,2000-04-03,2449.8,1971-10-01,1991-12-04,292.8,1974-07-01,,,
2086,2003-12-10,2593.2,1971-10-01,1996-01-19,328.0,1974-07-01,,,
2087,2009-07-31,2897.8,1971-10-01,1999-10-28,,1974-07-01,,,
2088,2011-07-29,2896.5,1971-10-01,1999-10-29,327.0,1974-07-01,,,
2089,2013-07-31,3070.3,1971-10-01,2003-12-10,323.2,1974-07-01,,,
2090,2014-07-30,3070.2,1971-10-01,2013-07-31,348.3,1974-07-01,,,
2091,2017-10-27,3070.23,1971-10-01,2017-10-27,348.294,1974-07-01,,,
2092,2018-07-27,3264.679,1971-10-01,2018-07-27,346.71,1974-07-01,,,
2093,2021-07-29,3271.05,1971-10-01,1975-01-16,322.4,1974-10-01,,,
2094,2023-09-28,3460.427,1971-10-01,1975-02-20,323.8,1974-10-01,,,
2095,1972-04-19,503.5,1972-01-01,1976-01-16,314.4,1974-10-01,,,
2096,1972-05-18,505.1,1972-01-01,1976-07-20,318.5,1974-10-01,,,
2097,1972-07-21,511.0,1972-01-01,1977-07-21,317.5,1974-10-01,,,
2098,1973-07-19,512.5,1972-01-01,1980-12-23,319.7,1974-10-01,,,
2099,1974-07-18,512.8,1972-01-01,1985-12-20,313.8,1974-10-01,,,
2100,1976-01-16,713.7,1972-01-01,1991-12-04,303.4,1974-10-01,,,
2101,1980-12-23,718.6,1972-01-01,1996-01-19,340.1,1974-10-01,,,
2102,1985-12-20,1581.8,1972-01-01,1999-10-28,,1974-10-01,,,
2103,1991-12-04,1929.3,1972-01-01,1999-10-29,338.8,1974-10-01,,,
2104,1996-01-19,2352.0,1972-01-01,2003-12-10,335.1,1974-10-01,,,
2105,1999-10-28,,1972-01-01,2013-07-31,360.8,1974-10-01,,,
2106,1999-10-30,2447.3,1972-01-01,2017-10-27,360.766,1974-10-01,,,
2107,2000-04-03,2482.2,1972-01-01,2018-07-27,359.228,1974-10-01,,,
2108,2003-12-10,2627.6,1972-01-01,1975-04-16,332.8,1975-01-01,,,
2109,2009-07-31,2936.5,1972-01-01,1975-05-20,331.6,1975-01-01,,,
2110,2011-07-29,2935.2,1972-01-01,1976-01-16,321.2,1975-01-01,,,
2111,2013-07-31,3110.8,1972-01-01,1976-07-20,325.6,1975-01-01,,,
2112,2017-10-27,3110.801,1972-01-01,1977-07-21,326.0,1975-01-01,,,
2113,2018-07-27,3307.767,1972-01-01,1978-07-21,325.8,1975-01-01,,,
2114,2021-07-29,3314.222,1972-01-01,1980-12-23,327.7,1975-01-01,,,
2115,2023-09-28,3506.098,1972-01-01,1985-12-20,323.1,1975-01-01,,,
2116,1972-07-21,519.5,1972-04-01,1991-12-04,310.5,1975-01-01,,,
2117,1972-08-18,520.9,1972-04-01,1996-01-19,352.3,1975-01-01,,,
2118,1973-07-19,523.4,1972-04-01,1999-10-28,,1975-01-01,,,
2119,1974-07-18,523.2,1972-04-01,1999-10-29,350.9,1975-01-01,,,
2120,1976-01-16,728.1,1972-04-01,2003-12-10,346.3,1975-01-01,,,
2121,1980-12-23,731.1,1972-04-01,2009-07-31,346.2,1975-01-01,,,
2122,1985-12-20,1607.9,1972-04-01,2013-07-31,371.7,1975-01-01,,,
2123,1991-12-04,1963.3,1972-04-01,2017-10-27,371.688,1975-01-01,,,
2124,1996-01-19,2394.9,1972-04-01,2018-07-27,370.138,1975-01-01,,,
2125,1999-10-28,,1972-04-01,1975-07-17,338.8,1975-04-01,,,
2126,1999-10-30,2491.2,1972-04-01,1975-08-21,338.1,1975-04-01,,,
2127,2000-04-03,2527.5,1972-04-01,1976-01-16,324.7,1975-04-01,,,
2128,2003-12-10,2677.3,1972-04-01,1976-07-20,333.2,1975-04-01,,,
2129,2009-07-31,2992.6,1972-04-01,1977-07-21,335.2,1975-04-01,,,
2130,2011-07-29,2991.2,1972-04-01,1978-07-21,334.2,1975-04-01,,,
2131,2013-07-31,3170.2,1972-04-01,1980-12-23,333.6,1975-04-01,,,
2132,2017-10-27,3170.159,1972-04-01,1985-12-20,329.7,1975-04-01,,,
2133,2018-07-27,3370.736,1972-04-01,1991-12-04,316.7,1975-04-01,,,
2134,2021-07-29,3377.314,1972-04-01,1996-01-19,357.7,1975-04-01,,,
2135,2023-09-28,3572.842,1972-04-01,1999-10-28,,1975-04-01,,,
2136,1972-10-19,528.7,1972-07-01,1999-10-29,356.1,1975-04-01,,,
2137,1973-07-19,531.0,1972-07-01,2003-12-10,349.8,1975-04-01,,,
2138,1974-07-18,531.2,1972-07-01,2013-07-31,375.8,1975-04-01,,,
2139,1976-01-16,737.5,1972-07-01,2017-10-27,375.763,1975-04-01,,,
2140,1980-12-23,741.3,1972-07-01,2018-07-27,373.408,1975-04-01,,,
2141,1985-12-20,1629.9,1972-07-01,1975-10-20,343.1,1975-07-01,,,
2142,1991-12-04,1989.1,1972-07-01,1975-11-20,343.5,1975-07-01,,,
2143,1996-01-19,2430.6,1972-07-01,1976-01-16,334.1,1975-07-01,,,
2144,1999-10-28,,1972-07-01,1976-07-20,343.2,1975-07-01,,,
2145,1999-10-30,2527.9,1972-07-01,1977-07-21,343.5,1975-07-01,,,
2146,2000-04-03,2565.9,1972-07-01,1978-07-21,342.2,1975-07-01,,,
2147,2003-12-10,2718.4,1972-07-01,1980-12-23,344.0,1975-07-01,,,
2148,2009-07-31,3038.8,1972-07-01,1985-12-20,338.9,1975-07-01,,,
2149,2011-07-29,3037.4,1972-07-01,1991-12-04,324.5,1975-07-01,,,
2150,2013-07-31,3219.1,1972-07-01,1996-01-19,364.9,1975-07-01,,,
2151,2017-10-27,3219.095,1972-07-01,1999-10-28,,1975-07-01,,,
2152,2018-07-27,3422.682,1972-07-01,1999-10-29,363.3,1975-07-01,,,
2153,2021-07-29,3429.362,1972-07-01,2003-12-10,362.0,1975-07-01,,,
2154,2023-09-28,3627.904,1972-07-01,2013-07-31,387.0,1975-07-01,,,
2155,1973-01-19,538.6,1972-10-01,2017-10-27,386.989,1975-07-01,,,
2156,1973-02-20,537.8,1972-10-01,2018-07-27,385.394,1975-07-01,,,
2157,1973-07-19,540.5,1972-10-01,1976-01-20,343.8,1975-10-01,,,
2158,1974-07-18,542.2,1972-10-01,1976-02-19,344.8,1975-10-01,,,
2159,1976-01-16,752.8,1972-10-01,1976-07-20,353.8,1975-10-01,,,
2160,1980-12-23,757.1,1972-10-01,1977-07-21,351.0,1975-10-01,,,
2161,1985-12-20,1667.8,1972-10-01,1978-07-21,351.5,1975-10-01,,,
2162,1991-12-04,2032.1,1972-10-01,1980-12-23,354.3,1975-10-01,,,
2163,1996-01-19,2486.1,1972-10-01,1985-12-20,348.5,1975-10-01,,,
2164,1999-10-28,,1972-10-01,1991-12-04,333.8,1975-10-01,,,
2165,1999-10-30,2586.5,1972-10-01,1996-01-19,375.5,1975-10-01,,,
2166,2000-04-03,2626.3,1972-10-01,1999-10-28,,1975-10-01,,,
2167,2003-12-10,2781.7,1972-10-01,1999-10-29,373.9,1975-10-01,,,
2168,2009-07-31,3110.1,1972-10-01,2003-12-10,372.9,1975-10-01,,,
2169,2011-07-29,3108.6,1972-10-01,2013-07-31,397.3,1975-10-01,,,
2170,2013-07-31,3294.7,1972-10-01,2017-10-27,397.307,1975-10-01,,,
2171,2014-07-30,3294.6,1972-10-01,2018-07-27,395.571,1975-10-01,,,
2172,2017-10-27,3294.606,1972-10-01,1976-04-19,348.4,1976-01-01,,,
2173,2018-07-27,3503.001,1972-10-01,1976-05-20,349.2,1976-01-01,,,
2174,2021-07-29,3509.838,1972-10-01,1976-07-20,354.7,1976-01-01,,,
2175,2023-09-28,3713.038,1972-10-01,1977-07-21,353.6,1976-01-01,,,
2176,1973-04-19,551.0,1973-01-01,1978-07-21,354.0,1976-01-01,,,
2177,1973-05-17,550.3,1973-01-01,1979-07-20,355.1,1976-01-01,,,
2178,1973-07-19,552.7,1973-01-01,1980-12-23,357.0,1976-01-01,,,
2179,1974-07-18,552.9,1973-01-01,1985-12-20,350.9,1976-01-01,,,
2180,1976-01-16,765.8,1973-01-01,1991-12-04,337.4,1976-01-01,,,
2181,1976-07-20,767.7,1973-01-01,1996-01-19,381.7,1976-01-01,,,
2182,1980-12-23,769.0,1973-01-01,1999-10-28,,1976-01-01,,,
2183,1982-07-21,768.8,1973-01-01,1999-10-29,380.3,1976-01-01,,,
2184,1985-12-20,1689.9,1973-01-01,2003-12-10,379.1,1976-01-01,,,
2185,1991-12-04,2063.9,1973-01-01,2013-07-31,402.9,1976-01-01,,,
2186,1996-01-19,2530.4,1973-01-01,2017-10-27,402.919,1976-01-01,,,
2187,1999-10-28,,1973-01-01,2018-07-27,401.291,1976-01-01,,,
2188,1999-10-30,2631.1,1973-01-01,1976-07-20,363.1,1976-04-01,,,
2189,2000-04-03,2674.2,1973-01-01,1976-08-19,362.0,1976-04-01,,,
2190,2003-12-10,2832.0,1973-01-01,1977-07-21,358.9,1976-04-01,,,
2191,2009-07-31,3167.0,1973-01-01,1978-07-21,357.2,1976-04-01,,,
2192,2011-07-29,3165.5,1973-01-01,1979-07-20,357.5,1976-04-01,,,
2193,2013-07-31,3354.8,1973-01-01,1980-12-23,358.1,1976-04-01,,,
2194,2017-10-27,3354.764,1973-01-01,1985-12-20,354.9,1976-04-01,,,
2195,2018-07-27,3566.957,1973-01-01,1991-12-04,338.4,1976-04-01,,,
2196,2021-07-29,3573.918,1973-01-01,1996-01-19,383.0,1976-04-01,,,
2197,2023-09-28,3780.829,1973-01-01,1999-10-28,,1976-04-01,,,
2198,1973-07-19,553.8,1973-04-01,1999-10-29,381.5,1976-04-01,,,
2199,1973-08-17,553.3,1973-04-01,2003-12-10,380.1,1976-04-01,,,
2200,1974-07-18,553.7,1973-04-01,2013-07-31,403.2,1976-04-01,,,
2201,1976-01-16,766.2,1973-04-01,2017-10-27,403.171,1976-04-01,,,
2202,1976-07-20,766.8,1973-04-01,2018-07-27,400.985,1976-04-01,,,
2203,1982-07-21,766.3,1973-04-01,1976-10-19,369.5,1976-07-01,,,
2204,1985-12-20,1687.2,1973-04-01,1976-11-18,369.6,1976-07-01,,,
2205,1991-12-04,2062.0,1973-04-01,1977-07-21,363.0,1976-07-01,,,
2206,1996-01-19,2527.5,1973-04-01,1978-07-21,360.4,1976-07-01,,,
2207,1999-10-28,,1973-04-01,1979-07-20,362.4,1976-07-01,,,
2208,1999-10-30,2628.3,1973-04-01,1980-12-23,362.8,1976-07-01,,,
2209,2000-04-03,2671.4,1973-04-01,1985-12-20,358.2,1976-07-01,,,
2210,2003-12-10,2830.5,1973-04-01,1991-12-04,341.3,1976-07-01,,,
2211,2009-07-31,3165.4,1973-04-01,1996-01-19,386.0,1976-07-01,,,
2212,2011-07-29,3163.9,1973-04-01,1999-10-28,,1976-07-01,,,
2213,2013-07-31,3353.4,1973-04-01,1999-10-29,384.6,1976-07-01,,,
2214,2017-10-27,3353.357,1973-04-01,2003-12-10,382.8,1976-07-01,,,
2215,2018-07-27,3565.349,1973-04-01,2013-07-31,404.9,1976-07-01,,,
2216,2021-07-29,3572.307,1973-04-01,2017-10-27,404.92,1976-07-01,,,
2217,2023-09-28,3779.125,1973-04-01,2018-07-27,403.517,1976-07-01,,,
2218,1973-10-18,556.8,1973-07-01,1977-01-18,376.8,1976-10-01,,,
2219,1973-11-16,558.1,1973-07-01,1977-02-18,376.2,1976-10-01,,,
2220,1974-07-18,555.4,1973-07-01,1977-07-21,370.0,1976-10-01,,,
2221,1976-01-16,770.5,1973-07-01,1978-07-21,366.3,1976-10-01,,,
2222,1976-07-20,770.4,1973-07-01,1979-07-20,370.3,1976-10-01,,,
2223,1980-12-23,770.5,1973-07-01,1980-12-23,370.4,1976-10-01,,,
2224,1982-07-21,769.7,1973-07-01,1985-12-20,363.8,1976-10-01,,,
2225,1985-12-20,1694.5,1973-07-01,1991-12-04,347.9,1976-10-01,,,
2226,1991-12-04,2073.7,1973-07-01,1996-01-19,392.8,1976-10-01,,,
2227,1996-01-19,2539.9,1973-07-01,1999-10-28,,1976-10-01,,,
2228,1999-10-28,,1973-07-01,1999-10-29,391.5,1976-10-01,,,
2229,1999-10-30,2640.5,1973-07-01,2003-12-10,390.0,1976-10-01,,,
2230,2000-04-03,2682.5,1973-07-01,2013-07-31,412.3,1976-10-01,,,
2231,2003-12-10,2840.6,1973-07-01,2017-10-27,412.287,1976-10-01,,,
2232,2009-07-31,3176.7,1973-07-01,2018-07-27,410.818,1976-10-01,,,
2233,2011-07-29,3175.3,1973-07-01,1977-04-20,380.4,1977-01-01,,,
2234,2013-07-31,3365.4,1973-07-01,1977-05-19,378.5,1977-01-01,,,
2235,2014-07-30,3365.3,1973-07-01,1977-07-21,374.9,1977-01-01,,,
2236,2017-10-27,3365.331,1973-07-01,1978-07-21,375.0,1977-01-01,,,
2237,2018-07-27,3577.898,1973-07-01,1979-07-20,380.0,1977-01-01,,,
2238,2021-07-29,3584.881,1973-07-01,1980-12-23,378.6,1977-01-01,,,
2239,2023-09-28,3792.426,1973-07-01,1985-12-20,371.8,1977-01-01,,,
2240,1974-01-17,554.5,1973-10-01,1991-12-04,355.9,1977-01-01,,,
2241,1974-02-20,551.3,1973-10-01,1996-01-19,403.9,1977-01-01,,,
2242,1974-07-18,546.3,1973-10-01,1999-10-28,,1977-01-01,,,
2243,1976-01-16,762.8,1973-10-01,1999-10-29,402.4,1977-01-01,,,
2244,1976-07-20,765.9,1973-10-01,2003-12-10,401.4,1977-01-01,,,
2245,1980-12-23,767.4,1973-10-01,2009-07-31,401.3,1977-01-01,,,
2246,1982-07-21,766.7,1973-10-01,2013-07-31,422.7,1977-01-01,,,
2247,1985-12-20,1686.8,1973-10-01,2017-10-27,422.733,1977-01-01,,,
2248,1991-12-04,2067.4,1973-10-01,2018-07-27,421.202,1977-01-01,,,
2249,1996-01-19,2532.6,1973-10-01,1977-07-21,390.1,1977-04-01,,,
2250,1999-10-28,,1973-10-01,1977-08-19,390.6,1977-04-01,,,
2251,1999-10-30,2636.0,1973-10-01,1978-07-21,388.8,1977-04-01,,,
2252,2000-04-03,2675.6,1973-10-01,1979-07-20,391.6,1977-04-01,,,
2253,2003-12-10,2832.2,1973-10-01,1980-12-23,391.0,1977-04-01,,,
2254,2009-07-31,3167.4,1973-10-01,1985-12-20,384.1,1977-04-01,,,
2255,2011-07-29,3166.0,1973-10-01,1991-12-04,365.7,1977-04-01,,,
2256,2013-07-31,3355.5,1973-10-01,1996-01-19,414.6,1977-04-01,,,
2257,2017-10-27,3355.493,1973-10-01,1999-10-28,,1977-04-01,,,
2258,2018-07-27,3567.227,1973-10-01,1999-10-29,413.0,1977-04-01,,,
2259,2021-07-29,3574.188,1973-10-01,2003-12-10,411.8,1977-04-01,,,
2260,2023-09-28,3781.115,1973-10-01,2013-07-31,433.1,1977-04-01,,,
2261,1974-04-18,547.5,1974-01-01,2017-10-27,433.054,1977-04-01,,,
2262,1974-05-17,547.2,1974-01-01,2018-07-27,431.362,1977-04-01,,,
2263,1974-07-18,539.7,1974-01-01,1977-10-19,405.6,1977-07-01,,,
2264,1976-01-16,760.0,1974-01-01,1977-11-17,403.3,1977-07-01,,,
2265,1976-07-20,761.8,1974-01-01,1977-12-20,400.9,1977-07-01,,,
2266,1977-07-21,761.6,1974-01-01,1978-07-21,399.5,1977-07-01,,,
2267,1980-12-23,762.1,1974-01-01,1979-07-20,400.5,1977-07-01,,,
2268,1982-07-21,761.2,1974-01-01,1980-12-23,397.9,1977-07-01,,,
2269,1985-12-20,1667.5,1974-01-01,1985-12-20,392.3,1977-07-01,,,
2270,1991-12-04,2050.8,1974-01-01,1991-12-04,371.3,1977-07-01,,,
2271,1996-01-19,2512.7,1974-01-01,1996-01-19,420.2,1977-07-01,,,
2272,1999-10-28,,1974-01-01,1999-10-28,,1977-07-01,,,
2273,1999-10-30,2617.5,1974-01-01,1999-10-29,418.5,1977-07-01,,,
2274,2000-04-03,2652.4,1974-01-01,2003-12-10,417.3,1977-07-01,,,
2275,2003-12-10,2807.8,1974-01-01,2013-07-31,439.1,1977-07-01,,,
2276,2009-07-31,3139.7,1974-01-01,2017-10-27,439.124,1977-07-01,,,
2277,2011-07-29,3138.3,1974-01-01,2018-07-27,438.014,1977-07-01,,,
2278,2013-07-31,3326.3,1974-01-01,1978-01-19,413.6,1977-10-01,,,
2279,2014-07-30,3326.2,1974-01-01,1978-02-21,413.4,1977-10-01,,,
2280,2017-10-27,3326.205,1974-01-01,1978-03-20,413.8,1977-10-01,,,
2281,2018-07-27,3535.312,1974-01-01,1978-07-21,412.5,1977-10-01,,,
2282,2021-07-29,3542.211,1974-01-01,1979-07-20,412.8,1977-10-01,,,
2283,2023-09-28,3747.286,1974-01-01,1980-12-23,410.4,1977-10-01,,,
2284,1974-07-18,542.3,1974-04-01,1982-07-21,408.0,1977-10-01,,,
2285,1974-08-22,542.7,1974-04-01,1985-12-20,401.1,1977-10-01,,,
2286,1976-01-16,763.2,1974-04-01,1991-12-04,379.2,1977-10-01,,,
2287,1976-07-20,761.9,1974-04-01,1996-01-19,428.9,1977-10-01,,,
2288,1977-07-21,761.7,1974-04-01,1999-10-28,,1977-10-01,,,
2289,1980-12-23,764.9,1974-04-01,1999-10-29,427.4,1977-10-01,,,
2290,1982-07-21,764.1,1974-04-01,2003-12-10,425.8,1977-10-01,,,
2291,1985-12-20,1677.2,1974-04-01,2013-07-31,448.1,1977-10-01,,,
2292,1991-12-04,2059.0,1974-04-01,2017-10-27,448.126,1977-10-01,,,
2293,1996-01-19,2522.7,1974-04-01,2018-07-27,446.749,1977-10-01,,,
2294,1999-10-28,,1974-04-01,1978-04-19,417.1,1978-01-01,,,
2295,1999-10-30,2629.7,1974-04-01,1978-05-18,416.6,1978-01-01,,,
2296,2000-04-03,2662.0,1974-04-01,1978-07-21,416.7,1978-01-01,,,
2297,2003-12-10,2819.0,1974-04-01,1979-07-20,419.4,1978-01-01,,,
2298,2009-07-31,3150.6,1974-04-01,1980-12-23,415.7,1978-01-01,,,
2299,2011-07-29,3149.2,1974-04-01,1982-07-21,412.8,1978-01-01,,,
2300,2013-07-31,3337.9,1974-04-01,1985-12-20,405.6,1978-01-01,,,
2301,2017-10-27,3337.864,1974-04-01,1991-12-04,385.8,1978-01-01,,,
2302,2018-07-27,3548.041,1974-04-01,1996-01-19,435.8,1978-01-01,,,
2303,2021-07-29,3554.966,1974-04-01,1999-10-28,,1978-01-01,,,
2304,2023-09-28,3760.779,1974-04-01,1999-10-29,433.7,1978-01-01,,,
2305,1974-10-17,546.7,1974-07-01,2003-12-10,431.9,1978-01-01,,,
2306,1974-11-15,547.2,1974-07-01,2013-07-31,454.8,1978-01-01,,,
2307,1976-01-16,767.2,1974-07-01,2017-10-27,454.817,1978-01-01,,,
2308,1976-07-20,764.7,1974-07-01,2018-07-27,452.589,1978-01-01,,,
2309,1977-07-21,766.6,1974-07-01,1978-07-21,424.6,1978-04-01,,,
2310,1980-12-23,770.1,1974-07-01,1978-08-18,424.5,1978-04-01,,,
2311,1982-07-21,769.4,1974-07-01,1978-09-20,424.7,1978-04-01,,,
2312,1985-12-20,1686.7,1974-07-01,1979-07-20,428.3,1978-04-01,,,
2313,1991-12-04,2065.5,1974-07-01,1980-12-23,425.1,1978-04-01,,,
2314,1996-01-19,2532.4,1974-07-01,1982-07-21,424.4,1978-04-01,,,
2315,1999-10-28,,1974-07-01,1985-12-20,417.6,1978-04-01,,,
2316,1999-10-30,2641.8,1974-07-01,1991-12-04,397.7,1978-04-01,,,
2317,2000-04-03,2672.2,1974-07-01,1996-01-19,453.9,1978-04-01,,,
2318,2003-12-10,2831.6,1974-07-01,1999-10-28,,1978-04-01,,,
2319,2009-07-31,3163.6,1974-07-01,1999-10-29,451.6,1978-04-01,,,
2320,2011-07-29,3162.2,1974-07-01,2003-12-10,449.8,1978-04-01,,,
2321,2013-07-31,3351.7,1974-07-01,2009-07-31,449.7,1978-04-01,,,
2322,2014-07-30,3351.6,1974-07-01,2013-07-31,473.3,1978-04-01,,,
2323,2017-10-27,3351.624,1974-07-01,2017-10-27,473.312,1978-04-01,,,
2324,2018-07-27,3563.282,1974-07-01,2018-07-27,472.288,1978-04-01,,,
2325,2021-07-29,3570.236,1974-07-01,1978-10-20,441.3,1978-07-01,,,
2326,2023-09-28,3776.934,1974-07-01,1978-11-21,439.6,1978-07-01,,,
2327,1975-01-16,530.1,1974-10-01,1978-12-20,439.8,1978-07-01,,,
2328,1975-02-20,528.2,1974-10-01,1979-07-20,440.9,1978-07-01,,,
2329,1976-01-16,748.9,1974-10-01,1980-12-23,438.3,1978-07-01,,,
2330,1976-07-20,748.1,1974-10-01,1982-07-21,439.3,1978-07-01,,,
2331,1977-07-21,752.9,1974-10-01,1985-12-20,433.4,1978-07-01,,,
2332,1980-12-23,757.3,1974-10-01,1991-12-04,409.3,1978-07-01,,,
2333,1982-07-21,756.5,1974-10-01,1996-01-19,464.4,1978-07-01,,,
2334,1985-12-20,1664.7,1974-10-01,1999-10-28,,1978-07-01,,,
2335,1991-12-04,2039.9,1974-10-01,1999-10-29,462.1,1978-07-01,,,
2336,1996-01-19,2490.9,1974-10-01,2003-12-10,459.9,1978-07-01,,,
2337,1999-10-28,,1974-10-01,2013-07-31,484.0,1978-07-01,,,
2338,1999-10-30,2600.1,1974-10-01,2017-10-27,484.015,1978-07-01,,,
2339,2000-04-03,2628.4,1974-10-01,2018-07-27,484.229,1978-07-01,,,
2340,2003-12-10,2790.8,1974-10-01,1979-01-18,455.6,1978-10-01,,,
2341,2009-07-31,3117.3,1974-10-01,1979-02-22,454.6,1978-10-01,,,
2342,2011-07-29,3115.8,1974-10-01,1979-03-20,454.5,1978-10-01,,,
2343,2013-07-31,3302.5,1974-10-01,1979-07-20,453.8,1978-10-01,,,
2344,2017-10-27,3302.477,1974-10-01,1980-12-23,451.3,1978-10-01,,,
2345,2018-07-27,3511.197,1974-10-01,1982-07-21,451.1,1978-10-01,,,
2346,2021-07-29,3518.05,1974-10-01,1985-12-20,444.2,1978-10-01,,,
2347,2023-09-28,3721.726,1974-10-01,1991-12-04,421.5,1978-10-01,,,
2348,1975-04-16,532.3,1975-01-01,1996-01-19,477.5,1978-10-01,,,
2349,1975-05-20,531.5,1975-01-01,1999-10-28,,1978-10-01,,,
2350,1976-01-16,752.3,1975-01-01,1999-10-29,475.0,1978-10-01,,,
2351,1976-07-20,754.6,1975-01-01,2003-12-10,472.7,1978-10-01,,,
2352,1977-07-21,756.9,1975-01-01,2013-07-31,497.4,1978-10-01,,,
2353,1978-07-21,757.2,1975-01-01,2017-10-27,497.405,1978-10-01,,,
2354,1980-12-23,764.0,1975-01-01,2018-07-27,496.241,1978-10-01,,,
2355,1982-07-21,763.3,1975-01-01,1979-04-19,459.4,1979-01-01,,,
2356,1985-12-20,1677.1,1975-01-01,1979-05-18,458.5,1979-01-01,,,
2357,1991-12-04,2051.8,1975-01-01,1979-06-20,458.4,1979-01-01,,,
2358,1996-01-19,2513.2,1975-01-01,1979-07-20,460.1,1979-01-01,,,
2359,1999-10-28,,1975-01-01,1980-12-23,458.2,1979-01-01,,,
2360,1999-10-30,2621.3,1975-01-01,1982-07-21,456.9,1979-01-01,,,
2361,2000-04-03,2648.8,1975-01-01,1985-12-20,449.2,1979-01-01,,,
2362,2003-12-10,2814.6,1975-01-01,1991-12-04,427.1,1979-01-01,,,
2363,2009-07-31,3143.4,1975-01-01,1996-01-19,483.3,1979-01-01,,,
2364,2011-07-29,3142.0,1975-01-01,1999-10-28,,1979-01-01,,,
2365,2013-07-31,3330.2,1975-01-01,1999-10-29,480.1,1979-01-01,,,
2366,2014-07-30,3330.1,1975-01-01,2003-12-10,477.8,1979-01-01,,,
2367,2017-10-27,3330.127,1975-01-01,2013-07-31,502.9,1979-01-01,,,
2368,2018-07-27,3540.647,1975-01-01,2017-10-27,502.919,1979-01-01,,,
2369,2021-07-29,3547.557,1975-01-01,2018-07-27,501.818,1979-01-01,,,
2370,2023-09-28,3752.942,1975-01-01,1979-07-20,468.7,1979-04-01,,,
2371,1975-07-17,539.6,1975-04-01,1979-08-17,466.1,1979-04-01,,,
2372,1975-08-21,539.7,1975-04-01,1979-09-19,466.6,1979-04-01,,,
2373,1976-01-16,764.1,1975-04-01,1980-12-23,465.1,1979-04-01,,,
2374,1976-07-20,767.5,1975-04-01,1982-07-21,464.5,1979-04-01,,,
2375,1977-07-21,770.4,1975-04-01,1985-12-20,458.6,1979-04-01,,,
2376,1978-07-21,770.2,1975-04-01,1991-12-04,440.1,1979-04-01,,,
2377,1980-12-23,776.3,1975-04-01,1996-01-19,499.3,1979-04-01,,,
2378,1982-07-21,775.6,1975-04-01,1999-10-28,,1979-04-01,,,
2379,1985-12-20,1706.0,1975-04-01,1999-10-29,494.9,1979-04-01,,,
2380,1991-12-04,2086.9,1975-04-01,2003-12-10,492.5,1979-04-01,,,
2381,1996-01-19,2556.3,1975-04-01,2013-07-31,517.3,1979-04-01,,,
2382,1999-10-28,,1975-04-01,2017-10-27,517.258,1979-04-01,,,
2383,1999-10-30,2667.1,1975-04-01,2018-07-27,516.508,1979-04-01,,,
2384,2000-04-03,2695.4,1975-04-01,1979-10-16,476.2,1979-07-01,,,
2385,2003-12-10,2860.5,1975-04-01,1979-11-20,477.5,1979-07-01,,,
2386,2009-07-31,3195.8,1975-04-01,1979-12-19,477.8,1979-07-01,,,
2387,2011-07-29,3194.4,1975-04-01,1980-12-23,475.4,1979-07-01,,,
2388,2013-07-31,3385.8,1975-04-01,1982-07-21,478.5,1979-07-01,,,
2389,2014-07-30,3385.7,1975-04-01,1985-12-20,472.8,1979-07-01,,,
2390,2017-10-27,3385.744,1975-04-01,1991-12-04,454.9,1979-07-01,,,
2391,2018-07-27,3598.886,1975-04-01,1996-01-19,513.4,1979-07-01,,,
2392,2021-07-29,3605.909,1975-04-01,1999-10-28,,1979-07-01,,,
2393,2023-09-28,3814.672,1975-04-01,1999-10-29,509.9,1979-07-01,,,
2394,1975-10-20,548.9,1975-07-01,2003-12-10,507.3,1979-07-01,,,
2395,1975-11-20,548.6,1975-07-01,2009-07-31,507.2,1979-07-01,,,
2396,1976-01-16,771.6,1975-07-01,2013-07-31,531.8,1979-07-01,,,
2397,1976-07-20,775.3,1975-07-01,2017-10-27,531.807,1979-07-01,,,
2398,1977-07-21,780.2,1975-07-01,2018-07-27,533.106,1979-07-01,,,
2399,1978-07-21,779.7,1975-07-01,1980-01-18,499.8,1979-10-01,,,
2400,1980-12-23,786.3,1975-07-01,1980-02-22,501.2,1979-10-01,,,
2401,1982-07-21,785.4,1975-07-01,1980-12-23,496.4,1979-10-01,,,
2402,1985-12-20,1723.9,1975-07-01,1982-07-21,497.6,1979-10-01,,,
2403,1991-12-04,2114.4,1975-07-01,1985-12-20,490.7,1979-10-01,,,
2404,1996-01-19,2591.8,1975-07-01,1991-12-04,471.9,1979-10-01,,,
2405,1999-10-28,,1975-07-01,1996-01-19,532.3,1979-10-01,,,
2406,1999-10-30,2704.6,1975-07-01,1999-10-28,,1979-10-01,,,
2407,2000-04-03,2734.7,1975-07-01,1999-10-29,529.0,1979-10-01,,,
2408,2003-12-10,2901.2,1975-07-01,2003-12-10,525.5,1979-10-01,,,
2409,2009-07-31,3241.4,1975-07-01,2013-07-31,550.2,1979-10-01,,,
2410,2011-07-29,3239.9,1975-07-01,2017-10-27,550.164,1979-10-01,,,
2411,2013-07-31,3434.1,1975-07-01,2018-07-27,547.775,1979-10-01,,,
2412,2017-10-27,3434.088,1975-07-01,1980-04-18,518.3,1980-01-01,,,
2413,2018-07-27,3650.035,1975-07-01,1980-05-20,517.4,1980-01-01,,,
2414,2021-07-29,3657.158,1975-07-01,1980-06-18,517.2,1980-01-01,,,
2415,2023-09-28,3868.889,1975-07-01,1980-12-23,516.8,1980-01-01,,,
2416,1976-01-20,778.2,1975-10-01,1982-07-21,519.2,1980-01-01,,,
2417,1976-02-19,779.4,1975-10-01,1983-07-21,517.6,1980-01-01,,,
2418,1976-07-20,783.9,1975-10-01,1985-12-20,509.1,1980-01-01,,,
2419,1977-07-21,792.8,1975-10-01,1991-12-04,490.5,1980-01-01,,,
2420,1978-07-21,791.1,1975-10-01,1996-01-19,553.4,1980-01-01,,,
2421,1980-12-23,794.2,1975-10-01,1999-10-28,,1980-01-01,,,
2422,1982-07-21,793.3,1975-10-01,1999-10-29,549.8,1980-01-01,,,
2423,1985-12-20,1740.4,1975-10-01,2003-12-10,546.8,1980-01-01,,,
2424,1991-12-04,2137.0,1975-10-01,2009-07-31,546.7,1980-01-01,,,
2425,1996-01-19,2618.7,1975-10-01,2013-07-31,571.2,1980-01-01,,,
2426,1999-10-28,,1975-10-01,2017-10-27,571.245,1980-01-01,,,
2427,1999-10-30,2732.1,1975-10-01,2018-07-27,568.781,1980-01-01,,,
2428,2000-04-03,2764.6,1975-10-01,1980-07-18,527.0,1980-04-01,,,
2429,2003-12-10,2931.4,1975-10-01,1980-08-19,528.3,1980-04-01,,,
2430,2009-07-31,3275.7,1975-10-01,1980-12-23,530.0,1980-04-01,,,
2431,2011-07-29,3274.2,1975-10-01,1982-07-21,536.0,1980-04-01,,,
2432,2013-07-31,3470.5,1975-10-01,1983-07-21,535.5,1980-04-01,,,
2433,2017-10-27,3470.491,1975-10-01,1985-12-20,528.2,1980-04-01,,,
2434,2018-07-27,3689.285,1975-10-01,1991-12-04,504.1,1980-04-01,,,
2435,2021-07-29,3696.485,1975-10-01,1996-01-19,569.5,1980-04-01,,,
2436,2023-09-28,3910.492,1975-10-01,1999-10-28,,1980-04-01,,,
2437,1976-04-19,793.7,1976-01-01,1999-10-29,566.2,1980-04-01,,,
2438,1976-05-20,794.5,1976-01-01,2003-12-10,562.8,1980-04-01,,,
2439,1976-07-20,800.7,1976-01-01,2009-07-31,562.7,1980-04-01,,,
2440,1977-07-21,807.2,1976-01-01,2013-07-31,586.9,1980-04-01,,,
2441,1978-07-21,806.3,1976-01-01,2017-10-27,586.941,1980-04-01,,,
2442,1979-07-20,807.3,1976-01-01,2018-07-27,588.547,1980-04-01,,,
2443,1980-12-23,810.6,1976-01-01,1980-10-17,536.7,1980-07-01,,,
2444,1982-07-21,809.9,1976-01-01,1980-11-19,533.6,1980-07-01,,,
2445,1985-12-20,1777.5,1976-01-01,1980-12-23,533.5,1980-07-01,,,
2446,1991-12-04,2179.3,1976-01-01,1982-07-21,538.5,1980-07-01,,,
2447,1996-01-19,2674.2,1976-01-01,1983-07-21,539.1,1980-07-01,,,
2448,1999-10-28,,1976-01-01,1985-12-20,532.6,1980-07-01,,,
2449,1999-10-30,2787.0,1976-01-01,1991-12-04,507.4,1980-07-01,,,
2450,2000-04-03,2824.7,1976-01-01,1996-01-19,574.5,1980-07-01,,,
2451,2003-12-10,2989.7,1976-01-01,1999-10-28,,1980-07-01,,,
2452,2009-07-31,3341.2,1976-01-01,1999-10-29,571.6,1980-07-01,,,
2453,2011-07-29,3339.6,1976-01-01,2003-12-10,567.6,1980-07-01,,,
2454,2013-07-31,3539.9,1976-01-01,2009-07-31,567.5,1980-07-01,,,
2455,2017-10-27,3539.873,1976-01-01,2013-07-31,591.8,1980-07-01,,,
2456,2018-07-27,3763.048,1976-01-01,2017-10-27,591.82,1980-07-01,,,
2457,2021-07-29,3770.391,1976-01-01,2018-07-27,592.169,1980-07-01,,,
2458,2023-09-28,3988.677,1976-01-01,1981-01-21,558.8,1980-10-01,,,
2459,1976-07-20,808.7,1976-04-01,1981-02-19,558.0,1980-10-01,,,
2460,1976-08-19,808.6,1976-04-01,1981-03-18,558.6,1980-10-01,,,
2461,1977-07-21,815.5,1976-04-01,1982-07-21,559.8,1980-10-01,,,
2462,1978-07-21,814.0,1976-04-01,1983-07-21,559.0,1980-10-01,,,
2463,1979-07-20,814.5,1976-04-01,1985-12-20,551.4,1980-10-01,,,
2464,1980-12-23,817.7,1976-04-01,1991-12-04,526.4,1980-10-01,,,
2465,1982-07-21,817.1,1976-04-01,1996-01-19,593.8,1980-10-01,,,
2466,1985-12-20,1790.4,1976-04-01,1999-10-28,,1980-10-01,,,
2467,1991-12-04,2194.7,1976-04-01,1999-10-29,591.3,1980-10-01,,,
2468,1996-01-19,2697.9,1976-04-01,2003-12-10,587.5,1980-10-01,,,
2469,1999-10-28,,1976-04-01,2013-07-31,613.4,1980-10-01,,,
2470,1999-10-30,2809.8,1976-04-01,2017-10-27,613.38,1980-10-01,,,
2471,2000-04-03,2850.9,1976-04-01,2018-07-27,608.893,1980-10-01,,,
2472,2003-12-10,3016.3,1976-04-01,1981-04-20,574.1,1981-01-01,,,
2473,2009-07-31,3371.8,1976-04-01,1981-05-19,575.5,1981-01-01,,,
2474,2011-07-29,3370.3,1976-04-01,1981-06-18,576.5,1981-01-01,,,
2475,2013-07-31,3572.5,1976-04-01,1982-07-21,578.1,1981-01-01,,,
2476,2014-07-30,3572.4,1976-04-01,1983-07-21,576.3,1981-01-01,,,
2477,2017-10-27,3572.443,1976-04-01,1984-07-23,576.6,1981-01-01,,,
2478,2018-07-27,3797.67,1976-04-01,1985-12-20,570.1,1981-01-01,,,
2479,2021-07-29,3805.081,1976-04-01,1991-12-04,545.4,1981-01-01,,,
2480,2023-09-28,4025.375,1976-04-01,1996-01-19,616.9,1981-01-01,,,
2481,1976-10-19,816.4,1976-07-01,1999-10-28,,1981-01-01,,,
2482,1976-11-18,815.7,1976-07-01,1999-10-29,614.1,1981-01-01,,,
2483,1977-07-21,822.7,1976-07-01,2003-12-10,610.1,1981-01-01,,,
2484,1978-07-21,820.9,1976-07-01,2013-07-31,636.0,1981-01-01,,,
2485,1979-07-20,824.0,1976-07-01,2017-10-27,635.961,1981-01-01,,,
2486,1980-12-23,827.1,1976-07-01,2018-07-27,633.35,1981-01-01,,,
2487,1982-07-21,826.5,1976-07-01,1981-07-22,577.6,1981-04-01,,,
2488,1985-12-20,1809.9,1976-07-01,1981-08-19,577.1,1981-04-01,,,
2489,1991-12-04,2213.0,1976-07-01,1981-09-18,577.4,1981-04-01,,,
2490,1996-01-19,2724.4,1976-07-01,1982-07-21,583.2,1981-04-01,,,
2491,1999-10-28,,1976-07-01,1983-07-21,583.5,1981-04-01,,,
2492,1999-10-30,2836.1,1976-07-01,1984-07-23,585.3,1981-04-01,,,
2493,2000-04-03,2880.3,1976-07-01,1985-12-20,577.0,1981-04-01,,,
2494,2003-12-10,3047.9,1976-07-01,1991-12-04,556.8,1981-04-01,,,
2495,2009-07-31,3407.5,1976-07-01,1996-01-19,628.5,1981-04-01,,,
2496,2011-07-29,3405.9,1976-07-01,1999-10-28,,1981-04-01,,,
2497,2013-07-31,3610.4,1976-07-01,1999-10-29,626.5,1981-04-01,,,
2498,2014-07-30,3610.3,1976-07-01,2003-12-10,622.5,1981-04-01,,,
2499,2017-10-27,3610.329,1976-07-01,2009-07-31,622.4,1981-04-01,,,
2500,2018-07-27,3837.654,1976-07-01,2013-07-31,649.0,1981-04-01,,,
2501,2021-07-29,3845.144,1976-07-01,2017-10-27,648.997,1981-04-01,,,
2502,2023-09-28,4067.757,1976-07-01,2018-07-27,648.673,1981-04-01,,,
2503,1977-01-18,826.6,1976-10-01,1981-10-20,590.5,1981-07-01,,,
2504,1977-02-18,829.7,1976-10-01,1981-11-19,588.3,1981-07-01,,,
2505,1977-07-21,839.8,1976-10-01,1981-12-18,588.9,1981-07-01,,,
2506,1978-07-21,836.2,1976-10-01,1982-07-21,600.2,1981-07-01,,,
2507,1979-07-20,836.4,1976-10-01,1983-07-21,600.3,1981-07-01,,,
2508,1980-12-23,839.4,1976-10-01,1984-07-23,601.3,1981-07-01,,,
2509,1982-07-21,838.9,1976-10-01,1985-12-20,591.9,1981-07-01,,,
2510,1985-12-20,1837.8,1976-10-01,1991-12-04,562.2,1981-07-01,,,
2511,1991-12-04,2242.0,1976-10-01,1996-01-19,634.4,1981-07-01,,,
2512,1996-01-19,2760.8,1976-10-01,1999-10-28,,1981-07-01,,,
2513,1999-10-28,,1976-10-01,1999-10-29,632.5,1981-07-01,,,
2514,1999-10-30,2872.9,1976-10-01,2003-12-10,628.4,1981-07-01,,,
2515,2000-04-03,2919.6,1976-10-01,2013-07-31,655.2,1981-07-01,,,
2516,2003-12-10,3088.0,1976-10-01,2017-10-27,655.223,1981-07-01,,,
2517,2009-07-31,3451.8,1976-10-01,2018-07-27,657.774,1981-07-01,,,
2518,2011-07-29,3450.3,1976-10-01,1982-01-20,615.7,1981-10-01,,,
2519,2013-07-31,3657.5,1976-10-01,1982-02-22,622.2,1981-10-01,,,
2520,2017-10-27,3657.456,1976-10-01,1982-03-19,622.0,1981-10-01,,,
2521,2018-07-27,3887.447,1976-10-01,1982-07-21,626.3,1981-10-01,,,
2522,2021-07-29,3895.034,1976-10-01,1983-07-21,622.8,1981-10-01,,,
2523,2023-09-28,4120.536,1976-10-01,1984-07-23,622.7,1981-10-01,,,
2524,1977-04-20,842.2,1977-01-01,1985-12-20,613.3,1981-10-01,,,
2525,1977-05-19,843.8,1977-01-01,1991-12-04,579.9,1981-10-01,,,
2526,1977-07-21,850.4,1977-01-01,1996-01-19,653.7,1981-10-01,,,
2527,1978-07-21,846.6,1977-01-01,1999-10-28,,1981-10-01,,,
2528,1979-07-20,849.2,1977-01-01,1999-10-29,652.3,1981-10-01,,,
2529,1980-12-23,851.9,1977-01-01,2003-12-10,649.0,1981-10-01,,,
2530,1982-07-21,851.7,1977-01-01,2013-07-31,678.8,1981-10-01,,,
2531,1985-12-20,1863.7,1977-01-01,2017-10-27,678.755,1981-10-01,,,
2532,1991-12-04,2271.3,1977-01-01,2018-07-27,677.727,1981-10-01,,,
2533,1996-01-19,2794.3,1977-01-01,1982-04-21,628.0,1982-01-01,,,
2534,1999-10-28,,1977-01-01,1982-05-19,626.5,1982-01-01,,,
2535,1999-10-30,2907.0,1977-01-01,1982-06-21,626.4,1982-01-01,,,
2536,2000-04-03,2954.7,1977-01-01,1982-07-21,630.1,1982-01-01,,,
2537,2003-12-10,3124.6,1977-01-01,1983-07-21,629.8,1982-01-01,,,
2538,2009-07-31,3491.3,1977-01-01,1984-07-23,630.9,1982-01-01,,,
2539,2011-07-29,3489.7,1977-01-01,1985-12-20,622.1,1982-01-01,,,
2540,2013-07-31,3699.4,1977-01-01,1991-12-04,587.1,1982-01-01,,,
2541,2014-07-30,3699.3,1977-01-01,1996-01-19,663.4,1982-01-01,,,
2542,2017-10-27,3699.293,1977-01-01,1999-10-28,,1982-01-01,,,
2543,2018-07-27,3933.268,1977-01-01,1999-10-29,662.7,1982-01-01,,,
2544,2021-07-29,3940.944,1977-01-01,2003-12-10,658.6,1982-01-01,,,
2545,2023-09-28,4169.104,1977-01-01,2009-07-31,658.5,1982-01-01,,,
2546,1977-07-21,854.6,1977-04-01,2013-07-31,687.4,1982-01-01,,,
2547,1977-08-19,854.1,1977-04-01,2017-10-27,687.373,1982-01-01,,,
2548,1978-07-21,849.5,1977-04-01,2018-07-27,688.104,1982-01-01,,,
2549,1979-07-20,853.1,1977-04-01,1982-07-21,631.9,1982-04-01,,,
2550,1980-12-23,856.0,1977-04-01,1982-08-19,630.6,1982-04-01,,,
2551,1982-07-21,858.0,1977-04-01,1982-09-21,630.9,1982-04-01,,,
2552,1985-12-20,1869.0,1977-04-01,1983-07-21,631.6,1982-04-01,,,
2553,1991-12-04,2280.8,1977-04-01,1984-07-23,633.7,1982-04-01,,,
2554,1996-01-19,2810.3,1977-04-01,1985-12-20,625.7,1982-04-01,,,
2555,1999-10-28,,1977-04-01,1991-12-04,599.8,1982-04-01,,,
2556,1999-10-30,2922.2,1977-04-01,1996-01-19,676.3,1982-04-01,,,
2557,2000-04-03,2970.5,1977-04-01,1999-10-28,,1982-04-01,,,
2558,2003-12-10,3141.5,1977-04-01,1999-10-29,675.8,1982-04-01,,,
2559,2009-07-31,3510.6,1977-04-01,2003-12-10,671.9,1982-04-01,,,
2560,2011-07-29,3509.0,1977-04-01,2013-07-31,701.0,1982-04-01,,,
2561,2013-07-31,3719.8,1977-04-01,2017-10-27,700.953,1982-04-01,,,
2562,2014-07-30,3719.7,1977-04-01,2018-07-27,703.093,1982-04-01,,,
2563,2017-10-27,3719.733,1977-04-01,1982-10-20,650.2,1982-07-01,,,
2564,2018-07-27,3954.596,1977-04-01,1982-11-19,649.2,1982-07-01,,,
2565,2021-07-29,3962.314,1977-04-01,1982-12-21,651.7,1982-07-01,,,
2566,2023-09-28,4191.711,1977-04-01,1983-07-21,655.7,1982-07-01,,,
2567,1977-10-19,858.0,1977-07-01,1984-07-23,656.3,1982-07-01,,,
2568,1977-11-17,858.7,1977-07-01,1985-12-20,647.1,1982-07-01,,,
2569,1977-12-20,860.4,1977-07-01,1991-12-04,612.0,1982-07-01,,,
2570,1978-07-21,858.0,1977-07-01,1996-01-19,689.1,1982-07-01,,,
2571,1979-07-20,863.7,1977-07-01,1999-10-28,,1982-07-01,,,
2572,1980-12-23,866.4,1977-07-01,1999-10-29,688.9,1982-07-01,,,
2573,1982-07-21,867.3,1977-07-01,2003-12-10,684.7,1982-07-01,,,
2574,1985-12-20,1888.0,1977-07-01,2013-07-31,714.5,1982-07-01,,,
2575,1991-12-04,2302.6,1977-07-01,2017-10-27,714.535,1982-07-01,,,
2576,1996-01-19,2836.9,1977-07-01,2018-07-27,717.344,1982-07-01,,,
2577,1999-10-28,,1977-07-01,1983-01-19,675.7,1982-10-01,,,
2578,1999-10-30,2950.7,1977-07-01,1983-02-22,676.7,1982-10-01,,,
2579,2000-04-03,2999.1,1977-07-01,1983-03-21,676.8,1982-10-01,,,
2580,2003-12-10,3171.4,1977-07-01,1983-07-21,679.7,1982-10-01,,,
2581,2009-07-31,3544.1,1977-07-01,1984-07-23,681.0,1982-10-01,,,
2582,2011-07-29,3542.5,1977-07-01,1985-12-20,671.8,1982-10-01,,,
2583,2013-07-31,3755.2,1977-07-01,1991-12-04,631.6,1982-10-01,,,
2584,2017-10-27,3755.186,1977-07-01,1996-01-19,710.3,1982-10-01,,,
2585,2018-07-27,3991.989,1977-07-01,1999-10-28,,1982-10-01,,,
2586,2021-07-29,3999.779,1977-07-01,1999-10-29,710.1,1982-10-01,,,
2587,2023-09-28,4231.345,1977-07-01,2003-12-10,706.8,1982-10-01,,,
2588,1978-01-19,876.4,1977-10-01,2009-07-31,706.7,1982-10-01,,,
2589,1978-02-21,879.9,1977-10-01,2013-07-31,737.2,1982-10-01,,,
2590,1978-03-20,879.8,1977-10-01,2017-10-27,737.222,1982-10-01,,,
2591,1978-07-21,876.6,1977-10-01,2018-07-27,737.351,1982-10-01,,,
2592,1979-07-20,880.9,1977-10-01,1983-04-20,675.5,1983-01-01,,,
2593,1980-12-23,881.3,1977-10-01,1983-05-19,676.4,1983-01-01,,,
2594,1982-07-21,880.4,1977-10-01,1983-06-21,676.3,1983-01-01,,,
2595,1985-12-20,1914.2,1977-10-01,1983-07-21,677.4,1983-01-01,,,
2596,1991-12-04,2331.6,1977-10-01,1984-07-23,678.8,1983-01-01,,,
2597,1996-01-19,2877.6,1977-10-01,1985-12-20,669.3,1983-01-01,,,
2598,1999-10-28,,1977-10-01,1986-07-22,668.1,1983-01-01,,,
2599,1999-10-30,2996.0,1977-10-01,1991-12-04,637.5,1983-01-01,,,
2600,2000-04-03,3044.0,1977-10-01,1996-01-19,719.4,1983-01-01,,,
2601,2003-12-10,3219.1,1977-10-01,1999-10-28,,1983-01-01,,,
2602,2009-07-31,3597.5,1977-10-01,1999-10-29,719.1,1983-01-01,,,
2603,2011-07-29,3595.9,1977-10-01,2003-12-10,716.7,1983-01-01,,,
2604,2013-07-31,3811.8,1977-10-01,2013-07-31,748.8,1983-01-01,,,
2605,2017-10-27,3811.769,1977-10-01,2017-10-27,748.789,1983-01-01,,,
2606,2018-07-27,4052.01,1977-10-01,2018-07-27,747.852,1983-01-01,,,
2607,2021-07-29,4059.918,1977-10-01,1983-07-21,683.3,1983-04-01,,,
2608,2023-09-28,4294.965,1977-10-01,1983-08-19,682.1,1983-04-01,,,
2609,1978-04-19,879.2,1978-01-01,1983-09-21,683.4,1983-04-01,,,
2610,1978-05-18,877.5,1978-01-01,1984-07-23,682.2,1983-04-01,,,
2611,1978-06-20,877.9,1978-01-01,1985-12-20,673.8,1983-04-01,,,
2612,1978-07-21,873.5,1978-01-01,1986-07-22,675.2,1983-04-01,,,
2613,1979-07-20,882.7,1978-01-01,1991-12-04,647.7,1983-04-01,,,
2614,1980-12-23,884.1,1978-01-01,1996-01-19,731.5,1983-04-01,,,
2615,1982-07-21,883.8,1978-01-01,1999-10-28,,1983-04-01,,,
2616,1985-12-20,1923.0,1978-01-01,1999-10-29,731.3,1983-04-01,,,
2617,1991-12-04,2347.1,1978-01-01,2003-12-10,729.1,1983-04-01,,,
2618,1996-01-19,2893.1,1978-01-01,2013-07-31,761.0,1983-04-01,,,
2619,1999-10-28,,1978-01-01,2017-10-27,760.99,1983-04-01,,,
2620,1999-10-30,3015.3,1978-01-01,2018-07-27,761.061,1983-04-01,,,
2621,2000-04-03,3060.8,1978-01-01,1983-10-20,701.8,1983-07-01,,,
2622,2003-12-10,3237.3,1978-01-01,1983-11-22,699.4,1983-07-01,,,
2623,2009-07-31,3618.5,1978-01-01,1983-12-21,698.3,1983-07-01,,,
2624,2011-07-29,3616.9,1978-01-01,1984-07-23,689.8,1983-07-01,,,
2625,2013-07-31,3833.9,1978-01-01,1985-12-20,681.1,1983-07-01,,,
2626,2014-07-30,3833.8,1978-01-01,1986-07-22,680.7,1983-07-01,,,
2627,2017-10-27,3833.825,1978-01-01,1991-12-04,666.3,1983-07-01,,,
2628,2018-07-27,4074.774,1978-01-01,1996-01-19,750.0,1983-07-01,,,
2629,2021-07-29,4082.726,1978-01-01,1999-10-28,,1983-07-01,,,
2630,2023-09-28,4319.094,1978-01-01,1999-10-29,750.7,1983-07-01,,,
2631,1978-07-21,886.5,1978-04-01,2003-12-10,748.2,1983-07-01,,,
2632,1978-08-18,887.3,1978-04-01,2009-07-31,748.1,1983-07-01,,,
2633,1978-09-20,886.3,1978-04-01,2013-07-31,780.9,1983-07-01,,,
2634,1979-07-20,894.8,1978-04-01,2017-10-27,780.884,1983-07-01,,,
2635,1980-12-23,900.6,1978-04-01,2018-07-27,782.216,1983-07-01,,,
2636,1982-07-21,901.1,1978-04-01,1984-01-20,701.7,1983-10-01,,,
2637,1985-12-20,1960.8,1978-04-01,1984-02-17,700.9,1983-10-01,,,
2638,1991-12-04,2394.0,1978-04-01,1984-03-20,699.0,1983-10-01,,,
2639,1996-01-19,2954.6,1978-04-01,1984-07-23,691.4,1983-10-01,,,
2640,1999-10-28,,1978-04-01,1985-12-20,678.6,1983-10-01,,,
2641,1999-10-30,3082.8,1978-04-01,1986-07-22,676.1,1983-10-01,,,
2642,2000-04-03,3127.0,1978-04-01,1991-12-04,657.6,1983-10-01,,,
2643,2003-12-10,3306.4,1978-04-01,1996-01-19,741.9,1983-10-01,,,
2644,2009-07-31,3695.9,1978-04-01,1999-10-28,,1983-10-01,,,
2645,2011-07-29,3694.2,1978-04-01,1999-10-29,742.7,1983-10-01,,,
2646,2013-07-31,3915.7,1978-04-01,2003-12-10,739.8,1983-10-01,,,
2647,2014-07-30,3915.6,1978-04-01,2009-07-31,739.7,1983-10-01,,,
2648,2017-10-27,3915.624,1978-04-01,2013-07-31,772.3,1983-10-01,,,
2649,2018-07-27,4161.887,1978-04-01,2017-10-27,772.311,1983-10-01,,,
2650,2021-07-29,4170.01,1978-04-01,2018-07-27,775.099,1983-10-01,,,
2651,2023-09-28,4411.431,1978-04-01,1984-04-19,710.6,1984-01-01,,,
2652,1978-10-20,893.7,1978-07-01,1984-05-18,707.5,1984-01-01,,,
2653,1978-11-21,895.5,1978-07-01,1984-06-20,707.6,1984-01-01,,,
2654,1978-12-20,895.1,1978-07-01,1984-07-23,704.4,1984-01-01,,,
2655,1979-07-20,905.3,1978-07-01,1985-12-20,696.5,1984-01-01,,,
2656,1980-12-23,911.2,1978-07-01,1986-07-22,693.2,1984-01-01,,,
2657,1982-07-21,908.6,1978-07-01,1987-07-24,696.5,1984-01-01,,,
2658,1985-12-20,1970.3,1978-07-01,1991-12-04,676.3,1984-01-01,,,
2659,1991-12-04,2404.5,1978-07-01,1996-01-19,767.4,1984-01-01,,,
2660,1996-01-19,2968.2,1978-07-01,1999-10-28,,1984-01-01,,,
2661,1999-10-28,,1978-07-01,1999-10-29,771.2,1984-01-01,,,
2662,1999-10-30,3100.9,1978-07-01,2003-12-10,767.4,1984-01-01,,,
2663,2000-04-03,3143.1,1978-07-01,2009-07-31,767.2,1984-01-01,,,
2664,2003-12-10,3320.8,1978-07-01,2013-07-31,794.2,1984-01-01,,,
2665,2009-07-31,3711.4,1978-07-01,2017-10-27,794.152,1984-01-01,,,
2666,2011-07-29,3709.7,1978-07-01,2018-07-27,794.021,1984-01-01,,,
2667,2013-07-31,3932.1,1978-07-01,1984-07-23,746.1,1984-04-01,,,
2668,2014-07-30,3932.0,1978-07-01,1984-08-20,746.8,1984-04-01,,,
2669,2017-10-27,3932.01,1978-07-01,1984-09-20,743.7,1984-04-01,,,
2670,2018-07-27,4179.363,1978-07-01,1985-12-20,735.1,1984-04-01,,,
2671,2021-07-29,4187.52,1978-07-01,1986-07-22,733.3,1984-04-01,,,
2672,2023-09-28,4429.955,1978-07-01,1987-07-24,735.8,1984-04-01,,,
2673,1979-01-18,910.0,1978-10-01,1991-12-04,695.4,1984-04-01,,,
2674,1979-02-22,912.6,1978-10-01,1996-01-19,791.4,1984-04-01,,,
2675,1979-03-20,911.8,1978-10-01,1999-10-28,,1984-04-01,,,
2676,1979-07-20,920.3,1978-10-01,1999-10-29,795.5,1984-04-01,,,
2677,1980-12-23,923.4,1978-10-01,2003-12-10,791.5,1984-04-01,,,
2678,1982-07-21,919.2,1978-10-01,2009-07-31,791.4,1984-04-01,,,
2679,1985-12-20,1989.7,1978-10-01,2013-07-31,819.2,1984-04-01,,,
2680,1991-12-04,2421.6,1978-10-01,2017-10-27,819.179,1984-04-01,,,
2681,1996-01-19,2990.6,1978-10-01,2018-07-27,819.132,1984-04-01,,,
2682,1999-10-28,,1978-10-01,1984-10-19,766.9,1984-07-01,,,
2683,1999-10-30,3127.5,1978-10-01,1984-11-20,762.0,1984-07-01,,,
2684,2000-04-03,3167.8,1978-10-01,1984-12-19,761.0,1984-07-01,,,
2685,2003-12-10,3347.8,1978-10-01,1985-12-20,747.3,1984-07-01,,,
2686,2009-07-31,3741.3,1978-10-01,1986-07-22,743.8,1984-07-01,,,
2687,2011-07-29,3739.6,1978-10-01,1987-07-24,746.6,1984-07-01,,,
2688,2013-07-31,3963.6,1978-10-01,1991-12-04,704.4,1984-07-01,,,
2689,2014-07-30,3963.5,1978-10-01,1996-01-19,803.1,1984-07-01,,,
2690,2017-10-27,3963.521,1978-10-01,1999-10-28,,1984-07-01,,,
2691,2018-07-27,4213.088,1978-10-01,1999-10-29,807.5,1984-07-01,,,
2692,2021-07-29,4221.31,1978-10-01,2003-12-10,803.6,1984-07-01,,,
2693,2023-09-28,4465.702,1978-10-01,2013-07-31,832.7,1984-07-01,,,
2694,1979-04-19,915.7,1979-01-01,2017-10-27,832.661,1984-07-01,,,
2695,1979-05-18,912.4,1979-01-01,2018-07-27,835.72,1984-07-01,,,
2696,1979-06-20,913.5,1979-01-01,1985-01-22,782.7,1984-10-01,,,
2697,1979-07-20,921.8,1979-01-01,1985-02-21,781.7,1984-10-01,,,
2698,1980-12-23,925.5,1979-01-01,1985-03-21,780.5,1984-10-01,,,
2699,1982-07-21,921.2,1979-01-01,1985-12-20,768.4,1984-10-01,,,
2700,1985-12-20,1997.5,1979-01-01,1986-07-22,763.4,1984-10-01,,,
2701,1991-12-04,2437.9,1979-01-01,1987-07-24,764.5,1984-10-01,,,
2702,1996-01-19,3008.1,1979-01-01,1991-12-04,727.0,1984-10-01,,,
2703,1999-10-28,,1979-01-01,1996-01-19,824.5,1984-10-01,,,
2704,1999-10-30,3149.5,1979-01-01,1999-10-28,,1984-10-01,,,
2705,2000-04-03,3188.6,1979-01-01,1999-10-29,829.0,1984-10-01,,,
2706,2003-12-10,3365.3,1979-01-01,2003-12-10,825.5,1984-10-01,,,
2707,2009-07-31,3760.2,1979-01-01,2013-07-31,854.7,1984-10-01,,,
2708,2011-07-29,3758.5,1979-01-01,2017-10-27,854.684,1984-10-01,,,
2709,2013-07-31,3983.7,1979-01-01,2018-07-27,862.769,1984-10-01,,,
2710,2014-07-30,3983.6,1979-01-01,1985-04-18,792.6,1985-01-01,,,
2711,2018-07-27,4234.909,1979-01-01,1985-05-21,789.0,1985-01-01,,,
2712,2021-07-29,4243.173,1979-01-01,1985-06-20,791.9,1985-01-01,,,
2713,2023-09-28,4488.83,1979-01-01,1985-12-20,777.2,1985-01-01,,,
2714,1979-07-20,913.5,1979-04-01,1986-07-22,777.3,1985-01-01,,,
2715,1979-08-17,914.8,1979-04-01,1987-07-24,784.1,1985-01-01,,,
2716,1979-09-19,915.0,1979-04-01,1988-07-27,784.4,1985-01-01,,,
2717,1980-12-23,922.8,1979-04-01,1991-12-04,742.2,1985-01-01,,,
2718,1982-07-21,919.5,1979-04-01,1996-01-19,843.1,1985-01-01,,,
2719,1985-12-20,1994.1,1979-04-01,1999-10-28,,1985-01-01,,,
2720,1991-12-04,2435.4,1979-04-01,1999-10-29,847.1,1985-01-01,,,
2721,1996-01-19,3003.5,1979-04-01,2003-12-10,845.7,1985-01-01,,,
2722,1999-10-28,,1979-04-01,2009-07-31,845.6,1985-01-01,,,
2723,1999-10-30,3147.8,1979-04-01,2013-07-31,874.5,1985-01-01,,,
2724,2000-04-03,3184.3,1979-04-01,2017-10-27,874.546,1985-01-01,,,
2725,2003-12-10,3364.0,1979-04-01,2018-07-27,875.592,1985-01-01,,,
2726,2009-07-31,3758.0,1979-04-01,1985-07-18,809.8,1985-04-01,,,
2727,2011-07-29,3756.3,1979-04-01,1985-08-20,810.1,1985-04-01,,,
2728,2013-07-31,3981.3,1979-04-01,1985-09-20,810.9,1985-04-01,,,
2729,2017-10-27,3981.26,1979-04-01,1985-12-20,794.8,1985-04-01,,,
2730,2018-07-27,4232.159,1979-04-01,1986-07-22,799.0,1985-04-01,,,
2731,2021-07-29,4240.419,1979-04-01,1987-07-24,800.5,1985-04-01,,,
2732,2023-09-28,4485.916,1979-04-01,1988-07-27,801.7,1985-04-01,,,
2733,1979-10-16,924.8,1979-07-01,1991-12-04,762.4,1985-04-01,,,
2734,1979-11-20,925.9,1979-07-01,1996-01-19,864.8,1985-04-01,,,
2735,1980-12-23,933.4,1979-07-01,1999-10-28,,1985-04-01,,,
2736,1982-07-21,930.9,1979-07-01,1999-10-29,868.4,1985-04-01,,,
2737,1985-12-20,2007.9,1979-07-01,2003-12-10,868.5,1985-04-01,,,
2738,1991-12-04,2454.7,1979-07-01,2009-07-31,868.4,1985-04-01,,,
2739,1996-01-19,3028.7,1979-07-01,2013-07-31,898.5,1985-04-01,,,
2740,1999-10-28,,1979-07-01,2017-10-27,898.501,1985-04-01,,,
2741,1999-10-30,3179.9,1979-07-01,2018-07-27,900.527,1985-04-01,,,
2742,2000-04-03,3213.9,1979-07-01,1985-10-17,845.9,1985-07-01,,,
2743,2003-12-10,3397.3,1979-07-01,1985-11-20,849.5,1985-07-01,,,
2744,2009-07-31,3794.9,1979-07-01,1985-12-20,832.5,1985-07-01,,,
2745,2011-07-29,3793.2,1979-07-01,1986-07-22,829.7,1985-07-01,,,
2746,2013-07-31,4020.5,1979-07-01,1987-07-24,832.8,1985-07-01,,,
2747,2014-07-30,4020.4,1979-07-01,1988-07-27,840.2,1985-07-01,,,
2748,2017-10-27,4020.445,1979-07-01,1991-12-04,785.6,1985-07-01,,,
2749,2018-07-27,4273.342,1979-07-01,1996-01-19,890.0,1985-07-01,,,
2750,2021-07-29,4281.682,1979-07-01,1999-10-28,,1985-07-01,,,
2751,2023-09-28,4529.568,1979-07-01,1999-10-29,892.5,1985-07-01,,,
2752,1980-01-18,935.2,1979-10-01,2003-12-10,894.0,1985-07-01,,,
2753,1980-02-22,935.9,1979-10-01,2009-07-31,893.9,1985-07-01,,,
2754,1980-03-19,935.4,1979-10-01,2013-07-31,924.6,1985-07-01,,,
2755,1980-12-23,941.6,1979-10-01,2017-10-27,924.56,1985-07-01,,,
2756,1982-07-21,938.6,1979-10-01,2018-07-27,927.363,1985-07-01,,,
2757,1985-12-20,2018.0,1979-10-01,1986-01-22,853.7,1985-10-01,,,
2758,1991-12-04,2465.4,1979-10-01,1986-02-20,856.5,1985-10-01,,,
2759,1996-01-19,3040.2,1979-10-01,1986-03-19,857.2,1985-10-01,,,
2760,1999-10-28,,1979-10-01,1986-07-22,855.6,1985-10-01,,,
2761,1999-10-30,3194.7,1979-10-01,1987-07-24,857.0,1985-10-01,,,
2762,2000-04-03,3225.7,1979-10-01,1988-07-27,856.7,1985-10-01,,,
2763,2003-12-10,3407.1,1979-10-01,1991-12-04,799.2,1985-10-01,,,
2764,2009-07-31,3805.0,1979-10-01,1996-01-19,902.1,1985-10-01,,,
2765,2011-07-29,3803.3,1979-10-01,1999-10-28,,1985-10-01,,,
2766,2013-07-31,4031.3,1979-10-01,1999-10-29,905.1,1985-10-01,,,
2767,2014-07-30,4031.2,1979-10-01,2003-12-10,907.8,1985-10-01,,,
2768,2017-10-27,4031.201,1979-10-01,2009-07-31,907.7,1985-10-01,,,
2769,2018-07-27,4283.975,1979-10-01,2013-07-31,936.1,1985-10-01,,,
2770,2021-07-29,4292.335,1979-10-01,2017-10-27,936.113,1985-10-01,,,
2771,2023-09-28,4540.839,1979-10-01,2018-07-27,938.584,1985-10-01,,,
2772,1980-04-18,939.0,1980-01-01,1986-04-17,833.1,1986-01-01,,,
2773,1980-05-20,936.0,1980-01-01,1986-05-20,836.6,1986-01-01,,,
2774,1980-06-18,936.5,1980-01-01,1986-06-18,836.2,1986-01-01,,,
2775,1980-12-23,943.4,1980-01-01,1986-07-22,836.7,1986-01-01,,,
2776,1982-07-21,937.0,1980-01-01,1987-07-24,846.9,1986-01-01,,,
2777,1983-07-21,938.3,1980-01-01,1988-07-27,847.8,1986-01-01,,,
2778,1985-12-20,2015.4,1980-01-01,1989-07-27,850.3,1986-01-01,,,
2779,1991-12-04,2464.6,1980-01-01,1991-12-04,805.9,1986-01-01,,,
2780,1996-01-19,3037.2,1980-01-01,1996-01-19,909.7,1986-01-01,,,
2781,1999-10-28,,1980-01-01,1999-10-28,,1986-01-01,,,
2782,1999-10-30,3195.8,1980-01-01,1999-10-29,913.2,1986-01-01,,,
2783,2000-04-03,3222.4,1980-01-01,2003-12-10,919.2,1986-01-01,,,
2784,2003-12-10,3401.7,1980-01-01,2009-07-31,918.8,1986-01-01,,,
2785,2009-07-31,3798.4,1980-01-01,2013-07-31,944.2,1986-01-01,,,
2786,2011-07-29,3796.7,1980-01-01,2017-10-27,944.172,1986-01-01,,,
2787,2013-07-31,4025.1,1980-01-01,2018-07-27,946.803,1986-01-01,,,
2788,2014-07-30,4025.0,1980-01-01,1986-07-22,857.2,1986-04-01,,,
2789,2017-10-27,4025.022,1980-01-01,1986-08-19,860.0,1986-04-01,,,
2790,2018-07-27,4277.851,1980-01-01,1986-09-18,860.8,1986-04-01,,,
2791,2021-07-29,4286.2,1980-01-01,1987-07-24,867.2,1986-04-01,,,
2792,2023-09-28,4534.348,1980-01-01,1988-07-27,868.8,1986-04-01,,,
2793,1980-07-18,913.6,1980-04-01,1989-07-27,869.3,1986-04-01,,,
2794,1980-08-19,912.6,1980-04-01,1991-12-04,825.3,1986-04-01,,,
2795,1980-09-19,910.8,1980-04-01,1996-01-19,929.1,1986-04-01,,,
2796,1980-12-23,919.3,1980-04-01,1999-10-28,,1986-04-01,,,
2797,1982-07-21,915.8,1980-04-01,1999-10-29,933.2,1986-04-01,,,
2798,1983-07-21,919.6,1980-04-01,2003-12-10,940.7,1986-04-01,,,
2799,1985-12-20,1974.1,1980-04-01,2009-07-31,940.9,1986-04-01,,,
2800,1991-12-04,2414.2,1980-04-01,2013-07-31,965.8,1986-04-01,,,
2801,1996-01-19,2968.8,1980-04-01,2017-10-27,965.843,1986-04-01,,,
2802,1999-10-28,,1980-04-01,2018-07-27,967.519,1986-04-01,,,
2803,1999-10-30,3125.4,1980-04-01,1986-10-22,870.4,1986-07-01,,,
2804,2000-04-03,3149.2,1980-04-01,1986-11-19,878.5,1986-07-01,,,
2805,2003-12-10,3325.8,1980-04-01,1986-12-17,874.0,1986-07-01,,,
2806,2009-07-31,3712.2,1980-04-01,1987-07-24,878.5,1986-07-01,,,
2807,2011-07-29,3710.5,1980-04-01,1988-07-27,881.8,1986-07-01,,,
2808,2013-07-31,3934.5,1980-04-01,1989-07-27,880.3,1986-07-01,,,
2809,2017-10-27,3934.457,1980-04-01,1991-12-04,851.2,1986-07-01,,,
2810,2018-07-27,4181.51,1980-04-01,1996-01-19,955.7,1986-07-01,,,
2811,2021-07-29,4189.671,1980-04-01,1999-10-28,,1986-07-01,,,
2812,2023-09-28,4432.231,1980-04-01,1999-10-29,959.7,1986-07-01,,,
2813,1980-10-17,922.4,1980-07-01,2003-12-10,967.4,1986-07-01,,,
2814,1980-11-19,921.9,1980-07-01,2013-07-31,993.0,1986-07-01,,,
2815,1980-12-23,930.8,1980-07-01,2017-10-27,993.022,1986-07-01,,,
2816,1982-07-21,928.0,1980-07-01,2018-07-27,993.597,1986-07-01,,,
2817,1983-07-21,929.4,1980-07-01,1987-01-22,889.7,1986-10-01,,,
2818,1985-12-20,1996.3,1980-07-01,1987-02-19,886.5,1986-10-01,,,
2819,1991-12-04,2440.3,1980-07-01,1987-03-18,885.3,1986-10-01,,,
2820,1996-01-19,2998.5,1980-07-01,1987-07-24,886.3,1986-10-01,,,
2821,1999-10-28,,1980-07-01,1988-07-27,886.5,1986-10-01,,,
2822,1999-10-30,3158.8,1980-07-01,1989-07-27,888.9,1986-10-01,,,
2823,2000-04-03,3181.2,1980-07-01,1991-12-04,849.7,1986-10-01,,,
2824,2003-12-10,3362.0,1980-07-01,1996-01-19,959.5,1986-10-01,,,
2825,2009-07-31,3752.0,1980-07-01,1999-10-28,,1986-10-01,,,
2826,2011-07-29,3750.3,1980-07-01,1999-10-29,963.2,1986-10-01,,,
2827,2013-07-31,3976.9,1980-07-01,2003-12-10,970.0,1986-10-01,,,
2828,2017-10-27,3976.886,1980-07-01,2009-07-31,970.2,1986-10-01,,,
2829,2018-07-27,4227.379,1980-07-01,2013-07-31,994.8,1986-10-01,,,
2830,2021-07-29,4235.629,1980-07-01,2017-10-27,994.829,1986-10-01,,,
2831,2023-09-28,4480.849,1980-07-01,2018-07-27,996.385,1986-10-01,,,
2832,1981-01-21,943.0,1980-10-01,1987-04-23,892.1,1987-01-01,,,
2833,1981-02-19,946.0,1980-10-01,1987-05-22,891.4,1987-01-01,,,
2834,1981-03-18,946.8,1980-10-01,1987-06-17,887.6,1987-01-01,,,
2835,1982-07-21,941.0,1980-10-01,1987-07-24,896.2,1987-01-01,,,
2836,1983-07-21,940.0,1980-10-01,1988-07-27,903.8,1987-01-01,,,
2837,1985-12-20,2015.6,1980-10-01,1989-07-27,906.9,1987-01-01,,,
2838,1991-12-04,2469.2,1980-10-01,1990-07-27,904.5,1987-01-01,,,
2839,1996-01-19,3034.2,1980-10-01,1991-12-04,860.6,1987-01-01,,,
2840,1999-10-28,,1980-10-01,1996-01-19,973.2,1987-01-01,,,
2841,1999-10-30,3197.6,1980-10-01,1999-10-28,,1987-01-01,,,
2842,2000-04-03,3219.4,1980-10-01,1999-10-29,977.6,1987-01-01,,,
2843,2003-12-10,3406.8,1980-10-01,2003-12-10,982.1,1987-01-01,,,
2844,2009-07-31,3802.0,1980-10-01,2009-07-31,982.4,1987-01-01,,,
2845,2011-07-29,3800.3,1980-10-01,2013-07-31,1008.0,1987-01-01,,,
2846,2013-07-31,4029.7,1980-10-01,2017-10-27,1008.016,1987-01-01,,,
2847,2014-07-30,4029.6,1980-10-01,2018-07-27,1008.681,1987-01-01,,,
2848,2017-10-27,4029.603,1980-10-01,1987-07-24,911.2,1987-04-01,,,
2849,2018-07-27,4284.494,1980-10-01,1987-08-21,918.2,1987-04-01,,,
2850,2021-07-29,4292.856,1980-10-01,1987-09-18,917.1,1987-04-01,,,
2851,2023-09-28,4541.39,1980-10-01,1988-07-27,915.7,1987-04-01,,,
2852,1981-04-20,957.8,1981-01-01,1989-07-27,916.8,1987-04-01,,,
2853,1981-05-19,958.3,1981-01-01,1990-07-27,910.7,1987-04-01,,,
2854,1981-06-18,960.2,1981-01-01,1991-12-04,876.0,1987-04-01,,,
2855,1982-07-21,951.1,1981-01-01,1996-01-19,987.4,1987-04-01,,,
2856,1983-07-21,953.6,1981-01-01,1999-10-28,,1987-04-01,,,
2857,1984-07-23,950.2,1981-01-01,1999-10-29,992.6,1987-04-01,,,
2858,1985-12-20,2022.9,1981-01-01,2003-12-10,994.6,1987-04-01,,,
2859,1991-12-04,2475.5,1981-01-01,2013-07-31,1025.0,1987-04-01,,,
2860,1996-01-19,3045.6,1981-01-01,2017-10-27,1025.047,1987-04-01,,,
2861,1999-10-28,,1981-01-01,2018-07-27,1025.219,1987-04-01,,,
2862,1999-10-30,3209.5,1981-01-01,1987-10-23,933.5,1987-07-01,,,
2863,2000-04-03,3233.1,1981-01-01,1987-11-24,926.1,1987-07-01,,,
2864,2003-12-10,3421.3,1981-01-01,1987-12-17,929.0,1987-07-01,,,
2865,2009-07-31,3822.8,1981-01-01,1988-07-27,932.2,1987-07-01,,,
2866,2011-07-29,3821.1,1981-01-01,1989-07-27,933.2,1987-07-01,,,
2867,2013-07-31,4050.9,1981-01-01,1990-07-27,928.5,1987-07-01,,,
2868,2014-07-30,4050.8,1981-01-01,1991-12-04,888.0,1987-07-01,,,
2869,2017-10-27,4050.795,1981-01-01,1996-01-19,996.8,1987-07-01,,,
2870,2018-07-27,4298.847,1981-01-01,1999-10-28,,1987-07-01,,,
2871,2021-07-29,4307.237,1981-01-01,1999-10-29,1002.2,1987-07-01,,,
2872,2023-09-28,4556.603,1981-01-01,2003-12-10,1002.7,1987-07-01,,,
2873,1981-07-22,955.6,1981-04-01,2009-07-31,1002.5,1987-07-01,,,
2874,1981-08-19,955.3,1981-04-01,2013-07-31,1036.0,1987-07-01,,,
2875,1981-09-18,955.1,1981-04-01,2017-10-27,1035.976,1987-07-01,,,
2876,1982-07-21,944.6,1981-04-01,2018-07-27,1036.195,1987-07-01,,,
2877,1983-07-21,954.7,1981-04-01,1988-01-27,952.8,1987-10-01,,,
2878,1984-07-23,949.1,1981-04-01,1988-02-25,954.8,1987-10-01,,,
2879,1985-12-20,2022.4,1981-04-01,1988-03-23,948.8,1987-10-01,,,
2880,1991-12-04,2476.1,1981-04-01,1988-07-27,947.3,1987-10-01,,,
2881,1996-01-19,3045.8,1981-04-01,1989-07-27,947.5,1987-10-01,,,
2882,1999-10-28,,1981-04-01,1990-07-27,942.0,1987-10-01,,,
2883,1999-10-30,3212.6,1981-04-01,1991-12-04,901.4,1987-10-01,,,
2884,2000-04-03,3235.5,1981-04-01,1996-01-19,1013.8,1987-10-01,,,
2885,2003-12-10,3422.1,1981-04-01,1999-10-28,,1987-10-01,,,
2886,2009-07-31,3822.8,1981-04-01,1999-10-29,1019.3,1987-10-01,,,
2887,2011-07-29,3821.1,1981-04-01,2003-12-10,1018.4,1987-10-01,,,
2888,2013-07-31,4050.1,1981-04-01,2009-07-31,1018.1,1987-10-01,,,
2889,2017-10-27,4050.084,1981-04-01,2013-07-31,1054.0,1987-10-01,,,
2890,2018-07-27,4299.16,1981-04-01,2017-10-27,1054.002,1987-10-01,,,
2891,2021-07-29,4307.55,1981-04-01,2018-07-27,1056.024,1987-10-01,,,
2892,2023-09-28,4556.934,1981-04-01,1988-04-26,945.6,1988-01-01,,,
2893,1981-10-20,965.2,1981-07-01,1988-05-26,949.5,1988-01-01,,,
2894,1981-11-19,964.6,1981-07-01,1988-06-23,945.1,1988-01-01,,,
2895,1981-12-18,962.8,1981-07-01,1988-07-27,945.2,1988-01-01,,,
2896,1982-07-21,951.4,1981-07-01,1989-07-27,945.7,1988-01-01,,,
2897,1983-07-21,962.9,1981-07-01,1990-07-27,940.9,1988-01-01,,,
2898,1984-07-23,955.7,1981-07-01,1991-12-04,904.7,1988-01-01,,,
2899,1985-12-20,2031.5,1981-07-01,1996-01-19,1015.5,1988-01-01,,,
2900,1991-12-04,2487.4,1981-07-01,1999-10-28,,1988-01-01,,,
2901,1996-01-19,3058.8,1981-07-01,1999-10-29,1020.5,1988-01-01,,,
2902,1999-10-28,,1981-07-01,2003-12-10,1022.2,1988-01-01,,,
2903,1999-10-30,3228.8,1981-07-01,2009-07-31,1021.9,1988-01-01,,,
2904,2000-04-03,3250.5,1981-07-01,2013-07-31,1057.0,1988-01-01,,,
2905,2003-12-10,3435.7,1981-07-01,2017-10-27,1057.031,1988-01-01,,,
2906,2009-07-31,3838.3,1981-07-01,2018-07-27,1056.893,1988-01-01,,,
2907,2011-07-29,3836.6,1981-07-01,1988-07-27,954.2,1988-04-01,,,
2908,2013-07-31,4066.4,1981-07-01,1988-08-25,961.0,1988-04-01,,,
2909,2017-10-27,4066.357,1981-07-01,1988-09-20,961.6,1988-04-01,,,
2910,2018-07-27,4319.047,1981-07-01,1989-07-27,960.1,1988-04-01,,,
2911,2021-07-29,4327.476,1981-07-01,1990-07-27,955.4,1988-04-01,,,
2912,2023-09-28,4578.013,1981-07-01,1991-12-04,913.8,1988-04-01,,,
2913,1982-01-20,958.3,1981-10-01,1996-01-19,1026.2,1988-04-01,,,
2914,1982-02-22,957.2,1981-10-01,1999-10-28,,1988-04-01,,,
2915,1982-03-19,957.5,1981-10-01,1999-10-29,1031.2,1988-04-01,,,
2916,1982-07-21,943.4,1981-10-01,2003-12-10,1033.5,1988-04-01,,,
2917,1983-07-21,955.7,1981-10-01,2009-07-31,1033.0,1988-04-01,,,
2918,1984-07-23,946.8,1981-10-01,2013-07-31,1070.8,1988-04-01,,,
2919,1985-12-20,2020.0,1981-10-01,2017-10-27,1070.837,1988-04-01,,,
2920,1991-12-04,2468.6,1981-10-01,2018-07-27,1070.421,1988-04-01,,,
2921,1996-01-19,3035.3,1981-10-01,1988-10-26,962.4,1988-07-01,,,
2922,1999-10-28,,1981-10-01,1988-11-29,958.7,1988-07-01,,,
2923,1999-10-30,3205.1,1981-10-01,1988-12-20,955.3,1988-07-01,,,
2924,2000-04-03,3225.0,1981-10-01,1989-07-27,958.6,1988-07-01,,,
2925,2003-12-10,3409.7,1981-10-01,1990-07-27,953.8,1988-07-01,,,
2926,2009-07-31,3809.3,1981-10-01,1991-12-04,918.5,1988-07-01,,,
2927,2011-07-29,3807.6,1981-10-01,1996-01-19,1031.5,1988-07-01,,,
2928,2013-07-31,4035.9,1981-10-01,1999-10-28,,1988-07-01,,,
2929,2017-10-27,4035.868,1981-10-01,1999-10-29,1035.1,1988-07-01,,,
2930,2018-07-27,4289.504,1981-10-01,2003-12-10,1037.4,1988-07-01,,,
2931,2021-07-29,4297.875,1981-10-01,2009-07-31,1036.9,1988-07-01,,,
2932,2023-09-28,4546.699,1981-10-01,2013-07-31,1078.4,1988-07-01,,,
2933,1982-04-21,966.8,1982-01-01,2017-10-27,1078.414,1988-07-01,,,
2934,1982-05-19,964.4,1982-01-01,2018-07-27,1078.19,1988-07-01,,,
2935,1982-06-21,965.4,1982-01-01,1989-01-27,992.2,1988-10-01,,,
2936,1982-07-21,949.1,1982-01-01,1989-02-28,994.5,1988-10-01,,,
2937,1983-07-21,961.4,1982-01-01,1989-03-23,997.5,1988-10-01,,,
2938,1984-07-23,953.7,1982-01-01,1989-07-27,1011.4,1988-10-01,,,
2939,1985-12-20,2031.2,1982-01-01,1990-07-27,1000.0,1988-10-01,,,
2940,1991-12-04,2484.0,1982-01-01,1991-12-04,937.6,1988-10-01,,,
2941,1996-01-19,3054.0,1982-01-01,1996-01-19,1054.8,1988-10-01,,,
2942,1999-10-28,,1982-01-01,1999-10-28,,1988-10-01,,,
2943,1999-10-30,3228.1,1982-01-01,1999-10-29,1060.7,1988-10-01,,,
2944,2000-04-03,3244.3,1982-01-01,2003-12-10,1062.9,1988-10-01,,,
2945,2003-12-10,3432.2,1982-01-01,2009-07-31,1063.8,1988-10-01,,,
2946,2009-07-31,3833.9,1982-01-01,2013-07-31,1106.4,1988-10-01,,,
2947,2011-07-29,3832.2,1982-01-01,2017-10-27,1106.391,1988-10-01,,,
2948,2013-07-31,4062.7,1982-01-01,2018-07-27,1109.916,1988-10-01,,,
2949,2014-07-30,4062.6,1982-01-01,1989-04-26,1010.9,1989-01-01,,,
2950,2017-10-27,4062.612,1982-01-01,1989-05-25,1011.8,1989-01-01,,,
2951,2018-07-27,4321.1,1982-01-01,1989-06-22,1011.3,1989-01-01,,,
2952,2021-07-29,4329.533,1982-01-01,1989-07-27,1016.0,1989-01-01,,,
2953,2023-09-28,4580.19,1982-01-01,1990-07-27,1008.5,1989-01-01,,,
2954,1982-07-21,956.3,1982-04-01,1991-12-04,947.5,1989-01-01,,,
2955,1982-08-19,953.8,1982-04-01,1996-01-19,1065.3,1989-01-01,,,
2956,1982-09-21,955.0,1982-04-01,1999-10-28,,1989-01-01,,,
2957,1983-07-21,968.8,1982-04-01,1999-10-29,1070.3,1989-01-01,,,
2958,1984-07-23,958.9,1982-04-01,2003-12-10,1070.0,1989-01-01,,,
2959,1985-12-20,2041.0,1982-04-01,2009-07-31,1070.7,1989-01-01,,,
2960,1991-12-04,2488.9,1982-04-01,2013-07-31,1116.9,1989-01-01,,,
2961,1996-01-19,3062.1,1982-04-01,2017-10-27,1116.876,1989-01-01,,,
2962,1999-10-28,,1982-04-01,2018-07-27,1116.559,1989-01-01,,,
2963,1999-10-30,3238.2,1982-04-01,1989-07-27,1031.4,1989-04-01,,,
2964,2000-04-03,3253.4,1982-04-01,1989-08-29,1034.9,1989-04-01,,,
2965,2003-12-10,3444.3,1982-04-01,1989-09-21,1033.2,1989-04-01,,,
2966,2009-07-31,3847.7,1982-04-01,1990-07-27,1022.7,1989-04-01,,,
2967,2011-07-29,3845.9,1982-04-01,1991-12-04,966.6,1989-04-01,,,
2968,2013-07-31,4077.7,1982-04-01,1996-01-19,1088.7,1989-04-01,,,
2969,2014-07-30,4077.6,1982-04-01,1999-10-28,,1989-04-01,,,
2970,2017-10-27,4077.615,1982-04-01,1999-10-29,1094.8,1989-04-01,,,
2971,2018-07-27,4334.262,1982-04-01,2003-12-10,1093.6,1989-04-01,,,
2972,2021-07-29,4342.721,1982-04-01,2009-07-31,1095.0,1989-04-01,,,
2973,2023-09-28,4594.142,1982-04-01,2013-07-31,1146.1,1989-04-01,,,
2974,1982-10-20,958.4,1982-07-01,2017-10-27,1146.08,1989-04-01,,,
2975,1982-11-19,957.7,1982-07-01,2018-07-27,1145.809,1989-04-01,,,
2976,1982-12-21,956.3,1982-07-01,1989-10-26,1040.5,1989-07-01,,,
2977,1983-07-21,971.0,1982-07-01,1989-11-29,1040.2,1989-07-01,,,
2978,1984-07-23,964.2,1982-07-01,1989-12-20,1038.9,1989-07-01,,,
2979,1985-12-20,2051.8,1982-07-01,1990-07-27,1027.8,1989-07-01,,,
2980,1991-12-04,2502.5,1982-07-01,1991-12-04,980.9,1989-07-01,,,
2981,1996-01-19,3080.1,1982-07-01,1996-01-19,1107.0,1989-07-01,,,
2982,1999-10-28,,1982-07-01,1999-10-28,,1989-07-01,,,
2983,1999-10-30,3259.4,1982-07-01,1999-10-29,1111.9,1989-07-01,,,
2984,2000-04-03,3274.6,1982-07-01,2003-12-10,1109.9,1989-07-01,,,
2985,2003-12-10,3470.8,1982-07-01,2009-07-31,1112.1,1989-07-01,,,
2986,2009-07-31,3877.2,1982-07-01,2013-07-31,1164.6,1989-07-01,,,
2987,2011-07-29,3875.4,1982-07-01,2017-10-27,1164.567,1989-07-01,,,
2988,2013-07-31,4109.2,1982-07-01,2018-07-27,1164.58,1989-07-01,,,
2989,2014-07-30,4109.1,1982-07-01,1990-01-26,1058.6,1989-10-01,,,
2990,2017-10-27,4109.139,1982-07-01,1990-02-28,1056.0,1989-10-01,,,
2991,2018-07-27,4363.318,1982-07-01,1990-03-28,1058.3,1989-10-01,,,
2992,2021-07-29,4371.833,1982-07-01,1990-07-27,1043.3,1989-10-01,,,
2993,2023-09-28,4624.939,1982-07-01,1991-12-04,990.7,1989-10-01,,,
2994,1983-01-19,968.0,1982-10-01,1992-07-30,994.5,1989-10-01,,,
2995,1983-02-22,967.5,1982-10-01,1996-01-19,1119.4,1989-10-01,,,
2996,1983-03-21,967.0,1982-10-01,1999-10-28,,1989-10-01,,,
2997,1983-07-21,979.6,1982-10-01,1999-10-29,1123.9,1989-10-01,,,
2998,1984-07-23,976.3,1982-10-01,2003-12-10,1122.7,1989-10-01,,,
2999,1985-12-20,2078.7,1982-10-01,2009-07-31,1124.6,1989-10-01,,,
3000,1991-12-04,2539.3,1982-10-01,2013-07-31,1180.2,1989-10-01,,,
3001,1996-01-19,3129.7,1982-10-01,2017-10-27,1180.152,1989-10-01,,,
3002,1999-10-28,,1982-10-01,2018-07-27,1180.5,1989-10-01,,,
3003,1999-10-30,3313.3,1982-10-01,1990-04-27,1080.6,1990-01-01,,,
3004,2000-04-03,3329.6,1982-10-01,1990-05-24,1082.1,1990-01-01,,,
3005,2003-12-10,3533.9,1982-10-01,1990-06-21,1082.9,1990-01-01,,,
3006,2009-07-31,3947.9,1982-10-01,1990-07-27,1070.1,1990-01-01,,,
3007,2011-07-29,3946.1,1982-10-01,1991-12-04,1021.2,1990-01-01,,,
3008,2013-07-31,4184.2,1982-10-01,1992-07-30,1024.7,1990-01-01,,,
3009,2014-07-30,4184.1,1982-10-01,1993-08-31,1027.7,1990-01-01,,,
3010,2017-10-27,4184.099,1982-10-01,1996-01-19,1153.0,1990-01-01,,,
3011,2018-07-27,4439.749,1982-10-01,1999-10-28,,1990-01-01,,,
3012,2021-07-29,4448.414,1982-10-01,1999-10-29,1158.5,1990-01-01,,,
3013,2023-09-28,4705.953,1982-10-01,2003-12-10,1157.4,1990-01-01,,,
3014,1983-04-20,972.4,1983-01-01,2009-07-31,1158.6,1990-01-01,,,
3015,1983-05-19,973.1,1983-01-01,2013-07-31,1214.0,1990-01-01,,,
3016,1983-06-21,972.9,1983-01-01,2017-10-27,1214.03,1990-01-01,,,
3017,1983-07-21,986.7,1983-01-01,2018-07-27,1212.45,1990-01-01,,,
3018,1984-07-23,982.5,1983-01-01,1990-07-27,1086.7,1990-04-01,,,
3019,1985-12-20,2096.4,1983-01-01,1990-08-24,1086.6,1990-04-01,,,
3020,1986-07-22,2094.2,1983-01-01,1990-09-25,1086.4,1990-04-01,,,
3021,1991-12-04,2556.5,1983-01-01,1991-12-04,1033.2,1990-04-01,,,
3022,1996-01-19,3156.5,1983-01-01,1992-07-30,1034.3,1990-04-01,,,
3023,1999-10-28,,1983-01-01,1993-08-31,1037.3,1990-04-01,,,
3024,1999-10-30,3340.0,1983-01-01,1996-01-19,1164.3,1990-04-01,,,
3025,2000-04-03,3360.1,1983-01-01,1999-10-28,,1990-04-01,,,
3026,2003-12-10,3568.5,1983-01-01,1999-10-29,1171.4,1990-04-01,,,
3027,2009-07-31,3986.6,1983-01-01,2003-12-10,1170.2,1990-04-01,,,
3028,2011-07-29,3984.8,1983-01-01,2009-07-31,1171.4,1990-04-01,,,
3029,2013-07-31,4224.8,1983-01-01,2013-07-31,1228.6,1990-04-01,,,
3030,2017-10-27,4224.779,1983-01-01,2017-10-27,1228.585,1990-04-01,,,
3031,2018-07-27,4483.645,1983-01-01,2018-07-27,1230.721,1990-04-01,,,
3032,2021-07-29,4492.395,1983-01-01,1990-10-30,1103.4,1990-07-01,,,
3033,2023-09-28,4752.481,1983-01-01,1990-11-28,1101.9,1990-07-01,,,
3034,1983-07-21,1010.5,1983-04-01,1990-12-19,1102.8,1990-07-01,,,
3035,1983-08-19,1009.9,1983-04-01,1991-12-04,1046.0,1990-07-01,,,
3036,1983-09-21,1010.6,1983-04-01,1992-07-30,1042.4,1990-07-01,,,
3037,1984-07-23,1006.2,1983-04-01,1993-08-31,1048.3,1990-07-01,,,
3038,1985-12-20,2137.2,1983-04-01,1996-01-19,1176.9,1990-07-01,,,
3039,1986-07-22,2135.1,1983-04-01,1999-10-28,,1990-07-01,,,
3040,1991-12-04,2604.0,1983-04-01,1999-10-29,1182.7,1990-07-01,,,
3041,1996-01-19,3220.0,1983-04-01,2003-12-10,1181.5,1990-07-01,,,
3042,1999-10-28,,1983-04-01,2009-07-31,1183.0,1990-07-01,,,
3043,1999-10-30,3408.0,1983-04-01,2013-07-31,1240.4,1990-07-01,,,
3044,2000-04-03,3430.1,1983-04-01,2018-07-27,1242.584,1990-07-01,,,
3045,2003-12-10,3639.5,1983-04-01,1991-01-25,1132.7,1990-10-01,,,
3046,2009-07-31,4065.7,1983-04-01,1991-02-27,1131.8,1990-10-01,,,
3047,2011-07-29,4063.9,1983-04-01,1991-03-27,1132.9,1990-10-01,,,
3048,2013-07-31,4308.5,1983-04-01,1991-12-04,1071.2,1990-10-01,,,
3049,2014-07-30,4308.4,1983-04-01,1992-07-30,1071.3,1990-10-01,,,
3050,2017-10-27,4308.404,1983-04-01,1993-08-31,1076.5,1990-10-01,,,
3051,2018-07-27,4574.944,1983-04-01,1996-01-19,1210.4,1990-10-01,,,
3052,2021-07-29,4583.873,1983-04-01,1999-10-28,,1990-10-01,,,
3053,2023-09-28,4849.254,1983-04-01,1999-10-29,1213.1,1990-10-01,,,
3054,1983-10-20,1019.2,1983-07-01,2003-12-10,1211.5,1990-10-01,,,
3055,1983-11-22,1018.0,1983-07-01,2009-07-31,1213.8,1990-10-01,,,
3056,1983-12-21,1016.0,1983-07-01,2013-07-31,1270.4,1990-10-01,,,
3057,1984-07-23,1015.6,1983-07-01,2017-10-27,1270.429,1990-10-01,,,
3058,1985-12-20,2161.8,1983-07-01,2018-07-27,1268.467,1990-10-01,,,
3059,1986-07-22,2163.0,1983-07-01,1991-04-26,1140.2,1991-01-01,,,
3060,1991-12-04,2639.0,1983-07-01,1991-05-29,1140.9,1991-01-01,,,
3061,1996-01-19,3267.1,1983-07-01,1991-06-26,1141.5,1991-01-01,,,
3062,1999-10-28,,1983-07-01,1991-12-04,1088.8,1991-01-01,,,
3063,1999-10-30,3461.1,1983-07-01,1992-07-30,1087.5,1991-01-01,,,
3064,2000-04-03,3484.7,1983-07-01,1993-08-31,1093.0,1991-01-01,,,
3065,2003-12-10,3704.1,1983-07-01,1994-07-29,1095.5,1991-01-01,,,
3066,2009-07-31,4137.6,1983-07-01,1996-01-19,1220.6,1991-01-01,,,
3067,2011-07-29,4135.7,1983-07-01,1999-10-28,,1991-01-01,,,
3068,2013-07-31,4384.1,1983-07-01,1999-10-29,1228.6,1991-01-01,,,
3069,2014-07-30,4384.0,1983-07-01,2003-12-10,1227.4,1991-01-01,,,
3070,2017-10-27,4383.986,1983-07-01,2009-07-31,1228.1,1991-01-01,,,
3071,2018-07-27,4656.982,1983-07-01,2013-07-31,1287.2,1991-01-01,,,
3072,2021-07-29,4666.07,1983-07-01,2017-10-27,1287.181,1991-01-01,,,
3073,2023-09-28,4936.211,1983-07-01,2018-07-27,1284.187,1991-01-01,,,
3074,1984-01-20,1032.2,1983-10-01,1991-07-26,1149.4,1991-04-01,,,
3075,1984-02-17,1030.2,1983-10-01,1991-08-28,1152.9,1991-04-01,,,
3076,1984-03-20,1032.2,1983-10-01,1991-09-26,1151.3,1991-04-01,,,
3077,1984-07-23,1032.4,1983-10-01,1991-12-04,1092.5,1991-04-01,,,
3078,1985-12-20,2188.1,1983-10-01,1992-07-30,1090.8,1991-04-01,,,
3079,1986-07-22,2191.9,1983-10-01,1993-08-31,1099.9,1991-04-01,,,
3080,1991-12-04,2678.2,1983-10-01,1994-07-29,1098.7,1991-04-01,,,
3081,1996-01-19,3318.6,1983-10-01,1996-01-19,1227.4,1991-04-01,,,
3082,1999-10-28,,1983-10-01,1999-10-28,,1991-04-01,,,
3083,1999-10-30,3517.6,1983-10-01,1999-10-29,1235.5,1991-04-01,,,
3084,2000-04-03,3542.2,1983-10-01,2003-12-10,1234.3,1991-04-01,,,
3085,2003-12-10,3762.5,1983-10-01,2009-07-31,1236.2,1991-04-01,,,
3086,2009-07-31,4203.2,1983-10-01,2013-07-31,1296.6,1991-04-01,,,
3087,2011-07-29,4201.3,1983-10-01,2017-10-27,1296.557,1991-04-01,,,
3088,2013-07-31,4453.2,1983-10-01,2018-07-27,1296.577,1991-04-01,,,
3089,2014-07-30,4453.1,1983-10-01,1991-10-29,1145.5,1991-07-01,,,
3090,2017-10-27,4453.143,1983-10-01,1991-12-04,1088.4,1991-07-01,,,
3091,2018-07-27,4731.194,1983-10-01,1991-12-20,1089.1,1991-07-01,,,
3092,2021-07-29,4740.427,1983-10-01,1992-07-30,1093.3,1991-07-01,,,
3093,2023-09-28,5014.874,1983-10-01,1993-08-31,1104.0,1991-07-01,,,
3094,1984-04-19,1046.8,1984-01-01,1994-07-29,1097.6,1991-07-01,,,
3095,1984-05-18,1049.6,1984-01-01,1996-01-19,1226.5,1991-07-01,,,
3096,1984-06-20,1048.3,1984-01-01,1999-10-28,,1991-07-01,,,
3097,1984-07-23,1044.1,1984-01-01,1999-10-29,1238.4,1991-07-01,,,
3098,1985-12-20,2210.9,1984-01-01,2003-12-10,1237.5,1991-07-01,,,
3099,1986-07-22,2213.8,1984-01-01,2009-07-31,1239.2,1991-07-01,,,
3100,1987-07-24,2212.1,1984-01-01,2013-07-31,1302.4,1991-07-01,,,
3101,1991-12-04,2703.8,1984-01-01,2017-10-27,1302.388,1991-07-01,,,
3102,1996-01-19,3354.0,1984-01-01,2018-07-27,1306.265,1991-07-01,,,
3103,1999-10-28,,1984-01-01,1992-01-29,1077.0,1991-10-01,,,
3104,1999-10-30,3556.4,1984-01-01,1992-02-28,1080.1,1991-10-01,,,
3105,2000-04-03,3579.7,1984-01-01,1992-03-26,1079.5,1991-10-01,,,
3106,2003-12-10,3794.9,1984-01-01,1992-07-30,1090.3,1991-10-01,,,
3107,2009-07-31,4239.2,1984-01-01,1993-08-31,1100.2,1991-10-01,,,
3108,2011-07-29,4237.3,1984-01-01,1994-07-29,1097.9,1991-10-01,,,
3109,2013-07-31,4490.9,1984-01-01,1996-01-19,1229.2,1991-10-01,,,
3110,2017-10-27,4490.873,1984-01-01,1999-10-28,,1991-10-01,,,
3111,2018-07-27,4770.457,1984-01-01,1999-10-29,1239.5,1991-10-01,,,
3112,2021-07-29,4779.767,1984-01-01,2003-12-10,1238.6,1991-10-01,,,
3113,2023-09-28,5056.492,1984-01-01,2009-07-31,1240.8,1991-10-01,,,
3114,1984-07-23,1061.7,1984-04-01,2013-07-31,1306.5,1991-10-01,,,
3115,1984-08-20,1063.1,1984-04-01,2017-10-27,1306.524,1991-10-01,,,
3116,1984-09-20,1064.2,1984-04-01,2018-07-27,1308.774,1991-10-01,,,
3117,1985-12-20,2243.0,1984-04-01,1992-04-28,1096.1,1992-01-01,,,
3118,1986-07-22,2246.3,1984-04-01,1992-05-29,1096.5,1992-01-01,,,
3119,1987-07-24,2246.7,1984-04-01,1992-06-25,1095.9,1992-01-01,,,
3120,1991-12-04,2741.1,1984-04-01,1992-07-30,1103.1,1992-01-01,,,
3121,1996-01-19,3397.5,1984-04-01,1993-08-31,1118.5,1992-01-01,,,
3122,1999-10-28,,1984-04-01,1994-07-29,1114.5,1992-01-01,,,
3123,1999-10-30,3605.1,1984-04-01,1996-01-19,1247.9,1992-01-01,,,
3124,2000-04-03,3628.3,1984-04-01,1999-10-28,,1992-01-01,,,
3125,2003-12-10,3849.3,1984-04-01,1999-10-29,1257.3,1992-01-01,,,
3126,2009-07-31,4299.9,1984-04-01,2003-12-10,1257.6,1992-01-01,,,
3127,2011-07-29,4297.9,1984-04-01,2009-07-31,1258.8,1992-01-01,,,
3128,2013-07-31,4555.0,1984-04-01,2013-07-31,1326.9,1992-01-01,,,
3129,2014-07-30,4554.9,1984-04-01,2018-07-27,1326.421,1992-01-01,,,
3130,2017-10-27,4554.915,1984-04-01,1992-07-30,1109.4,1992-04-01,,,
3131,2018-07-27,4837.29,1984-04-01,1992-09-24,1109.1,1992-04-01,,,
3132,2021-07-29,4846.731,1984-04-01,1993-08-31,1125.8,1992-04-01,,,
3133,2023-09-28,5127.332,1984-04-01,1994-07-29,1116.8,1992-04-01,,,
3134,1984-10-19,1064.6,1984-07-01,1996-01-19,1256.4,1992-04-01,,,
3135,1984-11-20,1065.6,1984-07-01,1999-10-28,,1992-04-01,,,
3136,1984-12-19,1065.9,1984-07-01,1999-10-29,1265.1,1992-04-01,,,
3137,1985-12-20,2243.4,1984-07-01,2003-12-10,1265.3,1992-04-01,,,
3138,1986-07-22,2253.3,1984-07-01,2009-07-31,1267.3,1992-04-01,,,
3139,1987-07-24,2257.3,1984-07-01,2013-07-31,1338.7,1992-04-01,,,
3140,1991-12-04,2754.6,1984-07-01,2017-10-27,1338.666,1992-04-01,,,
3141,1996-01-19,3418.4,1984-07-01,2018-07-27,1334.807,1992-04-01,,,
3142,1999-10-28,,1984-07-01,1992-10-27,1122.5,1992-07-01,,,
3143,1999-10-30,3630.7,1984-07-01,1992-11-25,1122.9,1992-07-01,,,
3144,2000-04-03,3653.5,1984-07-01,1992-12-22,1124.2,1992-07-01,,,
3145,2003-12-10,3879.1,1984-07-01,1993-08-31,1139.1,1992-07-01,,,
3146,2009-07-31,4333.0,1984-07-01,1994-07-29,1131.9,1992-07-01,,,
3147,2011-07-29,4331.1,1984-07-01,1996-01-19,1270.7,1992-07-01,,,
3148,2013-07-31,4590.0,1984-07-01,1999-10-28,,1992-07-01,,,
3149,2014-07-30,4589.9,1984-07-01,1999-10-29,1277.8,1992-07-01,,,
3150,2017-10-27,4589.925,1984-07-01,2003-12-10,1278.9,1992-07-01,,,
3151,2018-07-27,4873.165,1984-07-01,2009-07-31,1281.7,1992-07-01,,,
3152,2021-07-29,4882.676,1984-07-01,2013-07-31,1355.4,1992-07-01,,,
3153,2023-09-28,5165.357,1984-07-01,2017-10-27,1355.421,1992-07-01,,,
3154,1985-01-22,1076.2,1984-10-01,2018-07-27,1353.997,1992-07-01,,,
3155,1985-02-21,1075.4,1984-10-01,1993-01-28,1123.0,1992-10-01,,,
3156,1985-12-20,2262.0,1984-10-01,1993-02-26,1124.3,1992-10-01,,,
3157,1986-07-22,2271.7,1984-10-01,1993-03-26,1123.3,1992-10-01,,,
3158,1987-07-24,2281.1,1984-10-01,1993-08-31,1143.8,1992-10-01,,,
3159,1991-12-04,2784.8,1984-10-01,1994-07-29,1138.1,1992-10-01,,,
3160,1996-01-19,3460.6,1984-10-01,1996-01-19,1280.0,1992-10-01,,,
3161,1999-10-28,,1984-10-01,1999-10-28,,1992-10-01,,,
3162,1999-10-30,3678.3,1984-10-01,1999-10-29,1281.8,1992-10-01,,,
3163,2000-04-03,3700.9,1984-10-01,2003-12-10,1282.1,1992-10-01,,,
3164,2003-12-10,3930.2,1984-10-01,2009-07-31,1286.0,1992-10-01,,,
3165,2009-07-31,4390.1,1984-10-01,2013-07-31,1360.5,1992-10-01,,,
3166,2011-07-29,4388.1,1984-10-01,2017-10-27,1360.496,1992-10-01,,,
3167,2013-07-31,4650.7,1984-10-01,2018-07-27,1362.775,1992-10-01,,,
3168,2014-07-30,4650.6,1984-10-01,1993-04-29,1118.2,1993-01-01,,,
3169,2017-10-27,4650.604,1984-10-01,1993-05-28,1116.1,1993-01-01,,,
3170,2018-07-27,4936.293,1984-10-01,1993-06-23,1116.6,1993-01-01,,,
3171,2021-07-29,4945.926,1984-10-01,1993-08-31,1139.7,1993-01-01,,,
3172,2023-09-28,5232.266,1984-10-01,1994-07-29,1137.1,1993-01-01,,,
3173,1985-04-18,1087.9,1985-01-01,1996-01-19,1278.8,1993-01-01,,,
3174,1985-05-21,1089.2,1985-01-01,1996-08-01,1279.3,1993-01-01,,,
3175,1985-06-20,1089.1,1985-01-01,1997-07-31,1271.5,1993-01-01,,,
3176,1985-12-20,2288.6,1985-01-01,1999-10-28,,1993-01-01,,,
3177,1986-07-22,2292.3,1985-01-01,1999-10-29,1279.5,1993-01-01,,,
3178,1987-07-24,2314.1,1985-01-01,2003-12-10,1282.1,1993-01-01,,,
3179,1988-07-27,2319.1,1985-01-01,2009-07-31,1282.6,1993-01-01,,,
3180,1991-12-04,2824.9,1985-01-01,2013-07-31,1351.5,1993-01-01,,,
3181,1996-01-19,3511.2,1985-01-01,2017-10-27,1351.504,1993-01-01,,,
3182,1999-10-28,,1985-01-01,2018-07-27,1351.818,1993-01-01,,,
3183,1999-10-30,3733.9,1985-01-01,1993-07-29,1124.4,1993-04-01,,,
3184,2000-04-03,3756.8,1985-01-01,1993-08-31,1158.4,1993-04-01,,,
3185,2003-12-10,3996.2,1985-01-01,1993-09-29,1158.6,1993-04-01,,,
3186,2009-07-31,4464.6,1985-01-01,1994-07-29,1146.3,1993-04-01,,,
3187,2011-07-29,4462.5,1985-01-01,1996-01-19,1284.6,1993-04-01,,,
3188,2013-07-31,4729.7,1985-01-01,1996-08-01,1285.1,1993-04-01,,,
3189,2017-10-27,4729.657,1985-01-01,1997-07-31,1281.2,1993-04-01,,,
3190,2018-07-27,5020.163,1985-01-01,1999-10-28,,1993-04-01,,,
3191,2021-07-29,5029.959,1985-01-01,1999-10-29,1289.1,1993-04-01,,,
3192,2023-09-28,5321.159,1985-01-01,2003-12-10,1288.3,1993-04-01,,,
3193,1985-07-18,1103.1,1985-04-01,2009-07-31,1290.3,1993-04-01,,,
3194,1985-08-20,1103.4,1985-04-01,2013-07-31,1360.9,1993-04-01,,,
3195,1985-09-20,1102.1,1985-04-01,2017-10-27,1360.859,1993-04-01,,,
3196,1985-12-20,2303.5,1985-04-01,2018-07-27,1359.066,1993-04-01,,,
3197,1986-07-22,2311.9,1985-04-01,1993-10-28,1160.8,1993-07-01,,,
3198,1987-07-24,2337.0,1985-04-01,1993-12-01,1165.5,1993-07-01,,,
3199,1988-07-27,2337.4,1985-04-01,1993-12-22,1164.8,1993-07-01,,,
3200,1991-12-04,2849.7,1985-04-01,1994-07-29,1152.9,1993-07-01,,,
3201,1996-01-19,3540.8,1985-04-01,1996-01-19,1293.6,1993-07-01,,,
3202,1999-10-28,,1985-04-01,1996-08-01,1294.1,1993-07-01,,,
3203,1999-10-30,3768.7,1985-04-01,1997-07-31,1285.3,1993-07-01,,,
3204,2000-04-03,3791.5,1985-04-01,1999-10-28,,1993-07-01,,,
3205,2003-12-10,4032.6,1985-04-01,1999-10-29,1296.2,1993-07-01,,,
3206,2009-07-31,4505.2,1985-04-01,2003-12-10,1291.5,1993-07-01,,,
3207,2011-07-29,4503.2,1985-04-01,2009-07-31,1296.6,1993-07-01,,,
3208,2013-07-31,4774.1,1985-04-01,2013-07-31,1370.6,1993-07-01,,,
3209,2017-10-27,4774.074,1985-04-01,2017-10-27,1370.605,1993-07-01,,,
3210,2018-07-27,5066.25,1985-04-01,2018-07-27,1367.411,1993-07-01,,,
3211,2021-07-29,5076.136,1985-04-01,1994-01-28,1165.3,1993-10-01,,,
3212,2023-09-28,5370.011,1985-04-01,1994-03-01,1168.5,1993-10-01,,,
3213,1985-10-17,1115.2,1985-07-01,1994-03-31,1169.1,1993-10-01,,,
3214,1985-11-20,1116.5,1985-07-01,1994-07-29,1157.2,1993-10-01,,,
3215,1985-12-20,2329.6,1985-07-01,1996-01-19,1302.7,1993-10-01,,,
3216,1986-07-22,2342.0,1985-07-01,1996-08-01,1303.2,1993-10-01,,,
3217,1987-07-24,2376.1,1985-07-01,1997-07-31,1295.5,1993-10-01,,,
3218,1988-07-27,2375.9,1985-07-01,1999-10-28,,1993-10-01,,,
3219,1991-12-04,2893.3,1985-07-01,1999-10-29,1307.1,1993-10-01,,,
3220,1996-01-19,3602.1,1985-07-01,2003-12-10,1302.8,1993-10-01,,,
3221,1999-10-28,,1985-07-01,2009-07-31,1309.7,1993-10-01,,,
3222,1999-10-30,3838.0,1985-07-01,2013-07-31,1381.3,1993-10-01,,,
3223,2000-04-03,3860.9,1985-07-01,2017-10-27,1381.277,1993-10-01,,,
3224,2003-12-10,4109.1,1985-07-01,2018-07-27,1381.394,1993-10-01,,,
3225,2009-07-31,4590.8,1985-07-01,1994-04-28,1164.4,1994-01-01,,,
3226,2011-07-29,4588.7,1985-07-01,1994-05-27,1172.6,1994-01-01,,,
3227,2013-07-31,4865.8,1985-07-01,1994-06-29,1172.9,1994-01-01,,,
3228,2017-10-27,4865.752,1985-07-01,1994-07-29,1159.8,1994-01-01,,,
3229,2018-07-27,5162.475,1985-07-01,1996-01-19,1296.4,1994-01-01,,,
3230,2021-07-29,5172.55,1985-07-01,1997-07-31,1291.0,1994-01-01,,,
3231,2023-09-28,5472.014,1985-07-01,1999-10-28,1303.3,1994-01-01,,,
3232,1986-01-22,2328.7,1985-10-01,2003-12-10,1301.5,1994-01-01,,,
3233,1986-02-20,2330.3,1985-10-01,2009-07-31,1302.9,1994-01-01,,,
3234,1986-03-19,2330.4,1985-10-01,2013-07-31,1373.9,1994-01-01,,,
3235,1986-07-22,2351.7,1985-10-01,2017-10-27,1373.939,1994-01-01,,,
3236,1987-07-24,2383.2,1985-10-01,2018-07-27,1373.35,1994-01-01,,,
3237,1988-07-27,2386.9,1985-10-01,1994-07-29,1169.0,1994-04-01,,,
3238,1991-12-04,2895.3,1985-10-01,1994-08-26,1166.3,1994-04-01,,,
3239,1996-01-19,3612.1,1985-10-01,1994-09-29,1166.7,1994-04-01,,,
3240,1999-10-28,,1985-10-01,1996-01-19,1300.8,1994-04-01,,,
3241,1999-10-30,3851.5,1985-10-01,1999-10-28,1316.1,1994-04-01,,,
3242,2000-04-03,3874.2,1985-10-01,2003-12-10,1315.7,1994-04-01,,,
3243,2003-12-10,4118.4,1985-10-01,2009-07-31,1318.8,1994-04-01,,,
3244,2009-07-31,4600.9,1985-10-01,2013-07-31,1392.4,1994-04-01,,,
3245,2011-07-29,4598.8,1985-10-01,2017-10-27,1392.446,1994-04-01,,,
3246,2013-07-31,4878.3,1985-10-01,2018-07-27,1389.392,1994-04-01,,,
3247,2017-10-27,4878.252,1985-10-01,1994-10-28,1186.4,1994-07-01,,,
3248,2018-07-27,5173.643,1985-10-01,1994-11-30,1188.7,1994-07-01,,,
3249,2021-07-29,5183.741,1985-10-01,1994-12-22,1188.8,1994-07-01,,,
3250,2023-09-28,5483.866,1985-10-01,1996-01-19,1328.0,1994-07-01,,,
3251,1986-04-17,2354.8,1986-01-01,1996-08-01,1328.2,1994-07-01,,,
3252,1986-05-20,2354.3,1986-01-01,1997-07-31,1332.3,1994-07-01,,,
3253,1986-06-18,2352.3,1986-01-01,1999-10-28,1348.1,1994-07-01,,,
3254,1986-07-22,2372.7,1986-01-01,2003-12-10,1343.4,1994-07-01,,,
3255,1987-07-24,2409.7,1986-01-01,2009-07-31,1349.3,1994-07-01,,,
3256,1988-07-27,2415.1,1986-01-01,2013-07-31,1424.4,1994-07-01,,,
3257,1989-07-27,2410.9,1986-01-01,2017-10-27,1424.416,1994-07-01,,,
3258,1991-12-04,2922.4,1986-01-01,2018-07-27,1423.432,1994-07-01,,,
3259,1996-01-19,3644.0,1986-01-01,1995-01-27,1182.6,1994-10-01,,,
3260,1999-10-28,,1986-01-01,1995-03-01,1185.5,1994-10-01,,,
3261,1999-10-30,3884.8,1986-01-01,1995-03-31,1185.8,1994-10-01,,,
3262,2000-04-03,3907.9,1986-01-01,1996-01-19,1333.5,1994-10-01,,,
3263,2003-12-10,4152.7,1986-01-01,1997-07-31,1328.0,1994-10-01,,,
3264,2009-07-31,4639.3,1986-01-01,1999-10-28,1344.0,1994-10-01,,,
3265,2011-07-29,4637.2,1986-01-01,2003-12-10,1341.3,1994-10-01,,,
3266,2013-07-31,4919.7,1986-01-01,2009-07-31,1348.1,1994-10-01,,,
3267,2014-07-30,4919.6,1986-01-01,2013-07-31,1424.2,1994-10-01,,,
3268,2017-10-27,4919.629,1986-01-01,2017-10-27,1424.157,1994-10-01,,,
3269,2018-07-27,5218.851,1986-01-01,2018-07-27,1422.923,1994-10-01,,,
3270,2021-07-29,5229.041,1986-01-01,1995-04-28,1195.6,1995-01-01,,,
3271,2023-09-28,5531.807,1986-01-01,1995-05-31,1196.9,1995-01-01,,,
3272,1986-07-22,2407.0,1986-04-01,1995-06-30,1198.7,1995-01-01,,,
3273,1986-08-19,2410.4,1986-04-01,1996-01-19,1346.0,1995-01-01,,,
3274,1986-09-18,2408.4,1986-04-01,1996-08-01,1345.8,1995-01-01,,,
3275,1987-07-24,2434.3,1986-04-01,1997-07-31,1344.7,1995-01-01,,,
3276,1988-07-27,2440.9,1986-04-01,1998-07-31,1344.1,1995-01-01,,,
3277,1989-07-27,2432.4,1986-04-01,1999-10-28,1360.6,1995-01-01,,,
3278,1991-12-04,2947.9,1986-04-01,2003-12-10,1361.4,1995-01-01,,,
3279,1996-01-19,3683.0,1986-04-01,2009-07-31,1364.6,1995-01-01,,,
3280,1999-10-28,,1986-04-01,2013-07-31,1440.0,1995-01-01,,,
3281,1999-10-30,3927.4,1986-04-01,2017-10-27,1440.008,1995-01-01,,,
3282,2000-04-03,3950.4,1986-04-01,2018-07-27,1437.596,1995-01-01,,,
3283,2003-12-10,4196.7,1986-04-01,1995-07-28,1208.5,1995-04-01,,,
3284,2009-07-31,4688.7,1986-04-01,1995-08-30,1207.0,1995-04-01,,,
3285,2011-07-29,4686.6,1986-04-01,1995-09-29,1209.6,1995-04-01,,,
3286,2013-07-31,4974.7,1986-04-01,1996-01-19,1359.9,1995-04-01,,,
3287,2014-07-30,4974.6,1986-04-01,1996-08-01,1359.4,1995-04-01,,,
3288,2017-10-27,4974.634,1986-04-01,1997-07-31,1356.0,1995-04-01,,,
3289,2018-07-27,5275.72,1986-04-01,1998-07-31,1357.8,1995-04-01,,,
3290,2021-07-29,5286.019,1986-04-01,1999-10-28,1374.9,1995-04-01,,,
3291,2023-09-28,5592.08,1986-04-01,2003-12-10,1372.7,1995-04-01,,,
3292,1986-10-22,2450.4,1986-07-01,2009-07-31,1376.3,1995-04-01,,,
3293,1986-11-19,2446.8,1986-07-01,2013-07-31,1455.6,1995-04-01,,,
3294,1986-12-17,2448.0,1986-07-01,2017-10-27,1455.631,1995-04-01,,,
3295,1987-07-24,2477.5,1986-07-01,2018-07-27,1452.892,1995-04-01,,,
3296,1988-07-27,2478.6,1986-07-01,1995-10-27,1220.1,1995-07-01,,,
3297,1989-07-27,2464.4,1986-07-01,1996-01-19,1365.5,1995-07-01,,,
3298,1991-12-04,2993.7,1986-07-01,1996-02-23,1364.5,1995-07-01,,,
3299,1996-01-19,3742.8,1986-07-01,1996-08-01,1364.6,1995-07-01,,,
3300,1999-10-28,,1986-07-01,1997-07-31,1362.2,1995-07-01,,,
3301,1999-10-30,3997.2,1986-07-01,1998-07-31,1362.3,1995-07-01,,,
3302,2000-04-03,4019.7,1986-07-01,1999-10-28,1378.3,1995-07-01,,,
3303,2003-12-10,4269.5,1986-07-01,2003-12-10,1373.0,1995-07-01,,,
3304,2009-07-31,4770.7,1986-07-01,2009-07-31,1378.8,1995-07-01,,,
3305,2011-07-29,4768.5,1986-07-01,2013-07-31,1457.3,1995-07-01,,,
3306,2013-07-31,5064.8,1986-07-01,2017-10-27,1457.293,1995-07-01,,,
3307,2014-07-30,5064.7,1986-07-01,2018-07-27,1455.659,1995-07-01,,,
3308,2017-10-27,5064.698,1986-07-01,1996-02-23,1363.5,1995-10-01,,,
3309,2018-07-27,5369.049,1986-07-01,1996-08-01,1363.4,1995-10-01,,,
3310,2021-07-29,5379.527,1986-07-01,1997-07-31,1359.2,1995-10-01,,,
3311,2023-09-28,5690.971,1986-07-01,1998-07-31,1361.4,1995-10-01,,,
3312,1987-01-22,2445.1,1986-10-01,1999-10-28,1374.5,1995-10-01,,,
3313,1987-02-19,2447.4,1986-10-01,2003-12-10,1369.8,1995-10-01,,,
3314,1987-03-18,2445.8,1986-10-01,2009-07-31,1376.4,1995-10-01,,,
3315,1987-07-24,2480.5,1986-10-01,2013-07-31,1455.7,1995-10-01,,,
3316,1988-07-27,2486.2,1986-10-01,2017-10-27,1455.716,1995-10-01,,,
3317,1989-07-27,2477.8,1986-10-01,2018-07-27,1451.575,1995-10-01,,,
3318,1991-12-04,3012.5,1986-10-01,1996-05-02,1384.7,1996-01-01,,,
3319,1996-01-19,3764.8,1986-10-01,1996-05-30,1386.5,1996-01-01,,,
3320,1999-10-28,,1986-10-01,1996-06-28,1383.7,1996-01-01,,,
3321,1999-10-30,4025.3,1986-10-01,1997-07-31,1384.2,1996-01-01,,,
3322,2000-04-03,4046.8,1986-10-01,1998-07-31,1387.5,1996-01-01,,,
3323,2003-12-10,4296.7,1986-10-01,1999-10-28,1402.6,1996-01-01,,,
3324,2009-07-31,4799.4,1986-10-01,2003-12-10,1395.6,1996-01-01,,,
3325,2011-07-29,4797.2,1986-10-01,2009-07-31,1400.7,1996-01-01,,,
3326,2013-07-31,5097.2,1986-10-01,2013-07-31,1472.9,1996-01-01,,,
3327,2014-07-30,5097.1,1986-10-01,2017-10-27,1472.921,1996-01-01,,,
3328,2017-10-27,5097.123,1986-10-01,2018-07-27,1471.295,1996-01-01,,,
3329,2018-07-27,5401.98,1986-10-01,1996-08-01,1406.2,1996-04-01,,,
3330,2021-07-29,5412.515,1986-10-01,1996-08-29,1410.3,1996-04-01,,,
3331,2023-09-28,5725.812,1986-10-01,1996-09-27,1408.8,1996-04-01,,,
3332,1987-04-23,2443.1,1987-01-01,1997-07-31,1407.0,1996-04-01,,,
3333,1987-05-22,2438.9,1987-01-01,1998-07-31,1406.0,1996-04-01,,,
3334,1987-06-17,2438.8,1987-01-01,1999-10-28,1423.0,1996-04-01,,,
3335,1987-07-24,2475.9,1987-01-01,2003-12-10,1413.7,1996-04-01,,,
3336,1988-07-27,2490.2,1987-01-01,2009-07-31,1417.1,1996-04-01,,,
3337,1989-07-27,2478.3,1987-01-01,2013-07-31,1492.5,1996-04-01,,,
3338,1990-07-27,2482.2,1987-01-01,2017-10-27,1492.548,1996-04-01,,,
3339,1991-12-04,3011.5,1987-01-01,2018-07-27,1487.662,1996-04-01,,,
3340,1996-01-19,3765.7,1987-01-01,1996-10-30,1412.0,1996-07-01,,,
3341,1999-10-28,,1987-01-01,1996-11-27,1415.9,1996-07-01,,,
3342,1999-10-30,4030.7,1987-01-01,1996-12-20,1414.8,1996-07-01,,,
3343,2000-04-03,4049.7,1987-01-01,1997-07-31,1413.5,1996-07-01,,,
3344,2003-12-10,4298.6,1987-01-01,1998-07-31,1408.6,1996-07-01,,,
3345,2009-07-31,4792.1,1987-01-01,1999-10-28,1423.4,1996-07-01,,,
3346,2011-07-29,4789.9,1987-01-01,2003-12-10,1416.6,1996-07-01,,,
3347,2013-07-31,5098.0,1987-01-01,2009-07-31,1422.6,1996-07-01,,,
3348,2014-07-30,5097.9,1987-01-01,2013-07-31,1500.5,1996-07-01,,,
3349,2017-10-27,5097.889,1987-01-01,2017-10-27,1500.49,1996-07-01,,,
3350,2018-07-27,5407.372,1987-01-01,2018-07-27,1496.733,1996-07-01,,,
3351,2021-07-29,5417.904,1987-01-01,1997-01-31,1423.5,1996-10-01,,,
3352,2023-09-28,5731.226,1987-01-01,1997-02-28,1419.3,1996-10-01,,,
3353,1987-07-24,2488.7,1987-04-01,1997-03-28,1418.3,1996-10-01,,,
3354,1987-08-21,2489.0,1987-04-01,1997-07-31,1422.3,1996-10-01,,,
3355,1987-09-18,2487.5,1987-04-01,1998-07-31,1418.8,1996-10-01,,,
3356,1988-07-27,2516.6,1987-04-01,1999-10-28,1438.9,1996-10-01,,,
3357,1989-07-27,2507.7,1987-04-01,2003-12-10,1438.1,1996-10-01,,,
3358,1990-07-27,2509.9,1987-04-01,2009-07-31,1443.5,1996-10-01,,,
3359,1991-12-04,3046.8,1987-04-01,2013-07-31,1519.8,1996-10-01,,,
3360,1996-01-19,3814.0,1987-04-01,2017-10-27,1519.839,1996-10-01,,,
3361,1999-10-28,,1987-04-01,2018-07-27,1515.702,1996-10-01,,,
3362,1999-10-30,4083.7,1987-04-01,1997-04-30,1428.2,1997-01-01,,,
3363,2000-04-03,4101.5,1987-04-01,1997-05-30,1429.9,1997-01-01,,,
3364,2003-12-10,4357.3,1987-04-01,1997-06-27,1430.3,1997-01-01,,,
3365,2009-07-31,4856.3,1987-04-01,1997-07-31,1433.1,1997-01-01,,,
3366,2011-07-29,4854.0,1987-04-01,1998-07-31,1439.4,1997-01-01,,,
3367,2013-07-31,5168.7,1987-04-01,1999-10-28,1455.8,1997-01-01,,,
3368,2014-07-30,5168.6,1987-04-01,2000-07-28,1459.2,1997-01-01,,,
3369,2017-10-27,5168.611,1987-04-01,2003-12-10,1452.7,1997-01-01,,,
3370,2018-07-27,5481.166,1987-04-01,2009-07-31,1457.4,1997-01-01,,,
3371,2021-07-29,5491.837,1987-04-01,2013-07-31,1532.2,1997-01-01,,,
3372,2023-09-28,5809.376,1987-04-01,2017-10-27,1532.218,1997-01-01,,,
3373,1987-10-23,2517.0,1987-07-01,2018-07-27,1515.985,1997-01-01,,,
3374,1987-11-24,2517.2,1987-07-01,1997-07-31,1451.1,1997-04-01,,,
3375,1987-12-17,2520.7,1987-07-01,1997-08-28,1448.5,1997-04-01,,,
3376,1988-07-27,2545.2,1987-07-01,1997-09-26,1449.0,1997-04-01,,,
3377,1989-07-27,2536.5,1987-07-01,1998-07-31,1451.5,1997-04-01,,,
3378,1990-07-27,2536.6,1987-07-01,1999-10-28,1478.6,1997-04-01,,,
3379,1991-12-04,3075.8,1987-07-01,2000-07-28,1486.3,1997-04-01,,,
3380,1996-01-19,3852.9,1987-07-01,2003-12-10,1468.9,1997-04-01,,,
3381,1999-10-28,,1987-07-01,2009-07-31,1472.4,1997-04-01,,,
3382,1999-10-30,4130.2,1987-07-01,2013-07-31,1552.2,1997-04-01,,,
3383,2000-04-03,4147.0,1987-07-01,2017-10-27,1552.209,1997-04-01,,,
3384,2003-12-10,4406.3,1987-07-01,2018-07-27,1542.541,1997-04-01,,,
3385,2009-07-31,4910.4,1987-07-01,1997-10-31,1457.8,1997-07-01,,,
3386,2011-07-29,4908.2,1987-07-01,1997-11-26,1458.6,1997-07-01,,,
3387,2013-07-31,5228.6,1987-07-01,1997-12-23,1457.9,1997-07-01,,,
3388,2014-07-30,5228.5,1987-07-01,1998-07-31,1459.5,1997-07-01,,,
3389,2017-10-27,5228.524,1987-07-01,1999-10-28,1490.1,1997-07-01,,,
3390,2018-07-27,5543.723,1987-07-01,2000-07-28,1498.0,1997-07-01,,,
3391,2021-07-29,5554.512,1987-07-01,2003-12-10,1472.2,1997-07-01,,,
3392,2023-09-28,5875.641,1987-07-01,2009-07-31,1477.9,1997-07-01,,,
3393,1988-01-27,2496.6,1987-10-01,2013-07-31,1559.8,1997-07-01,,,
3394,1988-02-25,2500.9,1987-10-01,2017-10-27,1559.79,1997-07-01,,,
3395,1988-03-23,2504.6,1987-10-01,2018-07-27,1555.224,1997-07-01,,,
3396,1988-07-27,2531.7,1987-10-01,1998-01-30,1475.6,1997-10-01,,,
3397,1989-07-27,2532.3,1987-10-01,1998-02-27,1470.9,1997-10-01,,,
3398,1990-07-27,2534.2,1987-10-01,1998-07-31,1468.1,1997-10-01,,,
3399,1991-12-04,3074.7,1987-10-01,1999-10-28,1499.5,1997-10-01,,,
3400,1996-01-19,3856.5,1987-10-01,2000-07-28,1508.2,1997-10-01,,,
3401,1999-10-28,,1987-10-01,2003-12-10,1481.1,1997-10-01,,,
3402,1999-10-30,4139.4,1987-10-01,2009-07-31,1490.0,1997-10-01,,,
3403,2000-04-03,4155.3,1987-10-01,2013-07-31,1572.4,1997-10-01,,,
3404,2003-12-10,4417.1,1987-10-01,2017-10-27,1572.42,1997-10-01,,,
3405,2009-07-31,4922.2,1987-10-01,2018-07-27,1574.782,1997-10-01,,,
3406,2011-07-29,4920.0,1987-10-01,1998-04-30,1466.4,1998-01-01,,,
3407,2013-07-31,5239.6,1987-10-01,1998-05-28,1463.1,1998-01-01,,,
3408,2014-07-30,5239.5,1987-10-01,1998-06-25,1462.6,1998-01-01,,,
3409,2017-10-27,5239.482,1987-10-01,1998-07-31,1464.9,1998-01-01,,,
3410,2018-07-27,5555.451,1987-10-01,1999-10-28,1499.0,1998-01-01,,,
3411,2021-07-29,5566.263,1987-10-01,2000-07-28,1507.6,1998-01-01,,,
3412,2023-09-28,5888.065,1987-10-01,2001-07-27,1501.8,1998-01-01,,,
3413,1988-04-26,2528.2,1988-01-01,2003-12-10,1477.0,1998-01-01,,,
3414,1988-05-26,2530.9,1988-01-01,2009-07-31,1482.6,1998-01-01,,,
3415,1988-06-23,2527.9,1988-01-01,2013-07-31,1566.7,1998-01-01,,,
3416,1988-07-27,2559.8,1988-01-01,2017-10-27,1566.709,1998-01-01,,,
3417,1989-07-27,2570.8,1988-01-01,2018-07-27,1568.029,1998-01-01,,,
3418,1990-07-27,2576.8,1988-01-01,1998-07-31,1480.7,1998-04-01,,,
3419,1991-12-04,3128.2,1988-01-01,1998-08-27,1480.3,1998-04-01,,,
3420,1996-01-19,3924.2,1988-01-01,1998-09-24,1481.2,1998-04-01,,,
3421,1999-10-28,,1988-01-01,1999-10-28,1526.5,1998-04-01,,,
3422,1999-10-30,4212.1,1988-01-01,2000-07-28,1538.6,1998-04-01,,,
3423,2000-04-03,4228.0,1988-01-01,2001-07-27,1533.8,1998-04-01,,,
3424,2003-12-10,4490.6,1988-01-01,2003-12-10,1511.5,1998-04-01,,,
3425,2009-07-31,5004.4,1988-01-01,2009-07-31,1518.7,1998-04-01,,,
3426,2011-07-29,5002.2,1988-01-01,2013-07-31,1604.4,1998-04-01,,,
3427,2013-07-31,5332.7,1988-01-01,2017-10-27,1604.444,1998-04-01,,,
3428,2017-10-27,5332.664,1988-01-01,2018-07-27,1603.691,1998-04-01,,,
3429,2018-07-27,5653.588,1988-01-01,1998-10-30,1490.5,1998-07-01,,,
3430,2021-07-29,5664.593,1988-01-01,1998-11-24,1491.0,1998-07-01,,,
3431,2023-09-28,5992.101,1988-01-01,1998-12-23,1492.3,1998-07-01,,,
3432,1988-07-27,2574.2,1988-04-01,1999-10-28,1538.7,1998-07-01,,,
3433,1988-08-25,2577.2,1988-04-01,2000-07-28,1550.3,1998-07-01,,,
3434,1988-09-20,2579.0,1988-04-01,2001-07-27,1548.1,1998-07-01,,,
3435,1989-07-27,2586.8,1988-04-01,2003-12-10,1531.7,1998-07-01,,,
3436,1990-07-27,2594.1,1988-04-01,2009-07-31,1540.4,1998-07-01,,,
3437,1991-12-04,3147.8,1988-04-01,2013-07-31,1628.6,1998-07-01,,,
3438,1996-01-19,3952.2,1988-04-01,2017-10-27,1628.557,1998-07-01,,,
3439,1999-10-28,,1988-04-01,2018-07-27,1627.262,1998-07-01,,,
3440,1999-10-30,4241.0,1988-04-01,1999-01-29,1512.6,1998-10-01,,,
3441,2000-04-03,4256.8,1988-04-01,1999-02-26,1511.7,1998-10-01,,,
3442,2003-12-10,4522.7,1988-04-01,1999-03-31,1510.2,1998-10-01,,,
3443,2009-07-31,5040.8,1988-04-01,1999-10-28,1554.8,1998-10-01,,,
3444,2011-07-29,5038.5,1988-04-01,2000-07-28,1567.2,1998-10-01,,,
3445,2013-07-31,5371.9,1988-04-01,2001-07-27,1570.3,1998-10-01,,,
3446,2014-07-30,5371.8,1988-04-01,2003-12-10,1553.1,1998-10-01,,,
3447,2017-10-27,5371.79,1988-04-01,2009-07-31,1562.5,1998-10-01,,,
3448,2018-07-27,5695.326,1988-04-01,2013-07-31,1654.3,1998-10-01,,,
3449,2021-07-29,5706.414,1988-04-01,2017-10-27,1654.348,1998-10-01,,,
3450,2023-09-28,6036.355,1988-04-01,2018-07-27,1647.452,1998-10-01,,,
3451,1988-10-26,2601.3,1988-07-01,1999-04-30,1538.1,1999-01-01,,,
3452,1988-11-29,2604.5,1988-07-01,1999-05-27,1537.7,1999-01-01,,,
3453,1988-12-20,2603.8,1988-07-01,1999-06-25,1537.5,1999-01-01,,,
3454,1989-07-27,2608.1,1988-07-01,1999-10-28,1589.1,1999-01-01,,,
3455,1990-07-27,2616.4,1988-07-01,2000-07-28,1595.5,1999-01-01,,,
3456,1991-12-04,3170.6,1988-07-01,2001-07-27,1590.9,1999-01-01,,,
3457,1996-01-19,3985.1,1988-07-01,2002-07-31,1594.6,1999-01-01,,,
3458,1999-10-28,,1988-07-01,2003-12-10,1575.6,1999-01-01,,,
3459,1999-10-30,4275.4,1988-07-01,2009-07-31,1585.8,1999-01-01,,,
3460,2000-04-03,4291.6,1988-07-01,2013-07-31,1676.0,1999-01-01,,,
3461,2003-12-10,4560.5,1988-07-01,2017-10-27,1675.982,1999-01-01,,,
3462,2009-07-31,5080.6,1988-07-01,2018-07-27,1669.4,1999-01-01,,,
3463,2011-07-29,5078.3,1988-07-01,2021-07-29,1669.139,1999-01-01,,,
3464,2013-07-31,5417.7,1988-07-01,1999-07-29,1544.1,1999-04-01,,,
3465,2017-10-27,5417.666,1988-07-01,1999-08-26,1542.8,1999-04-01,,,
3466,2018-07-27,5745.933,1988-07-01,1999-09-30,1541.5,1999-04-01,,,
3467,2021-07-29,5757.12,1988-07-01,1999-10-28,1605.9,1999-04-01,,,
3468,2023-09-28,6090.001,1988-07-01,2000-07-28,1610.9,1999-04-01,,,
3469,1989-01-27,2621.9,1988-10-01,2001-07-27,1609.6,1999-04-01,,,
3470,1989-02-28,2626.0,1988-10-01,2002-07-31,1620.1,1999-04-01,,,
3471,1989-03-23,2626.2,1988-10-01,2003-12-10,1599.1,1999-04-01,,,
3472,1989-07-27,2627.7,1988-10-01,2009-07-31,1608.8,1999-04-01,,,
3473,1990-07-27,2638.8,1988-10-01,2013-07-31,1703.7,1999-04-01,,,
3474,1991-12-04,3202.9,1988-10-01,2017-10-27,1703.68,1999-04-01,,,
3475,1996-01-19,4029.1,1988-10-01,2018-07-27,1695.179,1999-04-01,,,
3476,1999-10-28,,1988-10-01,2021-07-29,1694.757,1999-04-01,,,
3477,1999-10-30,4324.4,1988-10-01,1999-10-28,1631.2,1999-07-01,,,
3478,2000-04-03,4341.4,1988-10-01,1999-11-24,1636.4,1999-07-01,,,
3479,2003-12-10,4614.0,1988-10-01,1999-12-22,1637.2,1999-07-01,,,
3480,2009-07-31,5140.4,1988-10-01,2000-07-28,1642.4,1999-07-01,,,
3481,2011-07-29,5138.1,1988-10-01,2001-07-27,1641.2,1999-07-01,,,
3482,2013-07-31,5479.8,1988-10-01,2002-07-31,1653.9,1999-07-01,,,
3483,2014-07-30,5479.7,1988-10-01,2003-12-10,1633.2,1999-07-01,,,
3484,2017-10-27,5479.699,1988-10-01,2009-07-31,1644.6,1999-07-01,,,
3485,2018-07-27,5811.264,1988-10-01,2013-07-31,1740.2,1999-07-01,,,
3486,2021-07-29,5822.579,1988-10-01,2017-10-27,1740.247,1999-07-01,,,
3487,2023-09-28,6159.246,1988-10-01,2018-07-27,1734.512,1999-07-01,,,
3488,1989-04-26,2634.8,1989-01-01,2021-07-29,1733.984,1999-07-01,,,
3489,1989-05-25,2633.6,1989-01-01,2000-01-28,1682.6,1999-10-01,,,
3490,1989-06-22,2634.9,1989-01-01,2000-02-25,1687.0,1999-10-01,,,
3491,1989-07-27,2641.0,1989-01-01,2000-03-30,1688.0,1999-10-01,,,
3492,1990-07-27,2636.7,1989-01-01,2000-07-28,1688.8,1999-10-01,,,
3493,1991-12-04,3200.9,1989-01-01,2001-07-27,1688.3,1999-10-01,,,
3494,1992-07-30,3203.6,1989-01-01,2002-07-31,1695.4,1999-10-01,,,
3495,1996-01-19,4032.8,1989-01-01,2003-12-10,1675.3,1999-10-01,,,
3496,1999-10-28,,1989-01-01,2009-07-31,1685.9,1999-10-01,,,
3497,1999-10-30,4339.3,1989-01-01,2013-07-31,1784.2,1999-10-01,,,
3498,2000-04-03,4357.1,1989-01-01,2017-10-27,1784.243,1999-10-01,,,
3499,2003-12-10,4631.2,1989-01-01,2018-07-27,1782.347,1999-10-01,,,
3500,2009-07-31,5159.3,1989-01-01,2021-07-29,1781.74,1999-10-01,,,
3501,2011-07-29,5156.9,1989-01-01,2000-04-27,1707.1,2000-01-01,,,
3502,2013-07-31,5505.1,1989-01-01,2000-05-25,1706.7,2000-01-01,,,
3503,2014-07-30,5505.0,1989-01-01,2000-06-29,1706.1,2000-01-01,,,
3504,2017-10-27,5504.973,1989-01-01,2000-07-28,1710.4,2000-01-01,,,
3505,2018-07-27,5838.225,1989-01-01,2001-07-27,1711.8,2000-01-01,,,
3506,2021-07-29,5849.592,1989-01-01,2002-07-31,1716.5,2000-01-01,,,
3507,2023-09-28,6187.816,1989-01-01,2003-12-10,1689.6,2000-01-01,,,
3508,1989-07-27,2648.2,1989-04-01,2009-07-31,1695.6,2000-01-01,,,
3509,1989-08-29,2655.3,1989-04-01,2013-07-31,1795.1,2000-01-01,,,
3510,1989-09-21,2653.7,1989-04-01,2017-10-27,1795.13,2000-01-01,,,
3511,1990-07-27,2645.3,1989-04-01,2018-07-27,1790.716,2000-01-01,,,
3512,1991-12-04,3208.6,1989-04-01,2021-07-29,1789.895,2000-01-01,,,
3513,1992-07-30,3212.2,1989-04-01,2000-07-28,1746.0,2000-04-01,,,
3514,1996-01-19,4047.4,1989-04-01,2000-08-25,1742.9,2000-04-01,,,
3515,1999-10-28,,1989-04-01,2000-09-28,1742.2,2000-04-01,,,
3516,1999-10-30,4356.1,1989-04-01,2001-07-27,1741.1,2000-04-01,,,
3517,2000-04-03,4374.8,1989-04-01,2002-07-31,1748.8,2000-04-01,,,
3518,2003-12-10,4653.0,1989-04-01,2003-12-10,1720.0,2000-04-01,,,
3519,2009-07-31,5182.4,1989-04-01,2009-07-31,1726.9,2000-04-01,,,
3520,2011-07-29,5180.0,1989-04-01,2013-07-31,1828.9,2000-04-01,,,
3521,2013-07-31,5531.0,1989-04-01,2017-10-27,1828.895,2000-04-01,,,
3522,2014-07-30,5530.9,1989-04-01,2018-07-27,1823.116,2000-04-01,,,
3523,2017-10-27,5530.918,1989-04-01,2021-07-29,1822.524,2000-04-01,,,
3524,2018-07-27,5865.477,1989-04-01,2000-10-27,1742.3,2000-07-01,,,
3525,2021-07-29,5876.896,1989-04-01,2000-11-29,1749.2,2000-07-01,,,
3526,2023-09-28,6216.695,1989-04-01,2000-12-21,1748.8,2000-07-01,,,
3527,1989-10-26,2691.2,1989-07-01,2001-07-27,1744.2,2000-07-01,,,
3528,1989-11-29,2694.1,1989-07-01,2002-07-31,1757.2,2000-07-01,,,
3529,1989-12-20,2690.1,1989-07-01,2003-12-10,1729.9,2000-07-01,,,
3530,1990-07-27,2675.3,1989-07-01,2009-07-31,1740.0,2000-07-01,,,
3531,1991-12-04,3241.1,1989-07-01,2013-07-31,1845.0,2000-07-01,,,
3532,1992-07-30,3235.3,1989-07-01,2017-10-27,1845.027,2000-07-01,,,
3533,1996-01-19,4083.2,1989-07-01,2018-07-27,1832.333,2000-07-01,,,
3534,1999-10-28,,1989-07-01,2021-07-29,1832.078,2000-07-01,,,
3535,1999-10-30,4393.6,1989-07-01,2001-01-31,1772.2,2000-10-01,,,
3536,2000-04-03,4413.4,1989-07-01,2001-02-28,1772.3,2000-10-01,,,
3537,2003-12-10,4697.3,1989-07-01,2001-03-29,1773.6,2000-10-01,,,
3538,2009-07-31,5236.1,1989-07-01,2001-07-27,1766.8,2000-10-01,,,
3539,2011-07-29,5233.7,1989-07-01,2002-07-31,1781.4,2000-10-01,,,
3540,2013-07-31,5585.9,1989-07-01,2003-12-10,1746.9,2000-10-01,,,
3541,2017-10-27,5585.851,1989-07-01,2009-07-31,1761.3,2000-10-01,,,
3542,2018-07-27,5922.261,1989-07-01,2013-07-31,1868.7,2000-10-01,,,
3543,2021-07-29,5933.79,1989-07-01,2017-10-27,1868.658,2000-10-01,,,
3544,2023-09-28,6276.877,1989-07-01,2018-07-27,1861.214,2000-10-01,,,
3545,1990-01-26,2689.3,1989-10-01,2021-07-29,1861.253,2000-10-01,,,
3546,1990-02-28,2692.6,1989-10-01,2001-04-27,1807.6,2001-01-01,,,
3547,1990-03-28,2693.7,1989-10-01,2001-05-25,1811.5,2001-01-01,,,
3548,1990-07-27,2669.9,1989-10-01,2001-06-29,1811.3,2001-01-01,,,
3549,1991-12-04,3241.6,1989-10-01,2001-07-27,1805.2,2001-01-01,,,
3550,1992-07-30,3242.0,1989-10-01,2002-07-31,1825.0,2001-01-01,,,
3551,1996-01-19,4095.0,1989-10-01,2003-12-10,1783.5,2001-01-01,,,
3552,1999-10-28,,1989-10-01,2004-07-30,1783.3,2001-01-01,,,
3553,1999-10-30,4408.6,1989-10-01,2009-07-31,1801.1,2001-01-01,,,
3554,2000-04-03,4429.4,1989-10-01,2013-07-31,1911.9,2001-01-01,,,
3555,2003-12-10,4718.8,1989-10-01,2017-10-27,1911.891,2001-01-01,,,
3556,2009-07-31,5261.7,1989-10-01,2018-07-27,1905.413,2001-01-01,,,
3557,2011-07-29,5259.3,1989-10-01,2021-07-29,1906.253,2001-01-01,,,
3558,2013-07-31,5610.6,1989-10-01,2001-07-27,1837.4,2001-04-01,,,
3559,2014-07-30,5610.5,1989-10-01,2001-08-29,1837.1,2001-04-01,,,
3560,2017-10-27,5610.53,1989-10-01,2001-09-28,1835.4,2001-04-01,,,
3561,2018-07-27,5948.0,1989-10-01,2002-07-31,1858.5,2001-04-01,,,
3562,2021-07-29,5959.58,1989-10-01,2003-12-10,1818.8,2001-04-01,,,
3563,2023-09-28,6304.157,1989-10-01,2004-07-30,1825.4,2001-04-01,,,
3564,1990-04-27,2710.1,1990-01-01,2009-07-31,1846.9,2001-04-01,,,
3565,1990-05-24,2709.6,1990-01-01,2013-07-31,1958.6,2001-04-01,,,
3566,1990-06-21,2704.3,1990-01-01,2017-10-27,1958.621,2001-04-01,,,
3567,1990-07-27,2677.3,1990-01-01,2018-07-27,1946.995,2001-04-01,,,
3568,1991-12-04,3258.8,1990-01-01,2021-07-29,1947.731,2001-04-01,,,
3569,1992-07-30,3259.5,1990-01-01,2001-10-31,1843.5,2001-07-01,,,
3570,1993-08-31,3264.4,1990-01-01,2001-11-30,1839.7,2001-07-01,,,
3571,1996-01-19,4128.9,1990-01-01,2001-12-21,1836.9,2001-07-01,,,
3572,1999-10-28,,1990-01-01,2002-07-31,1851.7,2001-07-01,,,
3573,1999-10-30,4443.3,1990-01-01,2003-12-10,1808.8,2001-07-01,,,
3574,2000-04-03,4466.0,1990-01-01,2004-07-30,1825.6,2001-07-01,,,
3575,2003-12-10,4757.1,1990-01-01,2009-07-31,1850.6,2001-07-01,,,
3576,2009-07-31,5303.3,1990-01-01,2013-07-31,1965.5,2001-07-01,,,
3577,2011-07-29,5300.9,1990-01-01,2017-10-27,1965.456,2001-07-01,,,
3578,2013-07-31,5658.8,1990-01-01,2018-07-27,1952.705,2001-07-01,,,
3579,2014-07-30,5658.7,1990-01-01,2021-07-29,1953.408,2001-07-01,,,
3580,2017-10-27,5658.687,1990-01-01,2002-01-30,1874.4,2001-10-01,,,
3581,2018-07-27,5998.058,1990-01-01,2002-02-28,1879.9,2001-10-01,,,
3582,2021-07-29,6009.735,1990-01-01,2002-03-28,1880.4,2001-10-01,,,
3583,2023-09-28,6357.213,1990-01-01,2002-07-31,1896.8,2001-10-01,,,
3584,1990-07-27,2675.2,1990-04-01,2003-12-10,1847.8,2001-10-01,,,
3585,1990-08-24,2679.3,1990-04-01,2004-07-30,1868.2,2001-10-01,,,
3586,1990-09-25,2678.8,1990-04-01,2009-07-31,1887.2,2001-10-01,,,
3587,1991-12-04,3258.6,1990-04-01,2013-07-31,1999.1,2001-10-01,,,
3588,1992-07-30,3260.1,1990-04-01,2017-10-27,1999.093,2001-10-01,,,
3589,1993-08-31,3271.6,1990-04-01,2018-07-27,1991.988,2001-10-01,,,
3590,1996-01-19,4134.7,1990-04-01,2021-07-29,1992.742,2001-10-01,,,
3591,1999-10-28,,1990-04-01,2002-04-26,1931.7,2002-01-01,,,
3592,1999-10-30,4456.9,1990-04-01,2002-05-24,1926.0,2002-01-01,,,
3593,2000-04-03,4478.8,1990-04-01,2002-06-27,1926.3,2002-01-01,,,
3594,2003-12-10,4773.0,1990-04-01,2002-07-31,1939.5,2002-01-01,,,
3595,2009-07-31,5320.8,1990-04-01,2003-12-10,1885.4,2002-01-01,,,
3596,2011-07-29,5318.4,1990-04-01,2004-07-30,1909.2,2002-01-01,,,
3597,2013-07-31,5676.5,1990-04-01,2005-07-29,1912.0,2002-01-01,,,
3598,2014-07-30,5676.4,1990-04-01,2009-07-31,1936.6,2002-01-01,,,
3599,2017-10-27,5676.423,1990-04-01,2013-07-31,2048.3,2002-01-01,,,
3600,2018-07-27,6016.329,1990-04-01,2017-10-27,2048.323,2002-01-01,,,
3601,2021-07-29,6028.041,1990-04-01,2018-07-27,2038.946,2002-01-01,,,
3602,2023-09-28,6376.579,1990-04-01,2021-07-29,2040.01,2002-01-01,,,
3603,1990-10-30,2702.7,1990-07-01,2002-07-31,1960.6,2002-04-01,,,
3604,1990-11-28,2699.7,1990-07-01,2002-08-29,1960.4,2002-04-01,,,
3605,1990-12-19,2696.8,1990-07-01,2002-09-27,1959.8,2002-04-01,,,
3606,1991-12-04,3281.2,1990-07-01,2003-12-10,1919.3,2002-04-01,,,
3607,1992-07-30,3273.9,1990-07-01,2004-07-30,1944.9,2002-04-01,,,
3608,1993-08-31,3288.4,1990-07-01,2005-07-29,1948.3,2002-04-01,,,
3609,1996-01-19,4148.5,1990-07-01,2009-07-31,1968.5,2002-04-01,,,
3610,1999-10-28,,1990-07-01,2013-07-31,2080.6,2002-04-01,,,
3611,1999-10-30,4475.5,1990-07-01,2017-10-27,2080.64,2002-04-01,,,
3612,2000-04-03,4495.6,1990-07-01,2018-07-27,2073.495,2002-04-01,,,
3613,2003-12-10,4792.6,1990-07-01,2021-07-29,2074.482,2002-04-01,,,
3614,2009-07-31,5341.0,1990-07-01,2002-10-31,1975.4,2002-07-01,,,
3615,2011-07-29,5338.6,1990-07-01,2002-11-26,1981.7,2002-07-01,,,
3616,2013-07-31,5699.4,1990-07-01,2002-12-20,1981.1,2002-07-01,,,
3617,2014-07-30,5699.3,1990-07-01,2003-12-10,1941.5,2002-07-01,,,
3618,2018-07-27,6040.163,1990-07-01,2004-07-30,1968.3,2002-07-01,,,
3619,2021-07-29,6051.922,1990-07-01,2005-07-29,1971.8,2002-07-01,,,
3620,2023-09-28,6401.841,1990-07-01,2009-07-31,1996.0,2002-07-01,,,
3621,1991-01-25,2675.8,1990-10-01,2013-07-31,2107.7,2002-07-01,,,
3622,1991-02-27,2676.9,1990-10-01,2017-10-27,2107.718,2002-07-01,,,
3623,1991-03-27,2673.6,1990-10-01,2018-07-27,2100.432,2002-07-01,,,
3624,1991-12-04,3251.8,1990-10-01,2021-07-29,2101.256,2002-07-01,,,
3625,1992-07-30,3248.0,1990-10-01,2003-01-30,2011.9,2002-10-01,,,
3626,1993-08-31,3265.9,1990-10-01,2003-02-28,2012.7,2002-10-01,,,
3627,1996-01-19,4116.4,1990-10-01,2003-03-27,2011.3,2002-10-01,,,
3628,1999-10-28,,1990-10-01,2003-12-10,1983.9,2002-10-01,,,
3629,1999-10-30,4440.7,1990-10-01,2004-07-30,2004.2,2002-10-01,,,
3630,2000-04-03,4457.7,1990-10-01,2005-07-29,2012.5,2002-10-01,,,
3631,2003-12-10,4758.3,1990-10-01,2009-07-31,2032.3,2002-10-01,,,
3632,2009-07-31,5299.5,1990-10-01,2013-07-31,2143.1,2002-10-01,,,
3633,2011-07-29,5297.0,1990-10-01,2017-10-27,2143.065,2002-10-01,,,
3634,2013-07-31,5656.3,1990-10-01,2018-07-27,2141.997,2002-10-01,,,
3635,2014-07-30,5656.2,1990-10-01,2021-07-29,2142.232,2002-10-01,,,
3636,2017-10-27,5656.174,1990-10-01,2003-04-25,2053.6,2003-01-01,,,
3637,2018-07-27,5994.212,1990-10-01,2003-05-29,2052.8,2003-01-01,,,
3638,2021-07-29,6005.882,1990-10-01,2003-06-26,2052.0,2003-01-01,,,
3639,2023-09-28,6353.139,1990-10-01,2003-12-10,2017.4,2003-01-01,,,
3640,1991-04-26,2664.1,1991-01-01,2004-07-30,2041.4,2003-01-01,,,
3641,1991-05-29,2664.9,1991-01-01,2005-07-29,2054.4,2003-01-01,,,
3642,1991-06-26,2663.7,1991-01-01,2006-07-28,2050.3,2003-01-01,,,
3643,1991-12-04,3241.1,1991-01-01,2009-07-31,2073.6,2003-01-01,,,
3644,1992-07-30,3223.5,1991-01-01,2013-07-31,2178.0,2003-01-01,,,
3645,1993-08-31,3242.7,1991-01-01,2017-10-27,2177.952,2003-01-01,,,
3646,1994-07-29,3242.9,1991-01-01,2018-07-27,2172.36,2003-01-01,,,
3647,1996-01-19,4084.5,1991-01-01,2021-07-29,2172.01,2003-01-01,,,
3648,1999-10-28,,1991-01-01,2003-07-31,2085.6,2003-04-01,,,
3649,1999-10-30,4425.0,1991-01-01,2003-08-28,2090.2,2003-04-01,,,
3650,2000-04-03,4437.5,1991-01-01,2003-09-26,2092.2,2003-04-01,,,
3651,2003-12-10,4738.1,1991-01-01,2003-12-10,2054.2,2003-04-01,,,
3652,2009-07-31,5284.4,1991-01-01,2004-07-30,2074.2,2003-04-01,,,
3653,2011-07-29,5282.0,1991-01-01,2005-07-29,2090.5,2003-04-01,,,
3654,2013-07-31,5636.8,1991-01-01,2006-07-28,2087.7,2003-04-01,,,
3655,2014-07-30,5636.7,1991-01-01,2009-07-31,2110.0,2003-04-01,,,
3656,2017-10-27,5636.708,1991-01-01,2013-07-31,2216.9,2003-04-01,,,
3657,2018-07-27,5971.672,1991-01-01,2017-10-27,2216.888,2003-04-01,,,
3658,2021-07-29,5983.298,1991-01-01,2018-07-27,2199.425,2003-04-01,,,
3659,2023-09-28,6329.249,1991-01-01,2021-07-29,2198.793,2003-04-01,,,
3660,1991-07-26,2687.2,1991-04-01,2003-10-30,2104.5,2003-07-01,,,
3661,1991-08-28,2682.1,1991-04-01,2003-11-25,2104.3,2003-07-01,,,
3662,1991-09-26,2680.5,1991-04-01,2003-12-10,,2003-07-01,,,
3663,1991-12-04,3252.4,1991-04-01,2003-12-23,2072.1,2003-07-01,,,
3664,1992-07-30,3239.3,1991-04-01,2004-07-30,2086.4,2003-07-01,,,
3665,1993-08-31,3256.9,1991-04-01,2005-07-29,2106.2,2003-07-01,,,
3666,1994-07-29,3259.5,1991-04-01,2006-07-28,2108.2,2003-07-01,,,
3667,1996-01-19,4110.0,1991-04-01,2009-07-31,2127.5,2003-07-01,,,
3668,1999-10-28,,1991-04-01,2013-07-31,2231.2,2003-07-01,,,
3669,1999-10-30,4461.5,1991-04-01,2017-10-27,2231.24,2003-07-01,,,
3670,2000-04-03,4469.9,1991-04-01,2018-07-27,2221.212,2003-07-01,,,
3671,2003-12-10,4779.4,1991-04-01,2021-07-29,2220.432,2003-07-01,,,
3672,2009-07-31,5324.7,1991-04-01,2004-01-30,2078.8,2003-10-01,,,
3673,2011-07-29,5322.2,1991-04-01,2004-02-27,2079.0,2003-10-01,,,
3674,2013-07-31,5684.1,1991-04-01,2004-03-25,2075.6,2003-10-01,,,
3675,2014-07-30,5684.0,1991-04-01,2004-07-30,2100.0,2003-10-01,,,
3676,2017-10-27,5684.016,1991-04-01,2005-07-29,2116.5,2003-10-01,,,
3677,2018-07-27,6021.163,1991-04-01,2006-07-28,2123.7,2003-10-01,,,
3678,2021-07-29,6032.885,1991-04-01,2009-07-31,2139.1,2003-10-01,,,
3679,2023-09-28,6381.703,1991-04-01,2013-07-31,2257.3,2003-10-01,,,
3680,1991-10-29,2705.3,1991-07-01,2017-10-27,2257.316,2003-10-01,,,
3681,1991-12-04,3270.6,1991-07-01,2018-07-27,2251.834,2003-10-01,,,
3682,1991-12-20,3271.2,1991-07-01,2021-07-29,2251.164,2003-10-01,,,
3683,1992-07-30,3251.2,1991-07-01,2004-04-29,2110.3,2004-01-01,,,
3684,1993-08-31,3267.1,1991-07-01,2004-05-27,2116.4,2004-01-01,,,
3685,1994-07-29,3269.8,1991-07-01,2004-06-25,2117.3,2004-01-01,,,
3686,1996-01-19,4119.5,1991-07-01,2004-07-30,2139.5,2004-01-01,,,
3687,1999-10-28,,1991-07-01,2005-07-29,2166.2,2004-01-01,,,
3688,1999-10-30,4480.4,1991-07-01,2006-07-28,2174.4,2004-01-01,,,
3689,2000-04-03,4484.3,1991-07-01,2007-07-27,2169.1,2004-01-01,,,
3690,2003-12-10,4800.1,1991-07-01,2009-07-31,2184.5,2004-01-01,,,
3691,2009-07-31,5345.0,1991-07-01,2013-07-31,2303.1,2004-01-01,,,
3692,2011-07-29,5342.6,1991-07-01,2017-10-27,2303.095,2004-01-01,,,
3693,2013-07-31,5711.7,1991-07-01,2018-07-27,2287.338,2004-01-01,,,
3694,2014-07-30,5711.6,1991-07-01,2021-07-29,2286.594,2004-01-01,,,
3695,2017-10-27,5711.641,1991-07-01,2004-07-30,2172.9,2004-04-01,,,
3696,2018-07-27,6051.184,1991-07-01,2004-08-27,2174.6,2004-04-01,,,
3697,2021-07-29,6062.964,1991-07-01,2004-09-29,2174.3,2004-04-01,,,
3698,2023-09-28,6413.521,1991-07-01,2005-07-29,2205.0,2004-04-01,,,
3699,1992-01-29,3262.2,1991-10-01,2006-07-28,2215.1,2004-04-01,,,
3700,1992-02-28,3269.5,1991-10-01,2007-07-27,2202.8,2004-04-01,,,
3701,1992-03-26,3271.1,1991-10-01,2009-07-31,2219.0,2004-04-01,,,
3702,1992-07-30,3249.0,1991-10-01,2013-07-31,2343.6,2004-04-01,,,
3703,1993-08-31,3267.5,1991-10-01,2017-10-27,2343.551,2004-04-01,,,
3704,1994-07-29,3265.3,1991-10-01,2018-07-27,2321.398,2004-04-01,,,
3705,1996-01-19,4109.1,1991-10-01,2021-07-29,2320.682,2004-04-01,,,
3706,1999-10-28,,1991-10-01,2004-10-29,2199.4,2004-07-01,,,
3707,1999-10-30,4475.5,1991-10-01,2004-11-30,2199.0,2004-07-01,,,
3708,2000-04-03,4474.8,1991-10-01,2004-12-22,2197.2,2004-07-01,,,
3709,2003-12-10,4795.9,1991-10-01,2005-07-29,2232.5,2004-07-01,,,
3710,2009-07-31,5342.6,1991-10-01,2006-07-28,2247.3,2004-07-01,,,
3711,2011-07-29,5340.2,1991-10-01,2007-07-27,2237.3,2004-07-01,,,
3712,2013-07-31,5710.1,1991-10-01,2009-07-31,2254.4,2004-07-01,,,
3713,2017-10-27,5710.052,1991-10-01,2013-07-31,2381.8,2004-07-01,,,
3714,2018-07-27,6048.156,1991-10-01,2017-10-27,2381.767,2004-07-01,,,
3715,2021-07-29,6059.93,1991-10-01,2018-07-27,2357.154,2004-07-01,,,
3716,2023-09-28,6410.312,1991-10-01,2021-07-29,2356.371,2004-07-01,,,
3717,1992-04-28,3313.8,1992-01-01,2005-01-28,2224.3,2004-10-01,,,
3718,1992-05-29,3314.2,1992-01-01,2005-02-25,2226.5,2004-10-01,,,
3719,1992-06-25,3311.3,1992-01-01,2005-03-30,2224.5,2004-10-01,,,
3720,1992-07-30,3289.3,1992-01-01,2005-07-29,2260.0,2004-10-01,,,
3721,1993-08-31,3302.3,1992-01-01,2006-07-28,2268.0,2004-10-01,,,
3722,1994-07-29,3311.4,1992-01-01,2007-07-27,2258.2,2004-10-01,,,
3723,1996-01-19,4173.8,1992-01-01,2009-07-31,2273.3,2004-10-01,,,
3724,1999-10-28,,1992-01-01,2013-07-31,2401.2,2004-10-01,,,
3725,1999-10-30,4552.9,1992-01-01,2017-10-27,2401.197,2004-10-01,,,
3726,2000-04-03,4544.8,1992-01-01,2018-07-27,2389.668,2004-10-01,,,
3727,2003-12-10,4875.0,1992-01-01,2021-07-29,2388.847,2004-10-01,,,
3728,2009-07-31,5434.5,1992-01-01,2005-04-28,2260.6,2005-01-01,,,
3729,2011-07-29,5432.0,1992-01-01,2005-05-26,2257.9,2005-01-01,,,
3730,2013-07-31,5817.4,1992-01-01,2005-06-29,2259.4,2005-01-01,,,
3731,2014-07-30,5817.3,1992-01-01,2005-07-29,2302.0,2005-01-01,,,
3732,2017-10-27,5817.316,1992-01-01,2006-07-28,2316.2,2005-01-01,,,
3733,2018-07-27,6161.398,1992-01-01,2007-07-27,2306.7,2005-01-01,,,
3734,2021-07-29,6173.393,1992-01-01,2008-07-31,2299.2,2005-01-01,,,
3735,2023-09-28,6530.335,1992-01-01,2009-07-31,2316.5,2005-01-01,,,
3736,1992-07-30,3286.6,1992-04-01,2013-07-31,2442.2,2005-01-01,,,
3737,1992-08-27,3287.4,1992-04-01,2017-10-27,2442.223,2005-01-01,,,
3738,1992-09-24,3288.5,1992-04-01,2018-07-27,2426.905,2005-01-01,,,
3739,1993-08-31,3316.8,1992-04-01,2021-07-29,2426.138,2005-01-01,,,
3740,1994-07-29,3325.4,1992-04-01,2005-07-29,2335.5,2005-04-01,,,
3741,1996-01-19,4196.4,1992-04-01,2005-08-31,2338.2,2005-04-01,,,
3742,1999-10-28,,1992-04-01,2005-09-29,2337.6,2005-04-01,,,
3743,1999-10-30,4577.2,1992-04-01,2006-07-28,2348.9,2005-04-01,,,
3744,2000-04-03,4566.7,1992-04-01,2007-07-27,2339.8,2005-04-01,,,
3745,2003-12-10,4903.0,1992-04-01,2008-07-31,2328.0,2005-04-01,,,
3746,2009-07-31,5466.7,1992-04-01,2009-07-31,2344.6,2005-04-01,,,
3747,2011-07-29,5464.2,1992-04-01,2013-07-31,2469.7,2005-04-01,,,
3748,2013-07-31,5857.3,1992-04-01,2017-10-27,2469.693,2005-04-01,,,
3749,2014-07-30,5857.2,1992-04-01,2018-07-27,2452.909,2005-04-01,,,
3750,2017-10-27,5857.169,1992-04-01,2021-07-29,2452.246,2005-04-01,,,
3751,2018-07-27,6203.224,1992-04-01,2005-10-28,2392.7,2005-07-01,,,
3752,2021-07-29,6215.3,1992-04-01,2005-11-30,2392.2,2005-07-01,,,
3753,2023-09-28,6574.665,1992-04-01,2005-12-21,2392.7,2005-07-01,,,
3754,1992-10-27,3316.1,1992-07-01,2006-07-28,2402.4,2005-07-01,,,
3755,1992-12-22,3318.4,1992-07-01,2007-07-27,2394.8,2005-07-01,,,
3756,1993-08-31,3350.9,1992-07-01,2008-07-31,2388.0,2005-07-01,,,
3757,1994-07-29,3357.6,1992-07-01,2009-07-31,2400.1,2005-07-01,,,
3758,1996-01-19,4226.7,1992-07-01,2013-07-31,2521.6,2005-07-01,,,
3759,1999-10-28,,1992-07-01,2017-10-27,2521.551,2005-07-01,,,
3760,1999-10-30,4611.0,1992-07-01,2018-07-27,2495.099,2005-07-01,,,
3761,2000-04-03,4600.5,1992-07-01,2021-07-29,2494.438,2005-07-01,,,
3762,2003-12-10,4951.8,1992-07-01,2006-01-27,2406.8,2005-10-01,,,
3763,2009-07-31,5527.1,1992-07-01,2006-02-28,2421.4,2005-10-01,,,
3764,2011-07-29,5524.6,1992-07-01,2006-03-30,2419.6,2005-10-01,,,
3765,2013-07-31,5920.7,1992-07-01,2006-07-28,2423.6,2005-10-01,,,
3766,2014-07-30,5920.6,1992-07-01,2007-07-27,2412.5,2005-10-01,,,
3767,2017-10-27,5920.598,1992-07-01,2008-07-31,2405.9,2005-10-01,,,
3768,2018-07-27,6269.718,1992-07-01,2009-07-31,2418.3,2005-10-01,,,
3769,2021-07-29,6281.923,1992-07-01,2013-07-31,2541.3,2005-10-01,,,
3770,2023-09-28,6645.14,1992-07-01,2017-10-27,2541.291,2005-10-01,,,
3771,1993-01-28,3353.6,1992-10-01,2018-07-27,2529.054,2005-10-01,,,
3772,1993-02-26,3357.7,1992-10-01,2021-07-29,2528.432,2005-10-01,,,
3773,1993-03-26,3359.9,1992-10-01,2006-04-28,2472.8,2006-01-01,,,
3774,1993-08-31,3397.2,1992-10-01,2006-05-25,2473.8,2006-01-01,,,
3775,1994-07-29,3403.4,1992-10-01,2006-06-29,2474.5,2006-01-01,,,
3776,1996-01-19,4282.3,1992-10-01,2006-07-28,2479.6,2006-01-01,,,
3777,1999-10-28,,1992-10-01,2007-07-27,2472.1,2006-01-01,,,
3778,1999-10-30,4673.9,1992-10-01,2008-07-31,2458.4,2006-01-01,,,
3779,2000-04-03,4665.9,1992-10-01,2009-07-31,2474.5,2006-01-01,,,
3780,2003-12-10,5009.4,1992-10-01,2013-07-31,2592.2,2006-01-01,,,
3781,2009-07-31,5594.6,1992-10-01,2017-10-27,2592.185,2006-01-01,,,
3782,2011-07-29,5592.0,1992-10-01,2018-07-27,2580.699,2006-01-01,,,
3783,2013-07-31,5991.1,1992-10-01,2021-07-29,2580.086,2006-01-01,,,
3784,2017-10-27,5991.057,1992-10-01,2006-07-28,2511.3,2006-04-01,,,
3785,2018-07-27,6344.446,1992-10-01,2006-08-30,2514.7,2006-04-01,,,
3786,2021-07-29,6356.796,1992-10-01,2006-09-28,2513.9,2006-04-01,,,
3787,2023-09-28,6724.342,1992-10-01,2007-07-27,2512.5,2006-04-01,,,
3788,1993-04-29,3369.9,1993-01-01,2008-07-31,2495.7,2006-04-01,,,
3789,1993-06-23,3366.5,1993-01-01,2009-07-31,2510.5,2006-04-01,,,
3790,1993-08-31,3403.8,1993-01-01,2013-07-31,2630.7,2006-04-01,,,
3791,1994-07-29,3417.2,1993-01-01,2017-10-27,2630.669,2006-04-01,,,
3792,1996-01-19,4290.0,1993-01-01,2018-07-27,2610.894,2006-04-01,,,
3793,1996-08-01,4289.7,1993-01-01,2021-07-29,2610.565,2006-04-01,,,
3794,1997-07-31,4286.8,1993-01-01,2006-10-27,2535.2,2006-07-01,,,
3795,1999-10-28,,1993-01-01,2006-11-29,2540.8,2006-07-01,,,
3796,1999-10-30,4673.7,1993-01-01,2006-12-21,2542.1,2006-07-01,,,
3797,2000-04-03,4674.9,1993-01-01,2007-07-27,2536.1,2006-07-01,,,
3798,2003-12-10,5027.3,1993-01-01,2008-07-31,2526.9,2006-07-01,,,
3799,2009-07-31,5617.2,1993-01-01,2009-07-31,2533.3,2006-07-01,,,
3800,2011-07-29,5614.7,1993-01-01,2013-07-31,2655.4,2006-07-01,,,
3801,2013-07-31,6013.9,1993-01-01,2017-10-27,2655.364,2006-07-01,,,
3802,2014-07-30,6013.8,1993-01-01,2018-07-27,2630.65,2006-07-01,,,
3803,2017-10-27,6013.833,1993-01-01,2021-07-29,2630.28,2006-07-01,,,
3804,2018-07-27,6368.772,1993-01-01,2007-01-31,2570.2,2006-10-01,,,
3805,2021-07-29,6381.168,1993-01-01,2007-02-28,2573.1,2006-10-01,,,
3806,2023-09-28,6750.123,1993-01-01,2007-03-29,2575.1,2006-10-01,,,
3807,1993-07-29,3398.1,1993-04-01,2007-07-27,2571.4,2006-10-01,,,
3808,1993-08-31,3430.8,1993-04-01,2008-07-31,2551.4,2006-10-01,,,
3809,1993-09-29,3432.7,1993-04-01,2009-07-31,2555.2,2006-10-01,,,
3810,1994-07-29,3439.2,1993-04-01,2013-07-31,2690.6,2006-10-01,,,
3811,1996-01-19,4319.0,1993-04-01,2017-10-27,2690.557,2006-10-01,,,
3812,1996-08-01,4318.8,1993-04-01,2018-07-27,2674.694,2006-10-01,,,
3813,1997-07-31,4322.8,1993-04-01,2021-07-29,2674.454,2006-10-01,,,
3814,1999-10-28,,1993-04-01,2007-04-27,2618.3,2007-01-01,,,
3815,1999-10-30,4715.7,1993-04-01,2007-05-31,2618.5,2007-01-01,,,
3816,2000-04-03,4721.5,1993-04-01,2007-06-28,2617.8,2007-01-01,,,
3817,2003-12-10,5071.9,1993-04-01,2007-07-27,2608.3,2007-01-01,,,
3818,2009-07-31,5671.1,1993-04-01,2008-07-31,2597.0,2007-01-01,,,
3819,2011-07-29,5668.6,1993-04-01,2009-07-31,2599.3,2007-01-01,,,
3820,2013-07-31,6067.9,1993-04-01,2010-07-30,2604.4,2007-01-01,,,
3821,2014-07-30,6067.8,1993-04-01,2013-07-31,2735.6,2007-01-01,,,
3822,2017-10-27,6067.801,1993-04-01,2017-10-27,2735.641,2007-01-01,,,
3823,2018-07-27,6426.703,1993-04-01,2018-07-27,2719.157,2007-01-01,,,
3824,2021-07-29,6439.211,1993-04-01,2021-07-29,2718.491,2007-01-01,,,
3825,2023-09-28,6811.522,1993-04-01,2007-07-27,2670.5,2007-04-01,,,
3826,1993-10-28,3467.9,1993-07-01,2007-08-30,2670.7,2007-04-01,,,
3827,1993-12-01,3469.6,1993-07-01,2007-09-27,2670.0,2007-04-01,,,
3828,1994-07-29,3472.2,1993-07-01,2008-07-31,2655.9,2007-04-01,,,
3829,1996-01-19,4359.7,1993-07-01,2009-07-31,2657.4,2007-04-01,,,
3830,1996-08-01,4359.5,1993-07-01,2010-07-30,2656.0,2007-04-01,,,
3831,1997-07-31,4366.6,1993-07-01,2013-07-31,2782.5,2007-04-01,,,
3832,1999-10-28,,1993-07-01,2017-10-27,2782.458,2007-04-01,,,
3833,1999-10-30,4767.5,1993-07-01,2018-07-27,2770.314,2007-04-01,,,
3834,2000-04-03,4776.9,1993-07-01,2021-07-29,2769.958,2007-04-01,,,
3835,2003-12-10,5127.3,1993-07-01,2007-10-31,2714.9,2007-07-01,,,
3836,2009-07-31,5732.7,1993-07-01,2007-11-29,2716.3,2007-07-01,,,
3837,2011-07-29,5730.1,1993-07-01,2007-12-20,2716.5,2007-07-01,,,
3838,2013-07-31,6134.8,1993-07-01,2008-07-31,2703.5,2007-07-01,,,
3839,2017-10-27,6134.756,1993-07-01,2009-07-31,2700.9,2007-07-01,,,
3840,2018-07-27,6498.229,1993-07-01,2010-07-30,2698.4,2007-07-01,,,
3841,2021-07-29,6510.874,1993-07-01,2013-07-31,2824.3,2007-07-01,,,
3842,2023-09-28,6887.329,1993-07-01,2017-10-27,2824.322,2007-07-01,,,
3843,1994-01-28,3503.9,1993-10-01,2018-07-27,2809.03,2007-07-01,,,
3844,1994-03-01,3508.6,1993-10-01,2021-07-29,2808.718,2007-07-01,,,
3845,1994-03-31,3506.9,1993-10-01,2008-01-30,2770.6,2007-10-01,,,
3846,1994-07-29,3506.2,1993-10-01,2008-02-28,2767.8,2007-10-01,,,
3847,1996-01-19,4390.0,1993-10-01,2008-03-27,2764.4,2007-10-01,,,
3848,1997-07-31,4398.0,1993-10-01,2008-07-31,2742.9,2007-10-01,,,
3849,1999-10-28,,1993-10-01,2009-07-31,2748.3,2007-10-01,,,
3850,1999-10-30,4810.9,1993-10-01,2010-07-30,2738.2,2007-10-01,,,
3851,2000-04-03,4822.3,1993-10-01,2013-07-31,2865.3,2007-10-01,,,
3852,2003-12-10,5172.9,1993-10-01,2017-10-27,2865.286,2007-10-01,,,
3853,2009-07-31,5783.7,1993-10-01,2018-07-27,2864.876,2007-10-01,,,
3854,2011-07-29,5781.1,1993-10-01,2021-07-29,2865.057,2007-10-01,,,
3855,2013-07-31,6189.2,1993-10-01,2008-04-30,2824.7,2008-01-01,,,
3856,2014-07-30,6189.1,1993-10-01,2008-06-26,2825.5,2008-01-01,,,
3857,2017-10-27,6189.096,1993-10-01,2008-07-31,2798.1,2008-01-01,,,
3858,2018-07-27,6555.274,1993-10-01,2009-07-31,2808.4,2008-01-01,,,
3859,2021-07-29,6568.028,1993-10-01,2010-07-30,2802.3,2008-01-01,,,
3860,2023-09-28,6947.788,1993-10-01,2011-07-29,2812.0,2008-01-01,,,
3861,1994-04-28,3539.8,1994-01-01,2013-07-31,2923.8,2008-01-01,,,
3862,1994-05-27,3546.3,1994-01-01,2017-10-27,2923.821,2008-01-01,,,
3863,1994-06-29,3551.9,1994-01-01,2018-07-27,2909.263,2008-01-01,,,
3864,1994-07-29,3546.3,1994-01-01,2021-07-29,2909.64,2008-01-01,,,
3865,1996-01-19,4418.8,1994-01-01,2008-07-31,2869.6,2008-04-01,,,
3866,1996-08-01,4420.5,1994-01-01,2008-08-28,2872.5,2008-04-01,,,
3867,1997-07-31,4439.4,1994-01-01,2008-09-26,2873.7,2008-04-01,,,
3868,1999-10-28,4857.6,1994-01-01,2009-07-31,2877.1,2008-04-01,,,
3869,2000-04-03,4866.6,1994-01-01,2010-07-30,2869.8,2008-04-01,,,
3870,2003-12-10,5230.3,1994-01-01,2011-07-29,2869.6,2008-04-01,,,
3871,2009-07-31,5848.1,1994-01-01,2013-07-31,2983.4,2008-04-01,,,
3872,2011-07-29,5845.5,1994-01-01,2017-10-27,2983.375,2008-04-01,,,
3873,2013-07-31,6260.1,1994-01-01,2018-07-27,2971.12,2008-04-01,,,
3874,2017-10-27,6260.054,1994-01-01,2021-07-29,2971.642,2008-04-01,,,
3875,2018-07-27,6630.253,1994-01-01,2008-10-30,2945.8,2008-07-01,,,
3876,2021-07-29,6643.151,1994-01-01,2008-11-25,2943.9,2008-07-01,,,
3877,2023-09-28,7027.255,1994-01-01,2008-12-23,2946.1,2008-07-01,,,
3878,1994-07-29,3557.1,1994-04-01,2009-07-31,2941.4,2008-07-01,,,
3879,1994-08-26,3558.6,1994-04-01,2010-07-30,2934.7,2008-07-01,,,
3880,1994-09-29,3557.8,1994-04-01,2011-07-29,2929.8,2008-07-01,,,
3881,1996-01-19,4457.7,1994-04-01,2013-07-31,3055.9,2008-07-01,,,
3882,1996-08-01,4458.7,1994-04-01,2017-10-27,3055.881,2008-07-01,,,
3883,1997-07-31,4472.2,1994-04-01,2018-07-27,3027.545,2008-07-01,,,
3884,1999-10-28,4899.2,1994-04-01,2021-07-29,3029.032,2008-07-01,,,
3885,2000-04-03,4907.9,1994-04-01,2009-01-30,2914.9,2008-10-01,,,
3886,2003-12-10,5268.0,1994-04-01,2009-02-27,2913.2,2008-10-01,,,
3887,2009-07-31,5891.5,1994-04-01,2009-03-26,2911.4,2008-10-01,,,
3888,2011-07-29,5888.8,1994-04-01,2009-07-31,2905.9,2008-10-01,,,
3889,2013-07-31,6308.7,1994-04-01,2010-07-30,2906.5,2008-10-01,,,
3890,2014-07-30,6308.6,1994-04-01,2011-07-29,2901.1,2008-10-01,,,
3891,2017-10-27,6308.615,1994-04-01,2013-07-31,3049.7,2008-10-01,,,
3892,2018-07-27,6681.841,1994-04-01,2017-10-27,3049.685,2008-10-01,,,
3893,2021-07-29,6694.839,1994-04-01,2018-07-27,3020.03,2008-10-01,,,
3894,2023-09-28,7081.931,1994-04-01,2021-07-29,3021.826,2008-10-01,,,
3895,1994-10-28,3583.9,1994-07-01,2009-04-29,2877.7,2009-01-01,,,
3896,1994-11-30,3586.4,1994-07-01,2009-05-29,2883.3,2009-01-01,,,
3897,1994-12-22,3584.7,1994-07-01,2009-06-25,2885.8,2009-01-01,,,
3898,1996-01-19,4485.8,1994-07-01,2009-07-31,2879.0,2009-01-01,,,
3899,1996-08-01,4489.4,1994-07-01,2010-07-30,2872.0,2009-01-01,,,
3900,1997-07-31,4498.2,1994-07-01,2011-07-29,2875.5,2009-01-01,,,
3901,1999-10-28,4936.7,1994-07-01,2012-07-27,2894.6,2009-01-01,,,
3902,2000-04-03,4944.5,1994-07-01,2013-07-31,3035.4,2009-01-01,,,
3903,2003-12-10,5305.7,1994-07-01,2017-10-27,3035.381,2009-01-01,,,
3904,2009-07-31,5938.7,1994-07-01,2018-07-27,3019.656,2009-01-01,,,
3905,2011-07-29,5936.0,1994-07-01,2021-07-29,3022.046,2009-01-01,,,
3906,2013-07-31,6357.6,1994-07-01,2023-09-28,3022.047,2009-01-01,,,
3907,2014-07-30,6357.5,1994-07-01,2009-07-31,2923.0,2009-04-01,,,
3908,2017-10-27,6357.469,1994-07-01,2009-08-27,2926.8,2009-04-01,,,
3909,2018-07-27,6732.791,1994-07-01,2009-09-30,2929.4,2009-04-01,,,
3910,2021-07-29,6745.887,1994-07-01,2010-07-30,2919.3,2009-04-01,,,
3911,2023-09-28,7135.93,1994-07-01,2011-07-29,2916.9,2009-04-01,,,
3912,1995-01-27,3625.1,1994-10-01,2012-07-27,2957.8,2009-04-01,,,
3913,1995-03-01,3629.1,1994-10-01,2013-07-31,3086.5,2009-04-01,,,
3914,1995-03-31,3629.6,1994-10-01,2017-10-27,3086.499,2009-04-01,,,
3915,1996-01-19,4522.3,1994-10-01,2018-07-27,3067.595,2009-04-01,,,
3916,1996-08-01,4524.0,1994-10-01,2021-07-29,3070.452,2009-04-01,,,
3917,1997-07-31,4534.1,1994-10-01,2009-10-29,2958.0,2009-07-01,,,
3918,1999-10-28,4986.4,1994-10-01,2009-11-24,2958.7,2009-07-01,,,
3919,2000-04-03,4993.6,1994-10-01,2009-12-22,2955.4,2009-07-01,,,
3920,2003-12-10,5358.7,1994-10-01,2010-07-30,2933.8,2009-07-01,,,
3921,2009-07-31,5997.3,1994-10-01,2011-07-29,2935.0,2009-07-01,,,
3922,2011-07-29,5994.6,1994-10-01,2012-07-27,2996.4,2009-07-01,,,
3923,2013-07-31,6426.0,1994-10-01,2013-07-31,3112.5,2009-07-01,,,
3924,2014-07-30,6425.9,1994-10-01,2017-10-27,3112.496,2009-07-01,,,
3925,2017-10-27,6425.929,1994-10-01,2018-07-27,3088.993,2009-07-01,,,
3926,2018-07-27,6805.581,1994-10-01,2021-07-29,3092.057,2009-07-01,,,
3927,2021-07-29,6818.819,1994-10-01,2023-09-28,3092.058,2009-07-01,,,
3928,2023-09-28,7213.079,1994-10-01,2010-01-29,2969.5,2009-10-01,,,
3929,1995-04-28,3642.0,1995-01-01,2010-02-26,2960.4,2009-10-01,,,
3930,1995-05-31,3646.1,1995-01-01,2010-03-26,2959.2,2009-10-01,,,
3931,1995-06-30,3643.9,1995-01-01,2010-07-30,2934.5,2009-10-01,,,
3932,1996-01-19,4530.9,1995-01-01,2011-07-29,2942.7,2009-10-01,,,
3933,1996-08-01,4534.8,1995-01-01,2012-07-27,3020.0,2009-10-01,,,
3934,1997-07-31,4551.3,1995-01-01,2013-07-31,3122.0,2009-10-01,,,
3935,1998-07-31,4555.3,1995-01-01,2017-10-27,3121.988,2009-10-01,,,
3936,1999-10-28,5004.7,1995-01-01,2018-07-27,3117.803,2009-10-01,,,
3937,2000-04-03,5011.6,1995-01-01,2021-07-29,3120.796,2009-10-01,,,
3938,2003-12-10,5367.2,1995-01-01,2010-04-30,2975.2,2010-01-01,,,
3939,2009-07-31,6004.3,1995-01-01,2010-05-27,2974.7,2010-01-01,,,
3940,2011-07-29,6001.6,1995-01-01,2010-06-25,2975.1,2010-01-01,,,
3941,2013-07-31,6443.0,1995-01-01,2010-07-30,2955.7,2010-01-01,,,
3942,2014-07-30,6442.9,1995-01-01,2011-07-29,2967.7,2010-01-01,,,
3943,2017-10-27,6442.942,1995-01-01,2012-07-27,3030.9,2010-01-01,,,
3944,2018-07-27,6822.519,1995-01-01,2013-07-31,3135.7,2010-01-01,,,
3945,2021-07-29,6835.791,1995-01-01,2017-10-27,3135.706,2010-01-01,,,
3946,2023-09-28,7231.032,1995-01-01,2018-07-27,3131.884,2010-01-01,,,
3947,1995-07-28,3666.5,1995-04-01,2021-07-29,3133.819,2010-01-01,,,
3948,1995-08-30,3674.3,1995-04-01,2010-07-30,2993.5,2010-04-01,,,
3949,1996-01-19,4568.8,1995-04-01,2010-08-27,2992.6,2010-04-01,,,
3950,1996-08-01,4569.9,1995-04-01,2010-09-30,2990.8,2010-04-01,,,
3951,1997-07-31,4583.5,1995-04-01,2011-07-29,3004.6,2010-04-01,,,
3952,1998-07-31,4593.6,1995-04-01,2012-07-27,3061.7,2010-04-01,,,
3953,1999-10-28,5053.6,1995-04-01,2013-07-31,3181.5,2010-04-01,,,
3954,2000-04-03,5059.6,1995-04-01,2017-10-27,3181.462,2010-04-01,,,
3955,2003-12-10,5411.7,1995-04-01,2018-07-27,3164.663,2010-04-01,,,
3956,2009-07-31,6053.5,1995-04-01,2021-07-29,3165.768,2010-04-01,,,
3957,2011-07-29,6050.8,1995-04-01,2010-10-29,3018.9,2010-07-01,,,
3958,2013-07-31,6500.8,1995-04-01,2010-11-23,3023.5,2010-07-01,,,
3959,2014-07-30,6500.7,1995-04-01,2010-12-22,3022.2,2010-07-01,,,
3960,2017-10-27,6500.691,1995-04-01,2011-07-29,3018.7,2010-07-01,,,
3961,2018-07-27,6882.33,1995-04-01,2012-07-27,3072.3,2010-07-01,,,
3962,2021-07-29,6895.718,1995-04-01,2013-07-31,3194.7,2010-07-01,,,
3963,2023-09-28,7294.424,1995-04-01,2017-10-27,3194.687,2010-07-01,,,
3964,1995-10-27,3701.1,1995-07-01,2018-07-27,3157.912,2010-07-01,,,
3965,1996-01-19,4601.1,1995-07-01,2021-07-29,3158.3,2010-07-01,,,
3966,1996-02-23,4600.4,1995-07-01,2023-09-28,3158.301,2010-07-01,,,
3967,1996-08-01,4597.3,1995-07-01,2011-01-28,3040.7,2010-10-01,,,
3968,1997-07-31,4612.9,1995-07-01,2011-02-25,3032.7,2010-10-01,,,
3969,1998-07-31,4623.4,1995-07-01,2011-03-25,3032.3,2010-10-01,,,
3970,1999-10-28,5094.0,1995-07-01,2011-07-29,3020.2,2010-10-01,,,
3971,2000-04-03,5099.2,1995-07-01,2012-07-27,3065.2,2010-10-01,,,
3972,2003-12-10,5458.8,1995-07-01,2013-07-31,3184.2,2010-10-01,,,
3973,2009-07-31,6107.6,1995-07-01,2017-10-27,3184.248,2010-10-01,,,
3974,2011-07-29,6104.9,1995-07-01,2018-07-27,3164.129,2010-10-01,,,
3975,2013-07-31,6560.4,1995-07-01,2021-07-29,3164.313,2010-10-01,,,
3976,2014-07-30,6560.3,1995-07-01,2023-09-28,3164.317,2010-10-01,,,
3977,2017-10-27,6560.332,1995-07-01,2011-04-28,3030.5,2011-01-01,,,
3978,2018-07-27,6944.7,1995-07-01,2011-05-26,3030.9,2011-01-01,,,
3979,2021-07-29,6958.21,1995-07-01,2011-06-24,3027.0,2011-01-01,,,
3980,2023-09-28,7360.529,1995-07-01,2011-07-29,3014.4,2011-01-01,,,
3981,1996-02-23,4609.7,1995-10-01,2012-07-27,3048.1,2011-01-01,,,
3982,1996-04-02,4614.1,1995-10-01,2013-07-31,3150.0,2011-01-01,,,
3983,1996-08-01,4609.4,1995-10-01,2014-07-30,3153.8,2011-01-01,,,
3984,1997-07-31,4633.5,1995-10-01,2017-10-27,3153.849,2011-01-01,,,
3985,1998-07-31,4650.0,1995-10-01,2018-07-27,3155.982,2011-01-01,,,
3986,1999-10-28,5128.0,1995-10-01,2021-07-29,3155.763,2011-01-01,,,
3987,2000-04-03,5132.1,1995-10-01,2023-09-28,3155.768,2011-01-01,,,
3988,2003-12-10,5496.1,1995-10-01,2011-07-29,3035.9,2011-04-01,,,
3989,2009-07-31,6150.6,1995-10-01,2011-08-26,3038.3,2011-04-01,,,
3990,2011-07-29,6147.8,1995-10-01,2011-09-29,3038.6,2011-04-01,,,
3991,2013-07-31,6606.5,1995-10-01,2012-07-27,3072.2,2011-04-01,,,
3992,2014-07-30,6606.4,1995-10-01,2013-07-31,3171.7,2011-04-01,,,
3993,2017-10-27,6606.361,1995-10-01,2014-07-30,3183.8,2011-04-01,,,
3994,2018-07-27,6993.144,1995-10-01,2017-10-27,3183.843,2011-04-01,,,
3995,2021-07-29,7006.747,1995-10-01,2018-07-27,3168.577,2011-04-01,,,
3996,2023-09-28,7411.873,1995-10-01,2021-07-29,3168.257,2011-04-01,,,
3997,1996-05-02,4653.5,1996-01-01,2023-09-28,3168.261,2011-04-01,,,
3998,1996-05-30,4655.1,1996-01-01,2011-10-27,3049.8,2011-07-01,,,
3999,1996-06-28,4655.0,1996-01-01,2011-11-22,3047.2,2011-07-01,,,
4000,1996-08-01,4649.1,1996-01-01,2011-12-22,3047.3,2011-07-01,,,
4001,1997-07-31,4669.4,1996-01-01,2012-07-27,3067.7,2011-07-01,,,
4002,1998-07-31,4692.1,1996-01-01,2013-07-31,3164.6,2011-07-01,,,
4003,1999-10-28,5170.3,1996-01-01,2014-07-30,3176.8,2011-07-01,,,
4004,2000-04-03,5174.3,1996-01-01,2017-10-27,3176.844,2011-07-01,,,
4005,2003-12-10,5544.6,1996-01-01,2018-07-27,3137.494,2011-07-01,,,
4006,2009-07-31,6206.9,1996-01-01,2021-07-29,3136.923,2011-07-01,,,
4007,2011-07-29,6204.0,1996-01-01,2023-09-28,3136.922,2011-07-01,,,
4008,2013-07-31,6667.8,1996-01-01,2012-01-27,3018.6,2011-10-01,,,
4009,2014-07-30,6667.7,1996-01-01,2012-02-29,3020.4,2011-10-01,,,
4010,2017-10-27,6667.696,1996-01-01,2012-03-29,3021.9,2011-10-01,,,
4011,2018-07-27,7057.641,1996-01-01,2012-07-27,3051.0,2011-10-01,,,
4012,2021-07-29,7071.369,1996-01-01,2013-07-31,3148.5,2011-10-01,,,
4013,2023-09-28,7480.231,1996-01-01,2014-07-30,3160.4,2011-10-01,,,
4014,1996-08-01,4692.0,1996-04-01,2017-10-27,3160.437,2011-10-01,,,
4015,1996-08-29,4688.1,1996-04-01,2018-07-27,3131.435,2011-10-01,,,
4016,1996-09-27,4687.6,1996-04-01,2021-07-29,3130.773,2011-10-01,,,
4017,1997-07-31,4712.2,1996-04-01,2023-09-28,3130.765,2011-10-01,,,
4018,1998-07-31,4746.6,1996-04-01,2012-04-27,3023.9,2012-01-01,,,
4019,1999-10-28,5227.5,1996-04-01,2012-05-31,3018.2,2012-01-01,,,
4020,2000-04-03,5229.5,1996-04-01,2012-06-28,3017.6,2012-01-01,,,
4021,2003-12-10,5604.9,1996-04-01,2012-07-27,3054.6,2012-01-01,,,
4022,2009-07-31,6277.1,1996-04-01,2013-07-31,3159.7,2012-01-01,,,
4023,2011-07-29,6274.2,1996-04-01,2014-07-30,3166.2,2012-01-01,,,
4024,2013-07-31,6740.2,1996-04-01,2015-07-30,3171.6,2012-01-01,,,
4025,2014-07-30,6740.1,1996-04-01,2017-10-27,3171.587,2012-01-01,,,
4026,2017-10-27,6740.08,1996-04-01,2018-07-27,3144.668,2012-01-01,,,
4027,2018-07-27,7133.566,1996-04-01,2021-07-29,3144.043,2012-01-01,,,
4028,2021-07-29,7147.441,1996-04-01,2023-09-28,3144.024,2012-01-01,,,
4029,2023-09-28,7560.702,1996-04-01,2012-07-27,3048.4,2012-04-01,,,
4030,1996-10-30,4692.8,1996-07-01,2012-08-29,3052.5,2012-04-01,,,
4031,1996-11-27,4694.3,1996-07-01,2012-09-27,3053.7,2012-04-01,,,
4032,1996-12-20,4693.5,1996-07-01,2013-07-31,3164.1,2012-04-01,,,
4033,1997-07-31,4718.2,1996-07-01,2014-07-30,3163.3,2012-04-01,,,
4034,1998-07-31,4768.3,1996-07-01,2015-07-30,3159.6,2012-04-01,,,
4035,1999-10-28,5255.4,1996-07-01,2017-10-27,3159.641,2012-04-01,,,
4036,2000-04-03,5254.3,1996-07-01,2018-07-27,3131.04,2012-04-01,,,
4037,2003-12-10,5640.7,1996-07-01,2021-07-29,3130.453,2012-04-01,,,
4038,2009-07-31,6314.6,1996-07-01,2023-09-28,3130.438,2012-04-01,,,
4039,2011-07-29,6311.8,1996-07-01,2012-10-26,3091.7,2012-07-01,,,
4040,2013-07-31,6780.8,1996-07-01,2012-11-29,3090.1,2012-07-01,,,
4041,2014-07-30,6780.7,1996-07-01,2012-12-20,3093.3,2012-07-01,,,
4042,2017-10-27,6780.698,1996-07-01,2013-07-31,3193.5,2012-07-01,,,
4043,2018-07-27,7176.754,1996-07-01,2014-07-30,3190.5,2012-07-01,,,
4044,2021-07-29,7190.713,1996-07-01,2015-07-30,3159.6,2012-07-01,,,
4045,2023-09-28,7606.475,1996-07-01,2017-10-27,3159.59,2012-07-01,,,
4046,1997-01-31,4732.3,1996-10-01,2018-07-27,3139.625,2012-07-01,,,
4047,1997-02-28,4733.3,1996-10-01,2021-07-29,3139.11,2012-07-01,,,
4048,1997-03-28,4732.5,1996-10-01,2023-09-28,3139.112,2012-07-01,,,
4049,1997-07-31,4756.4,1996-10-01,2013-01-30,3052.9,2012-10-01,,,
4050,1998-07-31,4802.6,1996-10-01,2013-02-28,3049.9,2012-10-01,,,
4051,1999-10-28,5296.8,1996-10-01,2013-03-28,3049.7,2012-10-01,,,
4052,2000-04-03,5291.9,1996-10-01,2013-07-31,3150.7,2012-10-01,,,
4053,2003-12-10,5687.6,1996-10-01,2014-07-30,3156.6,2012-10-01,,,
4054,2009-07-31,6366.1,1996-10-01,2015-07-30,3143.5,2012-10-01,,,
4055,2011-07-29,6363.2,1996-10-01,2017-10-27,3143.526,2012-10-01,,,
4056,2013-07-31,6834.1,1996-10-01,2018-07-27,3132.709,2012-10-01,,,
4057,2014-07-30,6834.0,1996-10-01,2021-07-29,3132.275,2012-10-01,,,
4058,2017-10-27,6833.958,1996-10-01,2023-09-28,3132.308,2012-10-01,,,
4059,2018-07-27,7233.918,1996-10-01,2013-04-26,3030.6,2013-01-01,,,
4060,2021-07-29,7247.987,1996-10-01,2013-05-30,3023.7,2013-01-01,,,
4061,2023-09-28,7667.062,1996-10-01,2013-06-26,3025.5,2013-01-01,,,
4062,1997-04-30,4806.0,1997-01-01,2013-07-31,3124.1,2013-01-01,,,
4063,1997-05-30,4798.7,1997-01-01,2014-07-30,3135.9,2013-01-01,,,
4064,1997-06-27,4798.0,1997-01-01,2015-07-30,3119.8,2013-01-01,,,
4065,1997-07-31,4818.1,1997-01-01,2016-07-29,3120.7,2013-01-01,,,
4066,1998-07-31,4853.4,1997-01-01,2017-10-27,3120.709,2013-01-01,,,
4067,1999-10-28,5361.1,1997-01-01,2018-07-27,3125.038,2013-01-01,,,
4068,2000-04-03,5349.2,1997-01-01,2021-07-29,3125.426,2013-01-01,,,
4069,2000-07-28,5350.7,1997-01-01,2023-09-28,3123.454,2013-01-01,,,
4070,2003-12-10,5749.1,1997-01-01,2013-07-31,3121.6,2013-04-01,,,
4071,2009-07-31,6430.2,1997-01-01,2013-08-29,3118.0,2013-04-01,,,
4072,2011-07-29,6427.3,1997-01-01,2013-09-26,3121.9,2013-04-01,,,
4073,2013-07-31,6906.2,1997-01-01,2014-07-30,3142.4,2013-04-01,,,
4074,2014-07-30,6906.1,1997-01-01,2015-07-30,3111.4,2013-04-01,,,
4075,2017-10-27,6906.064,1997-01-01,2016-07-29,3113.4,2013-04-01,,,
4076,2018-07-27,7310.17,1997-01-01,2017-10-27,3113.434,2013-04-01,,,
4077,2021-07-29,7324.388,1997-01-01,2018-07-27,3131.988,2013-04-01,,,
4078,2023-09-28,7747.88,1997-01-01,2021-07-29,3132.647,2013-04-01,,,
4079,1997-07-31,4827.9,1997-04-01,2023-09-28,3131.143,2013-04-01,,,
4080,1997-08-28,4830.0,1997-04-01,2013-11-07,3135.6,2013-07-01,,,
4081,1997-09-26,4829.4,1997-04-01,2013-12-05,3137.4,2013-07-01,,,
4082,1998-07-31,4872.7,1997-04-01,2013-12-20,3137.5,2013-07-01,,,
4083,1999-10-28,5385.1,1997-04-01,2014-07-30,3154.7,2013-07-01,,,
4084,2000-04-03,5369.3,1997-04-01,2015-07-30,3110.7,2013-07-01,,,
4085,2000-07-28,5375.7,1997-04-01,2016-07-29,3112.3,2013-07-01,,,
4086,2003-12-10,5775.8,1997-04-01,2017-10-27,3112.316,2013-07-01,,,
4087,2009-07-31,6456.2,1997-04-01,2018-07-27,3134.089,2013-07-01,,,
4088,2011-07-29,6453.3,1997-04-01,2021-07-29,3134.837,2013-07-01,,,
4089,2013-07-31,6937.5,1997-04-01,2023-09-28,3135.192,2013-07-01,,,
4090,2014-07-30,6937.4,1997-04-01,2014-01-30,3118.6,2013-10-01,,,
4091,2017-10-27,6937.418,1997-04-01,2014-02-28,3116.2,2013-10-01,,,
4092,2018-07-27,7343.08,1997-04-01,2014-03-27,3118.4,2013-10-01,,,
4093,2021-07-29,7357.362,1997-04-01,2014-07-30,3142.7,2013-10-01,,,
4094,2023-09-28,7782.76,1997-04-01,2015-07-30,3115.1,2013-10-01,,,
4095,1997-10-31,4897.1,1997-07-01,2016-07-29,3117.7,2013-10-01,,,
4096,1997-11-26,4897.9,1997-07-01,2017-10-27,3117.746,2013-10-01,,,
4097,1997-12-23,4896.2,1997-07-01,2018-07-27,3138.519,2013-10-01,,,
4098,1998-07-31,4947.0,1997-07-01,2021-07-29,3139.284,2013-10-01,,,
4099,1999-10-28,5471.8,1997-07-01,2023-09-28,3140.517,2013-10-01,,,
4100,2000-04-03,5453.1,1997-07-01,2014-04-30,3119.2,2014-01-01,,,
4101,2000-07-28,5462.1,1997-07-01,2014-05-29,3116.3,2014-01-01,,,
4102,2003-12-10,5870.7,1997-07-01,2014-06-25,3117.0,2014-01-01,,,
4103,2009-07-31,6566.0,1997-07-01,2014-07-30,3139.1,2014-01-01,,,
4104,2011-07-29,6563.0,1997-07-01,2015-07-30,3122.3,2014-01-01,,,
4105,2013-07-31,7056.2,1997-07-01,2016-07-29,3123.6,2014-01-01,,,
4106,2014-07-30,7056.1,1997-07-01,2017-07-28,3126.9,2014-01-01,,,
4107,2017-10-27,7056.142,1997-07-01,2018-07-27,3139.144,2014-01-01,,,
4108,2018-07-27,7468.188,1997-07-01,2019-07-26,3137.427,2014-01-01,,,
4109,2021-07-29,7482.713,1997-07-01,2021-07-29,3138.239,2014-01-01,,,
4110,2023-09-28,7915.359,1997-07-01,2023-09-28,3139.06,2014-01-01,,,
4111,1998-01-30,4935.0,1997-10-01,2014-07-30,3161.5,2014-04-01,,,
4112,1998-02-27,4933.5,1997-10-01,2014-08-28,3161.1,2014-04-01,,,
4113,1998-03-26,4926.1,1997-10-01,2014-09-26,3163.1,2014-04-01,,,
4114,1998-07-31,4981.0,1997-10-01,2015-07-30,3146.3,2014-04-01,,,
4115,1999-10-28,5517.1,1997-10-01,2016-07-29,3139.0,2014-04-01,,,
4116,2000-04-03,5497.3,1997-10-01,2017-07-28,3146.6,2014-04-01,,,
4117,2000-07-28,5507.1,1997-10-01,2017-10-27,3146.617,2014-04-01,,,
4118,2003-12-10,5931.4,1997-10-01,2018-07-27,3150.938,2014-04-01,,,
4119,2009-07-31,6641.1,1997-10-01,2019-07-26,3153.25,2014-04-01,,,
4120,2011-07-29,6638.1,1997-10-01,2021-07-29,3154.082,2014-04-01,,,
4121,2013-07-31,7140.0,1997-10-01,2023-09-28,3154.366,2014-04-01,,,
4122,2014-07-30,7139.9,1997-10-01,2014-10-30,3208.7,2014-07-01,,,
4123,2017-10-27,7139.909,1997-10-01,2014-11-25,3207.7,2014-07-01,,,
4124,2018-07-27,7557.449,1997-10-01,2014-12-23,3209.3,2014-07-01,,,
4125,2021-07-29,7572.147,1997-10-01,2015-07-30,3177.4,2014-07-01,,,
4126,2023-09-28,8009.964,1997-10-01,2016-07-29,3174.2,2014-07-01,,,
4127,1998-04-30,4994.6,1998-01-01,2017-07-28,3178.2,2014-07-01,,,
4128,1998-05-28,4999.5,1998-01-01,2017-10-27,3178.216,2014-07-01,,,
4129,1998-06-25,4998.7,1998-01-01,2018-07-27,3189.924,2014-07-01,,,
4130,1998-07-31,5055.1,1998-01-01,2019-07-26,3190.944,2014-07-01,,,
4131,1999-10-28,5592.3,1998-01-01,2021-07-29,3191.776,2014-07-01,,,
4132,2000-04-03,5575.1,1998-01-01,2023-09-28,3191.749,2014-07-01,,,
4133,2000-07-28,5572.4,1998-01-01,2015-01-30,3186.7,2014-10-01,,,
4134,2001-07-27,5576.3,1998-01-01,2015-02-27,3191.6,2014-10-01,,,
4135,2003-12-10,5996.8,1998-01-01,2015-03-27,3189.3,2014-10-01,,,
4136,2009-07-31,6707.2,1998-01-01,2015-07-30,3162.5,2014-10-01,,,
4137,2011-07-29,6704.1,1998-01-01,2016-07-29,3171.4,2014-10-01,,,
4138,2013-07-31,7213.7,1998-01-01,2017-07-28,3176.5,2014-10-01,,,
4139,2014-07-30,7213.6,1998-01-01,2017-10-27,3176.453,2014-10-01,,,
4140,2017-10-27,7213.553,1998-01-01,2018-07-27,3188.157,2014-10-01,,,
4141,2018-07-27,7633.895,1998-01-01,2019-07-26,3190.319,2014-10-01,,,
4142,2021-07-29,7648.741,1998-01-01,2021-07-29,3191.187,2014-10-01,,,
4143,2023-09-28,8090.987,1998-01-01,2023-09-28,3189.253,2014-10-01,,,
4144,1998-07-31,5126.5,1998-04-01,2015-04-29,3169.3,2015-01-01,,,
4145,1998-08-27,5127.3,1998-04-01,2015-05-29,3168.1,2015-01-01,,,
4146,1998-09-24,5130.2,1998-04-01,2015-06-24,3171.3,2015-01-01,,,
4147,1999-10-28,5675.6,1998-04-01,2015-07-30,3149.5,2015-01-01,,,
4148,2000-04-03,5658.8,1998-04-01,2016-07-29,3174.7,2015-01-01,,,
4149,2000-07-28,5651.6,1998-04-01,2017-07-28,3176.2,2015-01-01,,,
4150,2001-07-27,5660.2,1998-04-01,2017-10-27,3176.192,2015-01-01,,,
4151,2003-12-10,6092.1,1998-04-01,2018-07-27,3188.469,2015-01-01,,,
4152,2009-07-31,6822.6,1998-04-01,2019-07-26,3189.386,2015-01-01,,,
4153,2011-07-29,6819.5,1998-04-01,2020-07-30,3188.054,2015-01-01,,,
4154,2013-07-31,7341.1,1998-04-01,2021-07-29,3189.309,2015-01-01,,,
4155,2014-07-30,7341.0,1998-04-01,2023-09-28,3187.915,2015-01-01,,,
4156,2017-10-27,7340.989,1998-04-01,2015-07-30,3164.2,2015-04-01,,,
4157,2018-07-27,7768.323,1998-04-01,2015-08-27,3179.2,2015-04-01,,,
4158,2021-07-29,7783.43,1998-04-01,2016-07-29,3217.2,2015-04-01,,,
4159,2023-09-28,8233.463,1998-04-01,2017-07-28,3219.8,2015-04-01,,,
4160,1998-10-30,5179.3,1998-07-01,2017-10-27,3219.762,2015-04-01,,,
4161,1998-11-24,5181.9,1998-07-01,2018-07-27,3237.58,2015-04-01,,,
4162,1998-12-23,5181.8,1998-07-01,2019-07-26,3238.867,2015-04-01,,,
4163,1999-10-28,5730.7,1998-07-01,2020-07-30,3230.559,2015-04-01,,,
4164,2000-03-30,5714.2,1998-07-01,2021-07-29,3231.977,2015-04-01,,,
4165,2000-07-28,5711.0,1998-07-01,2023-09-28,3234.067,2015-04-01,,,
4166,2001-07-27,5713.7,1998-07-01,2015-10-29,3201.8,2015-07-01,,,
4167,2003-12-10,6165.7,1998-07-01,2015-11-24,3200.4,2015-07-01,,,
4168,2009-07-31,6913.1,1998-07-01,2015-12-22,3201.0,2015-07-01,,,
4169,2011-07-29,6909.9,1998-07-01,2016-07-29,3236.3,2015-07-01,,,
4170,2013-07-31,7437.7,1998-07-01,2017-07-28,3235.0,2015-07-01,,,
4171,2014-07-30,7437.5,1998-07-01,2017-10-27,3235.025,2015-07-01,,,
4172,2017-10-27,7437.539,1998-07-01,2018-07-27,3256.95,2015-07-01,,,
4173,2018-07-27,7869.624,1998-07-01,2019-07-26,3260.28,2015-07-01,,,
4174,2021-07-29,7884.929,1998-07-01,2020-07-30,3249.111,2015-07-01,,,
4175,2023-09-28,8340.831,1998-07-01,2021-07-29,3250.55,2015-07-01,,,
4176,1999-01-29,5237.8,1998-10-01,2023-09-28,3253.554,2015-07-01,,,
4177,1999-02-26,5239.5,1998-10-01,2016-01-29,3206.5,2015-10-01,,,
4178,1999-03-31,5246.0,1998-10-01,2016-02-26,3202.3,2015-10-01,,,
4179,1999-10-28,5795.8,1998-10-01,2016-03-25,3203.9,2015-10-01,,,
4180,2000-03-30,5779.3,1998-10-01,2016-07-29,3245.0,2015-10-01,,,
4181,2000-07-28,5779.8,1998-10-01,2017-07-28,3244.7,2015-10-01,,,
4182,2001-07-27,5784.7,1998-10-01,2017-10-27,3244.697,2015-10-01,,,
4183,2003-12-10,6248.8,1998-10-01,2018-07-27,3253.841,2015-10-01,,,
4184,2009-07-31,7019.1,1998-10-01,2019-07-26,3260.534,2015-10-01,,,
4185,2011-07-29,7015.9,1998-10-01,2020-07-30,3253.199,2015-10-01,,,
4186,2013-07-31,7546.9,1998-10-01,2021-07-29,3254.504,2015-10-01,,,
4187,2014-07-30,7546.8,1998-10-01,2023-09-28,3258.142,2015-10-01,,,
4188,2017-10-27,7546.837,1998-10-01,2016-04-28,3213.8,2016-01-01,,,
4189,2018-07-27,7983.316,1998-10-01,2016-05-27,3212.7,2016-01-01,,,
4190,2021-07-29,7998.842,1998-10-01,2016-06-28,3213.7,2016-01-01,,,
4191,2023-09-28,8461.33,1998-10-01,2016-07-29,3254.3,2016-01-01,,,
4192,1999-04-30,5331.9,1999-01-01,2017-07-28,3248.3,2016-01-01,,,
4193,1999-05-27,5333.1,1999-01-01,2017-10-27,3248.324,2016-01-01,,,
4194,1999-06-25,5331.9,1999-01-01,2018-07-27,3262.705,2016-01-01,,,
4195,1999-10-28,5888.4,1999-01-01,2019-07-26,3273.847,2016-01-01,,,
4196,2000-03-30,5871.3,1999-01-01,2020-07-30,3266.365,2016-01-01,,,
4197,2000-07-28,5860.2,1999-01-01,2021-07-29,3270.235,2016-01-01,,,
4198,2001-07-27,5854.0,1999-01-01,2023-09-28,3270.141,2016-01-01,,,
4199,2002-07-31,5851.4,1999-01-01,2016-07-29,3266.7,2016-04-01,,,
4200,2003-12-10,6311.3,1999-01-01,2016-08-26,3263.4,2016-04-01,,,
4201,2009-07-31,7088.3,1999-01-01,2016-09-29,3262.3,2016-04-01,,,
4202,2011-07-29,7085.1,1999-01-01,2017-07-28,3261.5,2016-04-01,,,
4203,2013-07-31,7625.8,1999-01-01,2017-10-27,3261.494,2016-04-01,,,
4204,2014-07-30,7618.7,1999-01-01,2018-07-27,3278.241,2016-04-01,,,
4205,2017-10-27,7618.691,1999-01-01,2019-07-26,3291.41,2016-04-01,,,
4206,2018-07-27,8060.776,1999-01-01,2020-07-30,3283.135,2016-04-01,,,
4207,2021-07-29,8080.996,1999-01-01,2021-07-29,3287.403,2016-04-01,,,
4208,2023-09-28,8548.235,1999-01-01,2023-09-28,3289.566,2016-04-01,,,
4209,1999-07-29,5384.7,1999-04-01,2016-10-28,3284.4,2016-07-01,,,
4210,1999-08-26,5391.8,1999-04-01,2016-11-29,3281.5,2016-07-01,,,
4211,1999-09-30,5394.8,1999-04-01,2016-12-22,3285.9,2016-07-01,,,
4212,1999-10-28,5961.8,1999-04-01,2017-07-28,3274.6,2016-07-01,,,
4213,2000-03-30,5944.5,1999-04-01,2017-10-27,3274.577,2016-07-01,,,
4214,2000-07-28,5940.2,1999-04-01,2018-07-27,3300.537,2016-07-01,,,
4215,2001-07-27,5936.1,1999-04-01,2019-07-26,3317.491,2016-07-01,,,
4216,2002-07-31,5932.8,1999-04-01,2020-07-30,3310.907,2016-07-01,,,
4217,2003-12-10,6409.7,1999-04-01,2021-07-29,3315.751,2016-07-01,,,
4218,2009-07-31,7199.9,1999-04-01,2023-09-28,3315.171,2016-07-01,,,
4219,2011-07-29,7196.6,1999-04-01,2017-01-27,3312.1,2016-10-01,,,
4220,2013-07-31,7744.1,1999-04-01,2017-02-28,3305.7,2016-10-01,,,
4221,2014-07-30,7731.5,1999-04-01,2017-03-30,3304.3,2016-10-01,,,
4222,2017-10-27,7731.528,1999-04-01,2017-07-28,3286.8,2016-10-01,,,
4223,2018-07-27,8178.302,1999-04-01,2017-10-27,3286.786,2016-10-01,,,
4224,2021-07-29,8204.75,1999-04-01,2018-07-27,3322.432,2016-10-01,,,
4225,2023-09-28,8679.143,1999-04-01,2019-07-26,3343.872,2016-10-01,,,
4226,1999-10-28,6025.1,1999-07-01,2020-07-30,3336.728,2016-10-01,,,
4227,1999-11-24,6028.8,1999-07-01,2021-07-29,3338.825,2016-10-01,,,
4228,1999-12-22,6033.3,1999-07-01,2023-09-28,3337.245,2016-10-01,,,
4229,2000-03-30,6015.7,1999-07-01,2017-04-28,3322.7,2017-01-01,,,
4230,2000-07-28,6013.8,1999-07-01,2017-05-26,3328.0,2017-01-01,,,
4231,2001-07-27,6000.0,1999-07-01,2017-06-29,3330.1,2017-01-01,,,
4232,2002-07-31,6000.1,1999-07-01,2017-07-28,3320.2,2017-01-01,,,
4233,2003-12-10,6476.7,1999-07-01,2017-10-27,3320.249,2017-01-01,,,
4234,2009-07-31,7286.4,1999-07-01,2018-07-27,3346.382,2017-01-01,,,
4235,2011-07-29,7283.1,1999-07-01,2019-07-26,3368.705,2017-01-01,,,
4236,2013-07-31,7836.8,1999-07-01,2020-07-30,3361.607,2017-01-01,,,
4237,2014-07-30,7819.3,1999-07-01,2021-07-29,3357.295,2017-01-01,,,
4238,2017-10-27,7819.273,1999-07-01,2022-09-29,3355.304,2017-01-01,,,
4239,2018-07-27,8270.609,1999-07-01,2023-09-28,3353.096,2017-01-01,,,
4240,2021-07-29,8296.988,1999-07-01,2017-07-28,3339.6,2017-04-01,,,
4241,2023-09-28,8776.715,1999-07-01,2017-08-30,3330.9,2017-04-01,,,
4242,2000-01-28,6111.2,1999-10-01,2017-09-28,3332.1,2017-04-01,,,
4243,2000-02-25,6120.3,1999-10-01,2017-10-27,3332.074,2017-04-01,,,
4244,2000-03-30,6102.9,1999-10-01,2018-07-27,3359.981,2017-04-01,,,
4245,2000-07-28,6101.0,1999-10-01,2019-07-26,3392.904,2017-04-01,,,
4246,2001-07-27,6083.6,1999-10-01,2020-07-30,3384.217,2017-04-01,,,
4247,2002-07-31,6073.6,1999-10-01,2021-07-29,3378.21,2017-04-01,,,
4248,2003-12-10,6556.8,1999-10-01,2022-09-29,3371.282,2017-04-01,,,
4249,2009-07-31,7389.2,1999-10-01,2023-09-28,3370.444,2017-04-01,,,
4250,2011-07-29,7385.8,1999-10-01,2017-10-27,3351.459,2017-07-01,,,
4251,2013-07-31,7945.9,1999-10-01,2017-11-29,3355.344,2017-07-01,,,
4252,2014-07-30,7934.1,1999-10-01,2017-12-21,3356.462,2017-07-01,,,
4253,2017-10-27,7934.144,1999-10-01,2018-07-27,3372.323,2017-07-01,,,
4254,2018-07-27,8391.791,1999-10-01,2019-07-26,3415.423,2017-07-01,,,
4255,2021-07-29,8418.349,1999-10-01,2020-07-30,3411.104,2017-07-01,,,
4256,2023-09-28,8905.093,1999-10-01,2021-07-29,3400.787,2017-07-01,,,
4257,2000-04-27,6225.2,2000-01-01,2022-09-29,3395.05,2017-07-01,,,
4258,2000-05-25,6214.3,2000-01-01,2023-09-28,3398.886,2017-07-01,,,
4259,2000-06-29,6217.8,2000-01-01,2018-01-26,3404.589,2017-10-01,,,
4260,2000-07-28,6213.5,2000-01-01,2018-02-28,3405.021,2017-10-01,,,
4261,2001-07-27,6171.7,2000-01-01,2018-03-28,3406.551,2017-10-01,,,
4262,2002-07-31,6151.9,2000-01-01,2018-07-27,3419.089,2017-10-01,,,
4263,2003-12-10,6661.3,2000-01-01,2019-07-26,3471.021,2017-10-01,,,
4264,2009-07-31,7501.3,2000-01-01,2020-07-30,3471.131,2017-10-01,,,
4265,2011-07-29,7497.8,2000-01-01,2021-07-29,3459.917,2017-10-01,,,
4266,2013-07-31,8067.1,2000-01-01,2022-09-29,3457.713,2017-10-01,,,
4267,2014-07-30,8054.9,2000-01-01,2023-09-28,3466.137,2017-10-01,,,
4268,2017-10-27,8054.859,2000-01-01,2018-04-27,3443.534,2018-01-01,,,
4269,2018-07-27,8520.71,2000-01-01,2018-05-30,3443.544,2018-01-01,,,
4270,2021-07-29,8545.639,2000-01-01,2018-06-28,3446.268,2018-01-01,,,
4271,2023-09-28,9039.743,2000-01-01,2018-07-27,3456.824,2018-01-01,,,
4272,2000-07-28,6259.6,2000-04-01,2019-07-26,3521.356,2018-01-01,,,
4273,2000-08-25,6258.2,2000-04-01,2020-07-30,3521.462,2018-01-01,,,
4274,2000-09-28,6260.6,2000-04-01,2021-07-29,3505.496,2018-01-01,,,
4275,2001-07-27,6226.3,2000-04-01,2022-09-29,3503.441,2018-01-01,,,
4276,2002-07-31,6198.2,2000-04-01,2023-09-28,3513.876,2018-01-01,,,
4277,2003-12-10,6703.3,2000-04-01,2018-07-27,3501.761,2018-04-01,,,
4278,2009-07-31,7571.8,2000-04-01,2018-08-29,3505.451,2018-04-01,,,
4279,2011-07-29,7568.3,2000-04-01,2018-09-27,3506.571,2018-04-01,,,
4280,2013-07-31,8142.1,2000-04-01,2019-07-26,3577.148,2018-04-01,,,
4281,2014-07-30,8132.2,2000-04-01,2020-07-30,3579.974,2018-04-01,,,
4282,2017-10-27,8132.194,2000-04-01,2021-07-29,3564.308,2018-04-01,,,
4283,2018-07-27,8603.007,2000-04-01,2022-09-29,3561.682,2018-04-01,,,
4284,2021-07-29,8625.435,2000-04-01,2023-09-28,3570.715,2018-04-01,,,
4285,2023-09-28,9124.152,2000-04-01,2018-10-26,3552.345,2018-07-01,,,
4286,2000-10-27,6330.4,2000-07-01,2018-11-28,3550.716,2018-07-01,,,
4287,2000-11-29,6330.5,2000-07-01,2018-12-21,3550.515,2018-07-01,,,
4288,2000-12-21,6329.8,2000-07-01,2019-07-26,3622.564,2018-07-01,,,
4289,2001-07-27,6292.1,2000-07-01,2020-07-30,3631.175,2018-07-01,,,
4290,2002-07-31,6256.8,2000-07-01,2021-07-29,3600.915,2018-07-01,,,
4291,2003-12-10,6768.0,2000-07-01,2022-09-29,3613.647,2018-07-01,,,
4292,2009-07-31,7645.9,2000-07-01,2023-09-28,3626.086,2018-07-01,,,
4293,2011-07-29,7642.4,2000-07-01,2019-02-28,3575.924,2018-10-01,,,
4294,2013-07-31,8223.1,2000-07-01,2019-03-28,3569.433,2018-10-01,,,
4295,2014-07-30,8211.3,2000-07-01,2019-07-26,3644.797,2018-10-01,,,
4296,2017-10-27,8211.276,2000-07-01,2020-07-30,3648.034,2018-10-01,,,
4297,2018-07-27,8687.485,2000-07-01,2021-07-29,3617.39,2018-10-01,,,
4298,2021-07-29,8708.074,2000-07-01,2022-09-29,3636.308,2018-10-01,,,
4299,2023-09-28,9211.569,2000-07-01,2023-09-28,3650.847,2018-10-01,,,
4300,2001-01-31,6374.6,2000-10-01,2019-04-26,3600.495,2019-01-01,,,
4301,2001-02-28,6373.7,2000-10-01,2019-05-30,3600.717,2019-01-01,,,
4302,2001-03-29,6373.3,2000-10-01,2019-06-27,3604.835,2019-01-01,,,
4303,2001-07-27,6341.1,2000-10-01,2019-07-26,3683.061,2019-01-01,,,
4304,2002-07-31,6288.8,2000-10-01,2020-07-30,3681.467,2019-01-01,,,
4305,2003-12-10,6825.0,2000-10-01,2021-07-29,3650.507,2019-01-01,,,
4306,2009-07-31,7713.5,2000-10-01,2022-09-29,3688.279,2019-01-01,,,
4307,2011-07-29,7710.0,2000-10-01,2023-09-28,3704.546,2019-01-01,,,
4308,2013-07-31,8296.1,2000-10-01,2024-09-26,3702.934,2019-01-01,,,
4309,2014-07-30,8284.4,2000-10-01,2019-07-26,3744.013,2019-04-01,,,
4310,2018-07-27,8762.205,2000-10-01,2019-08-29,3739.924,2019-04-01,,,
4311,2021-07-29,8784.155,2000-10-01,2019-09-26,3742.28,2019-04-01,,,
4312,2023-09-28,9292.05,2000-10-01,2020-07-30,3737.643,2019-04-01,,,
4313,2001-04-27,6422.6,2001-01-01,2021-07-29,3702.871,2019-04-01,,,
4314,2001-05-25,6418.8,2001-01-01,2022-09-29,3744.366,2019-04-01,,,
4315,2001-06-29,6426.6,2001-01-01,2023-09-28,3768.165,2019-04-01,,,
4316,2001-07-27,6388.5,2001-01-01,2024-09-26,3761.243,2019-04-01,,,
4317,2002-07-31,6326.0,2001-01-01,2019-10-30,3770.705,2019-07-01,,,
4318,2003-12-10,6833.7,2001-01-01,2019-11-27,3771.702,2019-07-01,,,
4319,2004-07-30,6853.1,2001-01-01,2019-12-20,3772.767,2019-07-01,,,
4320,2009-07-31,7744.3,2001-01-01,2020-07-30,3767.055,2019-07-01,,,
4321,2011-07-29,7740.8,2001-01-01,2021-07-29,3731.315,2019-07-01,,,
4322,2013-07-31,8325.7,2001-01-01,2022-09-29,3785.075,2019-07-01,,,
4323,2014-07-30,8319.4,2001-01-01,2023-09-28,3821.476,2019-07-01,,,
4324,2017-10-27,8319.403,2001-01-01,2024-09-26,3814.837,2019-07-01,,,
4325,2018-07-27,8797.28,2001-01-01,2020-01-30,3818.948,2019-10-01,,,
4326,2021-07-29,8816.014,2001-01-01,2020-02-27,3815.697,2019-10-01,,,
4327,2023-09-28,9325.751,2001-01-01,2020-03-26,3813.694,2019-10-01,,,
4328,2001-07-27,6422.5,2001-04-01,2020-07-30,3805.331,2019-10-01,,,
4329,2001-08-29,6427.5,2001-04-01,2021-07-29,3770.956,2019-10-01,,,
4330,2001-09-28,6428.4,2001-04-01,2022-09-29,3821.871,2019-10-01,,,
4331,2002-07-31,6348.0,2001-04-01,2023-09-28,3865.345,2019-10-01,,,
4332,2003-12-10,6872.2,2001-04-01,2024-09-26,3864.968,2019-10-01,,,
4333,2004-07-30,6870.3,2001-04-01,2020-04-29,3850.521,2020-01-01,,,
4334,2009-07-31,7773.5,2001-04-01,2020-05-28,3850.661,2020-01-01,,,
4335,2011-07-29,7770.0,2001-04-01,2020-06-25,3852.015,2020-01-01,,,
4336,2013-07-31,8348.3,2001-04-01,2020-07-30,3834.115,2020-01-01,,,
4337,2014-07-30,8340.8,2001-04-01,2021-07-29,3831.634,2020-01-01,,,
4338,2017-10-27,8340.761,2001-04-01,2022-09-29,3883.041,2020-01-01,,,
4339,2018-07-27,8818.079,2001-04-01,2023-09-28,3943.653,2020-01-01,,,
4340,2021-07-29,8833.726,2001-04-01,2024-09-26,3943.012,2020-01-01,,,
4341,2023-09-28,9344.486,2001-04-01,2025-09-25,3942.036,2020-01-01,,,
4342,2001-10-31,6447.8,2001-07-01,2020-07-30,3839.344,2020-04-01,,,
4343,2001-11-30,6446.5,2001-07-01,2020-08-27,3842.394,2020-04-01,,,
4344,2001-12-21,6443.9,2001-07-01,2020-09-30,3839.326,2020-04-01,,,
4345,2002-07-31,6370.9,2001-07-01,2021-07-29,3859.604,2020-04-01,,,
4346,2003-12-10,6904.2,2001-07-01,2022-09-29,3951.815,2020-04-01,,,
4347,2004-07-30,6900.5,2001-07-01,2023-09-28,4021.065,2020-04-01,,,
4348,2009-07-31,7807.7,2001-07-01,2024-09-26,4025.974,2020-04-01,,,
4349,2011-07-29,7804.2,2001-07-01,2025-09-25,4021.699,2020-04-01,,,
4350,2013-07-31,8376.3,2001-07-01,2020-10-29,3824.493,2020-07-01,,,
4351,2014-07-30,8371.2,2001-07-01,2020-11-25,3816.479,2020-07-01,,,
4352,2017-10-27,8371.247,2001-07-01,2020-12-22,3816.639,2020-07-01,,,
4353,2018-07-27,8848.3,2001-07-01,2021-07-29,3861.667,2020-07-01,,,
4354,2021-07-29,8864.465,2001-07-01,2022-09-29,3922.861,2020-07-01,,,
4355,2023-09-28,9377.003,2001-07-01,2023-09-28,3995.986,2020-07-01,,,
4356,2002-01-30,6528.4,2001-10-01,2024-09-26,4001.57,2020-07-01,,,
4357,2002-02-28,6538.5,2001-10-01,2025-09-25,4001.844,2020-07-01,,,
4358,2002-03-28,6540.3,2001-10-01,2021-01-28,3830.754,2020-10-01,,,
4359,2002-07-31,6464.0,2001-10-01,2021-02-25,3832.55,2020-10-01,,,
4360,2003-12-10,7008.2,2001-10-01,2021-03-25,3835.162,2020-10-01,,,
4361,2004-07-30,7017.6,2001-10-01,2021-07-29,3885.253,2020-10-01,,,
4362,2009-07-31,7930.0,2001-10-01,2022-09-29,3957.812,2020-10-01,,,
4363,2011-07-29,7926.4,2001-10-01,2023-09-28,4018.324,2020-10-01,,,
4364,2013-07-31,8499.8,2001-10-01,2024-09-26,4027.995,2020-10-01,,,
4365,2014-07-30,8499.1,2001-10-01,2025-09-25,4030.804,2020-10-01,,,
4366,2017-10-27,8499.132,2001-10-01,2021-04-29,3952.953,2021-01-01,,,
4367,2018-07-27,8980.61,2001-10-01,2021-05-27,3946.541,2021-01-01,,,
4368,2021-07-29,9007.494,2001-10-01,2021-06-24,3946.722,2021-01-01,,,
4369,2023-09-28,9528.302,2001-10-01,2021-07-29,3977.339,2021-01-01,,,
4370,2002-04-26,6597.5,2002-01-01,2022-09-29,4088.659,2021-01-01,,,
4371,2002-05-24,6592.1,2002-01-01,2023-09-28,4143.85,2021-01-01,,,
4372,2002-06-27,6593.5,2002-01-01,2024-09-26,4147.626,2021-01-01,,,
4373,2002-07-31,6513.8,2002-01-01,2025-09-25,4155.388,2021-01-01,,,
4374,2003-12-10,7079.2,2002-01-01,2021-07-29,4018.938,2021-04-01,,,
4375,2004-07-30,7049.7,2002-01-01,2021-08-26,4015.995,2021-04-01,,,
4376,2005-07-29,7042.2,2002-01-01,2021-09-30,4015.88,2021-04-01,,,
4377,2009-07-31,7957.3,2002-01-01,2022-09-29,4124.384,2021-04-01,,,
4378,2011-07-29,7953.7,2002-01-01,2023-09-28,4160.188,2021-04-01,,,
4379,2013-07-31,8527.0,2002-01-01,2024-09-26,4170.015,2021-04-01,,,
4380,2014-07-30,8524.6,2002-01-01,2025-09-25,4174.293,2021-04-01,,,
4381,2017-10-27,8524.579,2002-01-01,2021-10-28,4076.956,2021-07-01,,,
4382,2018-07-27,9008.096,2002-01-01,2021-11-24,4083.708,2021-07-01,,,
4383,2021-07-29,9027.548,2002-01-01,2021-12-22,4084.859,2021-07-01,,,
4384,2023-09-28,9549.516,2002-01-01,2022-09-29,4183.144,2021-07-01,,,
4385,2002-07-31,6544.2,2002-04-01,2023-09-28,4201.529,2021-07-01,,,
4386,2002-08-29,6543.8,2002-04-01,2024-09-26,4213.97,2021-07-01,,,
4387,2002-09-27,6542.4,2002-04-01,2025-09-25,4219.865,2021-07-01,,,
4388,2003-12-10,7124.5,2002-04-01,2022-01-27,4128.429,2021-10-01,,,
4389,2004-07-30,7099.2,2002-04-01,2022-02-24,4134.025,2021-10-01,,,
4390,2005-07-29,7083.5,2002-04-01,2022-03-30,4132.864,2021-10-01,,,
4391,2009-07-31,7997.8,2002-04-01,2022-09-29,4246.682,2021-10-01,,,
4392,2011-07-29,7994.1,2002-04-01,2023-09-28,4266.648,2021-10-01,,,
4393,2013-07-31,8572.2,2002-04-01,2024-09-26,4282.318,2021-10-01,,,
4394,2014-07-30,8568.1,2002-04-01,2025-09-25,4285.062,2021-10-01,,,
4395,2017-10-27,8568.126,2002-04-01,2022-04-28,4194.447,2022-01-01,,,
4396,2018-07-27,9054.348,2002-04-01,2022-05-26,4200.61,2022-01-01,,,
4397,2021-07-29,9073.212,2002-04-01,2022-06-29,4199.48,2022-01-01,,,
4398,2023-09-28,9597.82,2002-04-01,2022-09-29,4311.366,2022-01-01,,,
4399,2002-10-31,6610.8,2002-07-01,2023-09-28,4321.404,2022-01-01,,,
4400,2002-11-26,6609.2,2002-07-01,2024-09-26,4332.61,2022-01-01,,,
4401,2002-12-20,6609.9,2002-07-01,2025-09-25,4336.227,2022-01-01,,,
4402,2003-12-10,7159.2,2002-07-01,2022-07-28,4295.935,2022-04-01,,,
4403,2004-07-30,7149.9,2002-07-01,2022-08-25,4304.249,2022-04-01,,,
4404,2005-07-29,7123.2,2002-07-01,2022-09-29,4412.776,2022-04-01,,,
4405,2009-07-31,8052.0,2002-07-01,2023-09-28,4415.676,2022-04-01,,,
4406,2011-07-29,8048.3,2002-07-01,2024-09-26,4437.609,2022-04-01,,,
4407,2013-07-31,8633.0,2002-07-01,2025-09-25,4439.375,2022-04-01,,,
4408,2014-07-30,8628.0,2002-07-01,2022-10-27,4474.082,2022-07-01,,,
4409,2017-10-27,8628.043,2002-07-01,2022-11-30,4486.51,2022-07-01,,,
4410,2018-07-27,9119.949,2002-07-01,2022-12-22,4493.044,2022-07-01,,,
4411,2021-07-29,9136.709,2002-07-01,2023-09-28,4477.855,2022-07-01,,,
4412,2023-09-28,9664.988,2002-07-01,2024-09-26,4480.05,2022-07-01,,,
4413,2003-01-30,6625.7,2002-10-01,2025-09-25,4486.473,2022-07-01,,,
4414,2003-02-28,6634.1,2002-10-01,2023-01-26,4568.024,2022-10-01,,,
4415,2003-03-27,6637.9,2002-10-01,2023-02-23,4572.515,2022-10-01,,,
4416,2003-12-10,7198.9,2002-10-01,2023-03-30,4575.354,2022-10-01,,,
4417,2004-07-30,7194.6,2002-10-01,2023-09-28,4572.408,2022-10-01,,,
4418,2005-07-29,7148.2,2002-10-01,2024-09-26,4564.792,2022-10-01,,,
4419,2009-07-31,8080.6,2002-10-01,2025-09-25,4570.552,2022-10-01,,,
4420,2011-07-29,8076.9,2002-10-01,2023-04-27,4646.072,2023-01-01,,,
4421,2013-07-31,8669.1,2002-10-01,2023-05-25,4654.865,2023-01-01,,,
4422,2014-07-30,8674.4,2002-10-01,2023-06-29,4649.821,2023-01-01,,,
4423,2017-10-27,8674.353,2002-10-01,2023-09-28,4643.89,2023-01-01,,,
4424,2018-07-27,9172.361,2002-10-01,2024-09-26,4624.586,2023-01-01,,,
4425,2021-07-29,9187.527,2002-10-01,2025-09-25,4640.498,2023-01-01,,,
4426,2023-09-28,9718.745,2002-10-01,2023-07-27,4684.083,2023-04-01,,,
4427,2003-04-25,6660.5,2003-01-01,2023-08-30,4686.288,2023-04-01,,,
4428,2003-05-29,6671.6,2003-01-01,2023-09-28,4669.808,2023-04-01,,,
4429,2003-06-26,6670.9,2003-01-01,2024-09-26,4645.905,2023-04-01,,,
4430,2003-12-10,7244.1,2003-01-01,2025-09-25,4673.36,2023-04-01,,,
4431,2004-07-30,7242.2,2003-01-01,2023-10-26,4774.482,2023-07-01,,,
4432,2005-07-29,7192.2,2003-01-01,2023-11-29,4792.453,2023-07-01,,,
4433,2006-07-28,7184.9,2003-01-01,2023-12-21,4794.83,2023-07-01,,,
4434,2009-07-31,8122.3,2003-01-01,2024-09-26,4756.448,2023-07-01,,,
4435,2011-07-29,8117.7,2003-01-01,2025-09-25,4789.733,2023-07-01,,,
4436,2013-07-31,8712.2,2003-01-01,2024-01-25,4856.757,2023-10-01,,,
4437,2014-07-30,8712.5,2003-01-01,2024-02-28,4866.487,2023-10-01,,,
4438,2017-10-27,8712.527,2003-01-01,2024-03-28,4871.828,2023-10-01,,,
4439,2018-07-27,9215.501,2003-01-01,2024-09-26,4815.15,2023-10-01,,,
4440,2021-07-29,9232.782,2003-01-01,2025-09-25,4861.013,2023-10-01,,,
4441,2023-09-28,9766.616,2003-01-01,2024-04-25,4931.992,2024-01-01,,,
4442,2003-07-31,6726.0,2003-04-01,2024-05-30,4937.385,2024-01-01,,,
4443,2003-08-28,6733.3,2003-04-01,2024-06-27,4940.989,2024-01-01,,,
4444,2003-09-26,6733.9,2003-04-01,2024-09-26,4880.96,2024-01-01,,,
4445,2003-12-10,7304.0,2003-04-01,2025-09-25,4931.777,2024-01-01,,,
4446,2004-07-30,7311.4,2003-04-01,2024-07-25,5001.222,2024-04-01,,,
4447,2005-07-29,7256.8,2003-04-01,2024-08-29,5000.035,2024-04-01,,,
4448,2006-07-28,7249.3,2003-04-01,2024-09-26,4943.041,2024-04-01,,,
4449,2009-07-31,8197.8,2003-04-01,2025-09-25,4995.15,2024-04-01,,,
4450,2011-07-29,8198.1,2003-04-01,2024-10-30,5035.146,2024-07-01,,,
4451,2013-07-31,8810.1,2003-04-01,2024-11-27,5032.578,2024-07-01,,,
4452,2014-07-30,8809.5,2003-04-01,2024-12-19,5035.008,2024-07-01,,,
4453,2017-10-27,8809.507,2003-04-01,2025-09-25,5086.922,2024-07-01,,,
4454,2018-07-27,9318.994,2003-04-01,2025-01-30,5096.612,2024-10-01,,,
4455,2021-07-29,9338.495,2003-04-01,2025-02-27,5098.078,2024-10-01,,,
4456,2023-09-28,9878.442,2003-04-01,2025-03-27,5099.73,2024-10-01,,,
4457,2003-10-30,6842.1,2003-07-01,2025-09-25,5150.725,2024-10-01,,,
4458,2003-11-25,6838.4,2003-07-01,2025-04-30,5140.465,2025-01-01,,,
4459,2003-12-10,,2003-07-01,2025-05-29,5148.328,2025-01-01,,,
4460,2003-12-23,7426.6,2003-07-01,2025-06-26,5149.892,2025-01-01,,,
4461,2004-07-30,7401.7,2003-07-01,2025-09-25,5195.517,2025-01-01,,,
4462,2005-07-29,7360.7,2003-07-01,2025-07-30,5189.657,2025-04-01,,,
4463,2006-07-28,7352.9,2003-07-01,2025-08-28,5188.964,2025-04-01,,,
4464,2009-07-31,8312.1,2003-07-01,2025-09-25,5236.97,2025-04-01,,,
4465,2011-07-29,8308.5,2003-07-01,2025-12-23,5323.099,2025-07-01,,,
4466,2013-07-31,8938.2,2003-07-01,2026-01-22,5324.402,2025-07-01,,,
4467,2014-07-30,8939.4,2003-07-01,2026-02-20,5346.421,2025-10-01,,,
4468,2017-10-27,8939.387,2003-07-01,2026-03-13,5341.129,2025-10-01,,,
4469,2018-07-27,9455.687,2003-07-01,2026-04-09,5343.513,2025-10-01,,,
4470,2021-07-29,9470.541,2003-07-01,2026-04-30,5418.445,2026-01-01,,,
4471,2023-09-28,10018.122,2003-07-01,,,,,,
4472,2004-01-30,7474.2,2003-10-01,,,,,,
4473,2004-02-27,7476.9,2003-10-01,,,,,,
4474,2004-03-25,7486.2,2003-10-01,,,,,,
4475,2004-07-30,7466.8,2003-10-01,,,,,,
4476,2005-07-29,7416.4,2003-10-01,,,,,,
4477,2006-07-28,7394.3,2003-10-01,,,,,,
4478,2009-07-31,8358.0,2003-10-01,,,,,,
4479,2011-07-29,8353.7,2003-10-01,,,,,,
4480,2013-07-31,9004.3,2003-10-01,,,,,,
4481,2014-07-30,9008.8,2003-10-01,,,,,,
4482,2017-10-27,9008.815,2003-10-01,,,,,,
4483,2018-07-27,9519.802,2003-10-01,,,,,,
4484,2021-07-29,9535.741,2003-10-01,,,,,,
4485,2023-09-28,10087.092,2003-10-01,,,,,,
4486,2004-04-29,7555.6,2004-01-01,,,,,,
4487,2004-05-27,7557.3,2004-01-01,,,,,,
4488,2004-06-25,7555.8,2004-01-01,,,,,,
4489,2004-07-30,7543.0,2004-01-01,,,,,,
4490,2005-07-29,7501.4,2004-01-01,,,,,,
4491,2006-07-28,7479.8,2004-01-01,,,,,,
4492,2007-07-27,7475.1,2004-01-01,,,,,,
4493,2009-07-31,8437.6,2004-01-01,,,,,,
4494,2011-07-29,8427.6,2004-01-01,,,,,,
4495,2013-07-31,9096.3,2004-01-01,,,,,,
4496,2014-07-30,9096.4,2004-01-01,,,,,,
4497,2017-10-27,9096.415,2004-01-01,,,,,,
4498,2018-07-27,9604.507,2004-01-01,,,,,,
4499,2021-07-29,9624.649,2004-01-01,,,,,,
4500,2023-09-28,10181.141,2004-01-01,,,,,,
4501,2004-07-30,7562.5,2004-04-01,,,,,,
4502,2004-08-27,7572.7,2004-04-01,,,,,,
4503,2004-09-29,7572.4,2004-04-01,,,,,,
4504,2005-07-29,7536.6,2004-04-01,,,,,,
4505,2006-07-28,7534.4,2004-04-01,,,,,,
4506,2007-07-27,7520.5,2004-04-01,,,,,,
4507,2009-07-31,8483.2,2004-04-01,,,,,,
4508,2011-07-29,8465.1,2004-04-01,,,,,,
4509,2013-07-31,9152.4,2004-04-01,,,,,,
4510,2014-07-30,9155.5,2004-04-01,,,,,,
4511,2017-10-27,9155.468,2004-04-01,,,,,,
4512,2018-07-27,9664.264,2004-04-01,,,,,,
4513,2021-07-29,9677.166,2004-04-01,,,,,,
4514,2023-09-28,10236.694,2004-04-01,,,,,,
4515,2004-10-29,7658.9,2004-07-01,,,,,,
4516,2004-11-30,7666.8,2004-07-01,,,,,,
4517,2004-12-22,7667.8,2004-07-01,,,,,,
4518,2005-07-29,7617.5,2004-07-01,,,,,,
4519,2006-07-28,7607.1,2004-07-01,,,,,,
4520,2007-07-27,7585.5,2004-07-01,,,,,,
4521,2009-07-31,8555.8,2004-07-01,,,,,,
4522,2011-07-29,8539.1,2004-07-01,,,,,,
4523,2013-07-31,9239.3,2004-07-01,,,,,,
4524,2014-07-30,9243.0,2004-07-01,,,,,,
4525,2017-10-27,9243.002,2004-07-01,,,,,,
4526,2018-07-27,9771.136,2004-07-01,,,,,,
4527,2021-07-29,9790.836,2004-07-01,,,,,,
4528,2023-09-28,10356.936,2004-07-01,,,,,,
4529,2005-01-28,7755.4,2004-10-01,,,,,,
4530,2005-02-25,7746.2,2004-10-01,,,,,,
4531,2005-03-30,7747.0,2004-10-01,,,,,,
4532,2005-07-29,7698.8,2004-10-01,,,,,,
4533,2006-07-28,7687.1,2004-10-01,,,,,,
4534,2007-07-27,7664.3,2004-10-01,,,,,,
4535,2009-07-31,8654.2,2004-10-01,,,,,,
4536,2011-07-29,8631.3,2004-10-01,,,,,,
4537,2013-07-31,9334.5,2004-10-01,,,,,,
4538,2014-07-30,9337.8,2004-10-01,,,,,,
4539,2017-10-27,9337.837,2004-10-01,,,,,,
4540,2018-07-27,9877.416,2004-10-01,,,,,,
4541,2021-07-29,9901.58,2004-10-01,,,,,,
4542,2023-09-28,10474.084,2004-10-01,,,,,,
4543,2005-04-28,7814.2,2005-01-01,,,,,,
4544,2005-05-26,7816.5,2005-01-01,,,,,,
4545,2005-06-29,7815.8,2005-01-01,,,,,,
4546,2005-07-29,7764.9,2005-01-01,,,,,,
4547,2006-07-28,7739.4,2005-01-01,,,,,,
4548,2007-07-27,7709.4,2005-01-01,,,,,,
4549,2008-07-31,7697.5,2005-01-01,,,,,,
4550,2009-07-31,8719.0,2005-01-01,,,,,,
4551,2011-07-29,8700.1,2005-01-01,,,,,,
4552,2013-07-31,9409.5,2005-01-01,,,,,,
4553,2014-07-30,9409.2,2005-01-01,,,,,,
4554,2017-10-27,9409.222,2005-01-01,,,,,,
4555,2018-07-27,9935.048,2005-01-01,,,,,,
4556,2021-07-29,9964.496,2005-01-01,,,,,,
4557,2023-09-28,10540.638,2005-01-01,,,,,,
4558,2005-07-29,7828.3,2005-04-01,,,,,,
4559,2005-08-31,7823.2,2005-04-01,,,,,,
4560,2005-09-29,7829.5,2005-04-01,,,,,,
4561,2006-07-28,7819.8,2005-04-01,,,,,,
4562,2007-07-27,7775.2,2005-04-01,,,,,,
4563,2008-07-31,7766.4,2005-04-01,,,,,,
4564,2009-07-31,8802.9,2005-04-01,,,,,,
4565,2011-07-29,8786.2,2005-04-01,,,,,,
4566,2013-07-31,9507.8,2005-04-01,,,,,,
4567,2014-07-30,9511.5,2005-04-01,,,,,,
4568,2017-10-27,9511.451,2005-04-01,,,,,,
4569,2018-07-27,10047.766,2005-04-01,,,,,,
4570,2021-07-29,10074.922,2005-04-01,,,,,,
4571,2023-09-28,10657.449,2005-04-01,,,,,,
4572,2005-10-28,7904.7,2005-07-01,,,,,,
4573,2005-11-30,7911.4,2005-07-01,,,,,,
4574,2005-12-21,7907.9,2005-07-01,,,,,,
4575,2006-07-28,7895.3,2005-07-01,,,,,,
4576,2007-07-27,7852.8,2005-07-01,,,,,,
4577,2008-07-31,7838.1,2005-07-01,,,,,,
4578,2009-07-31,8865.6,2005-07-01,,,,,,
4579,2011-07-29,8852.9,2005-07-01,,,,,,
4580,2013-07-31,9578.9,2005-07-01,,,,,,
4581,2014-07-30,9585.2,2005-07-01,,,,,,
4582,2017-10-27,9585.233,2005-07-01,,,,,,
4583,2018-07-27,10145.297,2005-07-01,,,,,,
4584,2021-07-29,10158.513,2005-07-01,,,,,,
4585,2023-09-28,10745.873,2005-07-01,,,,,,
4586,2006-01-27,7930.2,2005-10-01,,,,,,
4587,2006-02-28,7930.6,2005-10-01,,,,,,
4588,2006-03-30,7925.4,2005-10-01,,,,,,
4589,2006-07-28,7910.2,2005-10-01,,,,,,
4590,2007-07-27,7876.9,2005-10-01,,,,,,
4591,2008-07-31,7864.9,2005-10-01,,,,,,
4592,2009-07-31,8888.5,2005-10-01,,,,,,
4593,2011-07-29,8874.9,2005-10-01,,,,,,
4594,2013-07-31,9614.9,2005-10-01,,,,,,
4595,2014-07-30,9621.3,2005-10-01,,,,,,
4596,2017-10-27,9621.339,2005-10-01,,,,,,
4597,2018-07-27,10175.424,2005-10-01,,,,,,
4598,2021-07-29,10177.238,2005-10-01,,,,,,
4599,2023-09-28,10765.68,2005-10-01,,,,,,
4600,2006-04-28,8032.0,2006-01-01,,,,,,
4601,2006-05-25,8026.7,2006-01-01,,,,,,
4602,2006-06-29,8023.6,2006-01-01,,,,,,
4603,2006-07-28,8003.8,2006-01-01,,,,,,
4604,2007-07-27,7961.9,2006-01-01,,,,,,
4605,2008-07-31,7947.4,2006-01-01,,,,,,
4606,2009-07-31,8986.6,2006-01-01,,,,,,
4607,2011-07-29,8965.8,2006-01-01,,,,,,
4608,2013-07-31,9722.7,2006-01-01,,,,,,
4609,2014-07-30,9729.2,2006-01-01,,,,,,
4610,2017-10-27,9729.225,2006-01-01,,,,,,
4611,2018-07-27,10288.892,2006-01-01,,,,,,
4612,2021-07-29,10288.217,2006-01-01,,,,,,
4613,2023-09-28,10883.075,2006-01-01,,,,,,
4614,2006-07-28,8053.0,2006-04-01,,,,,,
4615,2006-08-30,8054.8,2006-04-01,,,,,,
4616,2006-09-28,8055.0,2006-04-01,,,,,,
4617,2007-07-27,8009.3,2006-04-01,,,,,,
4618,2008-07-31,8002.1,2006-04-01,,,,,,
4619,2009-07-31,9035.0,2006-04-01,,,,,,
4620,2011-07-29,9019.8,2006-04-01,,,,,,
4621,2013-07-31,9774.2,2006-04-01,,,,,,
4622,2014-07-30,9781.0,2006-04-01,,,,,,
4623,2017-10-27,9781.025,2006-04-01,,,,,,
4624,2018-07-27,10341.016,2006-04-01,,,,,,
4625,2021-07-29,10341.556,2006-04-01,,,,,,
4626,2023-09-28,10939.498,2006-04-01,,,,,,
4627,2006-10-27,8116.2,2006-07-01,,,,,,
4628,2006-11-29,8112.0,2006-07-01,,,,,,
4629,2006-12-21,8111.2,2006-07-01,,,,,,
4630,2007-07-27,8063.8,2006-07-01,,,,,,
4631,2008-07-31,8046.3,2006-07-01,,,,,,
4632,2009-07-31,9090.7,2006-07-01,,,,,,
4633,2011-07-29,9073.9,2006-07-01,,,,,,
4634,2013-07-31,9833.4,2006-07-01,,,,,,
4635,2014-07-30,9838.1,2006-07-01,,,,,,
4636,2017-10-27,9838.106,2006-07-01,,,,,,
4637,2018-07-27,10403.798,2006-07-01,,,,,,
4638,2021-07-29,10407.966,2006-07-01,,,,,,
4639,2023-09-28,11009.748,2006-07-01,,,,,,
4640,2007-01-31,8199.2,2006-10-01,,,,,,
4641,2007-02-28,8194.4,2006-10-01,,,,,,
4642,2007-03-29,8195.9,2006-10-01,,,,,,
4643,2007-07-27,8141.2,2006-10-01,,,,,,
4644,2008-07-31,8119.9,2006-10-01,,,,,,
4645,2009-07-31,9181.6,2006-10-01,,,,,,
4646,2011-07-29,9158.3,2006-10-01,,,,,,
4647,2013-07-31,9929.2,2006-10-01,,,,,,
4648,2014-07-30,9938.4,2006-10-01,,,,,,
4649,2017-10-27,9938.409,2006-10-01,,,,,,
4650,2018-07-27,10504.481,2006-10-01,,,,,,
4651,2021-07-29,10507.248,2006-10-01,,,,,,
4652,2023-09-28,11114.771,2006-10-01,,,,,,
4653,2007-04-27,8273.6,2007-01-01,,,,,,
4654,2007-05-31,8284.0,2007-01-01,,,,,,
4655,2007-06-28,8280.7,2007-01-01,,,,,,
4656,2007-07-27,8215.7,2007-01-01,,,,,,
4657,2008-07-31,8197.2,2007-01-01,,,,,,
4658,2009-07-31,9265.1,2007-01-01,,,,,,
4659,2010-07-30,9235.2,2007-01-01,,,,,,
4660,2011-07-29,9209.2,2007-01-01,,,,,,
4661,2013-07-31,9987.1,2007-01-01,,,,,,
4662,2014-07-30,9990.7,2007-01-01,,,,,,
4663,2017-10-27,9990.657,2007-01-01,,,,,,
4664,2018-07-27,10563.261,2007-01-01,,,,,,
4665,2021-07-29,10572.053,2007-01-01,,,,,,
4666,2023-09-28,11183.323,2007-01-01,,,,,,
4667,2007-07-27,8241.4,2007-04-01,,,,,,
4668,2007-08-30,8245.2,2007-04-01,,,,,,
4669,2007-09-27,8244.3,2007-04-01,,,,,,
4670,2008-07-31,8237.3,2007-04-01,,,,,,
4671,2009-07-31,9291.5,2007-04-01,,,,,,
4672,2010-07-30,9270.5,2007-04-01,,,,,,
4673,2011-07-29,9244.5,2007-04-01,,,,,,
4674,2013-07-31,10020.4,2007-04-01,,,,,,
4675,2014-07-30,10024.6,2007-04-01,,,,,,
4676,2017-10-27,10024.604,2007-04-01,,,,,,
4677,2018-07-27,10582.839,2007-04-01,,,,,,
4678,2021-07-29,10599.795,2007-04-01,,,,,,
4679,2023-09-28,11212.669,2007-04-01,,,,,,
4680,2007-10-31,8305.3,2007-07-01,,,,,,
4681,2007-11-29,8298.5,2007-07-01,,,,,,
4682,2007-12-20,8302.2,2007-07-01,,,,,,
4683,2008-07-31,8278.5,2007-07-01,,,,,,
4684,2009-07-31,9335.6,2007-07-01,,,,,,
4685,2010-07-30,9310.0,2007-07-01,,,,,,
4686,2011-07-29,9285.2,2007-07-01,,,,,,
4687,2013-07-31,10060.1,2007-07-01,,,,,,
4688,2014-07-30,10069.2,2007-07-01,,,,,,
4689,2017-10-27,10069.158,2007-07-01,,,,,,
4690,2018-07-27,10642.483,2007-07-01,,,,,,
4691,2021-07-29,10670.506,2007-07-01,,,,,,
4692,2023-09-28,11287.468,2007-07-01,,,,,,
4693,2008-01-30,8342.7,2007-10-01,,,,,,
4694,2008-02-28,8341.3,2007-10-01,,,,,,
4695,2008-03-27,8349.1,2007-10-01,,,,,,
4696,2008-07-31,8298.2,2007-10-01,,,,,,
4697,2009-07-31,9363.6,2007-10-01,,,,,,
4698,2010-07-30,9342.3,2007-10-01,,,,,,
4699,2011-07-29,9312.6,2007-10-01,,,,,,
4700,2013-07-31,10074.5,2007-10-01,,,,,,
4701,2014-07-30,10081.8,2007-10-01,,,,,,
4702,2017-10-27,10081.798,2007-10-01,,,,,,
4703,2018-07-27,10672.794,2007-10-01,,,,,,
4704,2021-07-29,10712.556,2007-10-01,,,,,,
4705,2023-09-28,11331.949,2007-10-01,,,,,,
4706,2008-04-30,8369.1,2008-01-01,,,,,,
4707,2008-05-29,8369.7,2008-01-01,,,,,,
4708,2008-06-26,8372.9,2008-01-01,,,,,,
4709,2008-07-31,8316.1,2008-01-01,,,,,,
4710,2009-07-31,9349.6,2008-01-01,,,,,,
4711,2010-07-30,9324.1,2008-01-01,,,,,,
4712,2011-07-29,9289.1,2008-01-01,,,,,,
4713,2013-07-31,10054.1,2008-01-01,,,,,,
4714,2014-07-30,10061.0,2008-01-01,,,,,,
4715,2017-10-27,10060.966,2008-01-01,,,,,,
4716,2018-07-27,10644.429,2008-01-01,,,,,,
4717,2021-07-29,10697.867,2008-01-01,,,,,,
4718,2023-09-28,11316.411,2008-01-01,,,,,,
4719,2008-07-31,8347.5,2008-04-01,,,,,,
4720,2008-08-28,8352.2,2008-04-01,,,,,,
4721,2008-09-26,8341.3,2008-04-01,,,,,,
4722,2009-07-31,9351.0,2008-04-01,,,,,,
4723,2010-07-30,9326.2,2008-04-01,,,,,,
4724,2011-07-29,9285.8,2008-04-01,,,,,,
4725,2013-07-31,10073.0,2008-04-01,,,,,,
4726,2014-07-30,10077.9,2008-04-01,,,,,,
4727,2017-10-27,10077.94,2008-04-01,,,,,,
4728,2018-07-27,10661.689,2008-04-01,,,,,,
4729,2021-07-29,10727.347,2008-04-01,,,,,,
4730,2023-09-28,11347.595,2008-04-01,,,,,,
4731,2008-10-30,8275.2,2008-07-01,,,,,,
4732,2008-11-25,8262.1,2008-07-01,,,,,,
4733,2008-12-23,8260.6,2008-07-01,,,,,,
4734,2009-07-31,9267.7,2008-07-01,,,,,,
4735,2010-07-30,9243.5,2008-07-01,,,,,,
4736,2011-07-29,9196.0,2008-07-01,,,,,,
4737,2013-07-31,9993.7,2008-07-01,,,,,,
4738,2014-07-30,10005.1,2008-07-01,,,,,,
4739,2017-10-27,10005.097,2008-07-01,,,,,,
4740,2018-07-27,10581.856,2008-07-01,,,,,,
4741,2021-07-29,10644.668,2008-07-01,,,,,,
4742,2023-09-28,11260.136,2008-07-01,,,,,,
4743,2009-01-30,8186.9,2008-10-01,,,,,,
4744,2009-02-27,8169.9,2008-10-01,,,,,,
4745,2009-03-26,8170.5,2008-10-01,,,,,,
4746,2009-07-31,9195.3,2008-10-01,,,,,,
4747,2010-07-30,9166.3,2008-10-01,,,,,,
4748,2011-07-29,9076.0,2008-10-01,,,,,,
4749,2013-07-31,9876.2,2008-10-01,,,,,,
4750,2014-07-30,9884.7,2008-10-01,,,,,,
4751,2017-10-27,9884.724,2008-10-01,,,,,,
4752,2018-07-27,10483.376,2008-10-01,,,,,,
4753,2021-07-29,10548.872,2008-10-01,,,,,,
4754,2023-09-28,11158.801,2008-10-01,,,,,,
4755,2009-04-29,8214.2,2009-01-01,,,,,,
4756,2009-05-29,8202.0,2009-01-01,,,,,,
4757,2009-06-25,8198.0,2009-01-01,,,,,,
4758,2009-07-31,9209.2,2009-01-01,,,,,,
4759,2010-07-30,9154.1,2009-01-01,,,,,,
4760,2011-07-29,9040.9,2009-01-01,,,,,,
4761,2012-07-27,9039.5,2009-01-01,,,,,,
4762,2013-07-31,9843.6,2009-01-01,,,,,,
4763,2014-07-30,9850.8,2009-01-01,,,,,,
4764,2017-10-27,9850.832,2009-01-01,,,,,,
4765,2018-07-27,10459.698,2009-01-01,,,,,,
4766,2021-07-29,10522.083,2009-01-01,,,,,,
4767,2023-09-28,11130.464,2009-01-01,,,,,,
4768,2009-07-31,9180.5,2009-04-01,,,,,,
4769,2009-08-27,9186.7,2009-04-01,,,,,,
4770,2009-09-30,9189.0,2009-04-01,,,,,,
4771,2010-07-30,9117.0,2009-04-01,,,,,,
4772,2011-07-29,8998.5,2009-04-01,,,,,,
4773,2012-07-27,8999.3,2009-04-01,,,,,,
4774,2013-07-31,9801.5,2009-04-01,,,,,,
4775,2014-07-30,9806.4,2009-04-01,,,,,,
4776,2017-10-27,9806.377,2009-04-01,,,,,,
4777,2018-07-27,10417.334,2009-04-01,,,,,,
4778,2021-07-29,10470.358,2009-04-01,,,,,,
4779,2023-09-28,11075.748,2009-04-01,,,,,,
4780,2009-10-29,9265.1,2009-07-01,,,,,,
4781,2009-11-24,9256.0,2009-07-01,,,,,,
4782,2009-12-22,9252.6,2009-07-01,,,,,,
4783,2010-07-30,9161.6,2009-07-01,,,,,,
4784,2011-07-29,9050.3,2009-07-01,,,,,,
4785,2012-07-27,9046.2,2009-07-01,,,,,,
4786,2013-07-31,9862.7,2009-07-01,,,,,,
4787,2014-07-30,9865.9,2009-07-01,,,,,,
4788,2017-10-27,9865.864,2009-07-01,,,,,,
4789,2018-07-27,10489.202,2009-07-01,,,,,,
4790,2021-07-29,10540.769,2009-07-01,,,,,,
4791,2023-09-28,11150.23,2009-07-01,,,,,,
4792,2010-01-29,9298.5,2009-10-01,,,,,,
4793,2010-02-26,9291.7,2009-10-01,,,,,,
4794,2010-03-26,9289.5,2009-10-01,,,,,,
4795,2010-07-30,9182.9,2009-10-01,,,,,,
4796,2011-07-29,9060.2,2009-10-01,,,,,,
4797,2012-07-27,9045.4,2009-10-01,,,,,,
4798,2013-07-31,9863.9,2009-10-01,,,,,,
4799,2014-07-30,9864.8,2009-10-01,,,,,,
4800,2017-10-27,9864.805,2009-10-01,,,,,,
4801,2018-07-27,10473.645,2009-10-01,,,,,,
4802,2021-07-29,10529.156,2009-10-01,,,,,,
4803,2023-09-28,11137.946,2009-10-01,,,,,,
4804,2010-04-30,9372.7,2010-01-01,,,,,,
4805,2010-05-27,9368.7,2010-01-01,,,,,,
4806,2010-06-25,9359.0,2010-01-01,,,,,,
4807,2010-07-30,9225.4,2010-01-01,,,,,,
4808,2011-07-29,9121.2,2010-01-01,,,,,,
4809,2012-07-27,9100.8,2010-01-01,,,,,,
4810,2013-07-31,9915.4,2010-01-01,,,,,,
4811,2014-07-30,9917.7,2010-01-01,,,,,,
4812,2017-10-27,9917.689,2010-01-01,,,,,,
4813,2018-07-27,10525.432,2010-01-01,,,,,,
4814,2021-07-29,10590.177,2010-01-01,,,,,,
4815,2023-09-28,11202.495,2010-01-01,,,,,,
4816,2010-07-30,9262.7,2010-04-01,,,,,,
4817,2010-08-27,9270.3,2010-04-01,,,,,,
4818,2010-09-30,9275.7,2010-04-01,,,,,,
4819,2011-07-29,9186.9,2010-04-01,,,,,,
4820,2012-07-27,9159.4,2010-04-01,,,,,,
4821,2013-07-31,9995.3,2010-04-01,,,,,,
4822,2014-07-30,9998.4,2010-04-01,,,,,,
4823,2017-10-27,9998.389,2010-04-01,,,,,,
4824,2018-07-27,10609.148,2010-04-01,,,,,,
4825,2021-07-29,10685.145,2010-04-01,,,,,,
4826,2023-09-28,11302.955,2010-04-01,,,,,,
4827,2010-10-29,9334.6,2010-07-01,,,,,,
4828,2010-11-23,9340.3,2010-07-01,,,,,,
4829,2010-12-22,9330.6,2010-07-01,,,,,,
4830,2011-07-29,9247.1,2010-07-01,,,,,,
4831,2012-07-27,9216.0,2010-07-01,,,,,,
4832,2013-07-31,10063.7,2010-07-01,,,,,,
4833,2014-07-30,10063.1,2010-07-01,,,,,,
4834,2017-10-27,10063.083,2010-07-01,,,,,,
4835,2018-07-27,10683.342,2010-07-01,,,,,,
4836,2021-07-29,10761.376,2010-07-01,,,,,,
4837,2023-09-28,11383.596,2010-07-01,,,,,,
4838,2011-01-28,9431.2,2010-10-01,,,,,,
4839,2011-02-25,9425.9,2010-10-01,,,,,,
4840,2011-03-25,9422.9,2010-10-01,,,,,,
4841,2011-07-29,9328.4,2010-10-01,,,,,,
4842,2012-07-27,9308.5,2010-10-01,,,,,,
4843,2013-07-31,10169.0,2010-10-01,,,,,,
4844,2014-07-30,10166.1,2010-10-01,,,,,,
4845,2017-10-27,10166.127,2010-10-01,,,,,,
4846,2018-07-27,10753.999,2010-10-01,,,,,,
4847,2021-07-29,10827.332,2010-10-01,,,,,,
4848,2023-09-28,11453.368,2010-10-01,,,,,,
4849,2011-04-28,9486.4,2011-01-01,,,,,,
4850,2011-05-26,9473.5,2011-01-01,,,,,,
4851,2011-06-24,9473.3,2011-01-01,,,,,,
4852,2011-07-29,9376.7,2011-01-01,,,,,,
4853,2012-07-27,9380.9,2011-01-01,,,,,,
4854,2013-07-31,10221.3,2011-01-01,,,,,,
4855,2014-07-30,10217.1,2011-01-01,,,,,,
4856,2017-10-27,10217.123,2011-01-01,,,,,,
4857,2018-07-27,10799.741,2011-01-01,,,,,,
4858,2021-07-29,10868.689,2011-01-01,,,,,,
4859,2023-09-28,11497.12,2011-01-01,,,,,,
4860,2011-07-29,9378.9,2011-04-01,,,,,,
4861,2011-08-26,9386.7,2011-04-01,,,,,,
4862,2011-09-29,9392.7,2011-04-01,,,,,,
4863,2012-07-27,9403.2,2011-04-01,,,,,,
4864,2013-07-31,10258.9,2011-04-01,,,,,,
4865,2014-07-30,10237.7,2011-04-01,,,,,,
4866,2017-10-27,10237.676,2011-04-01,,,,,,
4867,2018-07-27,10823.654,2011-04-01,,,,,,
4868,2021-07-29,10879.873,2011-04-01,,,,,,
4869,2023-09-28,11508.95,2011-04-01,,,,,,
4870,2011-10-27,9449.5,2011-07-01,,,,,,
4871,2011-11-22,9446.5,2011-07-01,,,,,,
4872,2011-12-22,9433.5,2011-07-01,,,,,,
4873,2012-07-27,9441.9,2011-07-01,,,,,,
4874,2013-07-31,10311.9,2011-07-01,,,,,,
4875,2014-07-30,10282.2,2011-07-01,,,,,,
4876,2017-10-27,10282.234,2011-07-01,,,,,,
4877,2018-07-27,10866.036,2011-07-01,,,,,,
4878,2021-07-29,10912.991,2011-07-01,,,,,,
4879,2023-09-28,11543.975,2011-07-01,,,,,,
4880,2012-01-27,9481.3,2011-10-01,,,,,,
4881,2012-02-29,9483.7,2011-10-01,,,,,,
4882,2012-03-29,9482.1,2011-10-01,,,,,,
4883,2012-07-27,9489.3,2011-10-01,,,,,,
4884,2013-07-31,10373.1,2011-10-01,,,,,,
4885,2014-07-30,10316.8,2011-10-01,,,,,,
4886,2017-10-27,10316.777,2011-10-01,,,,,,
4887,2018-07-27,10885.893,2011-10-01,,,,,,
4888,2021-07-29,10931.828,2011-10-01,,,,,,
4889,2023-09-28,11563.89,2011-10-01,,,,,,
4890,2012-04-27,9550.2,2012-01-01,,,,,,
4891,2012-05-31,9545.6,2012-01-01,,,,,,
4892,2012-06-28,9540.1,2012-01-01,,,,,,
4893,2012-07-27,9546.8,2012-01-01,,,,,,
4894,2013-07-31,10447.8,2012-01-01,,,,,,
4895,2014-07-30,10387.6,2012-01-01,,,,,,
4896,2015-07-30,10379.0,2012-01-01,,,,,,
4897,2017-10-27,10379.022,2012-01-01,,,,,,
4898,2018-07-27,10973.303,2012-01-01,,,,,,
4899,2021-07-29,11010.694,2012-01-01,,,,,,
4900,2023-09-28,11647.297,2012-01-01,,,,,,
4901,2012-07-27,9582.0,2012-04-01,,,,,,
4902,2012-08-29,9586.9,2012-04-01,,,,,,
4903,2012-09-27,9582.5,2012-04-01,,,,,,
4904,2013-07-31,10496.8,2012-04-01,,,,,,
4905,2014-07-30,10420.2,2012-04-01,,,,,,
4906,2015-07-30,10396.6,2012-04-01,,,,,,
4907,2017-10-27,10396.63,2012-04-01,,,,,,
4908,2018-07-27,10989.585,2012-04-01,,,,,,
4909,2021-07-29,11030.026,2012-04-01,,,,,,
4910,2023-09-28,11667.753,2012-04-01,,,,,,
4911,2012-10-26,9630.3,2012-07-01,,,,,,
4912,2012-11-29,9615.9,2012-07-01,,,,,,
4913,2012-12-20,9620.1,2012-07-01,,,,,,
4914,2013-07-31,10541.0,2012-07-01,,,,,,
4915,2014-07-30,10470.4,2012-07-01,,,,,,
4916,2015-07-30,10424.1,2012-07-01,,,,,,
4917,2017-10-27,10424.119,2012-07-01,,,,,,
4918,2018-07-27,11007.517,2012-07-01,,,,,,
4919,2021-07-29,11052.368,2012-07-01,,,,,,
4920,2023-09-28,11691.414,2012-07-01,,,,,,
4921,2013-01-30,9671.9,2012-10-01,,,,,,
4922,2013-02-28,9670.0,2012-10-01,,,,,,
4923,2013-03-28,9663.9,2012-10-01,,,,,,
4924,2013-07-31,10584.8,2012-10-01,,,,,,
4925,2014-07-30,10520.6,2012-10-01,,,,,,
4926,2015-07-30,10453.2,2012-10-01,,,,,,
4927,2017-10-27,10453.204,2012-10-01,,,,,,
4928,2018-07-27,11056.852,2012-10-01,,,,,,
4929,2021-07-29,11096.365,2012-10-01,,,,,,
4930,2023-09-28,11738.007,2012-10-01,,,,,,
4931,2013-04-26,9740.0,2013-01-01,,,,,,
4932,2013-05-30,9745.5,2013-01-01,,,,,,
4933,2013-06-26,9726.2,2013-01-01,,,,,,
4934,2013-07-31,10644.0,2013-01-01,,,,,,
4935,2014-07-30,10613.7,2013-01-01,,,,,,
4936,2015-07-30,10518.2,2013-01-01,,,,,,
4937,2016-07-29,10502.3,2013-01-01,,,,,,
4938,2018-07-27,11114.186,2013-01-01,,,,,,
4939,2021-07-29,11155.481,2013-01-01,,,,,,
4940,2023-09-28,11814.326,2013-01-01,,,,,,
4941,2013-07-31,10690.9,2013-04-01,,,,,,
4942,2013-08-29,10690.6,2013-04-01,,,,,,
4943,2013-09-26,10691.9,2013-04-01,,,,,,
4944,2014-07-30,10660.4,2013-04-01,,,,,,
4945,2015-07-30,10554.3,2013-04-01,,,,,,
4946,2016-07-29,10523.9,2013-04-01,,,,,,
4947,2017-10-27,10523.929,2013-04-01,,,,,,
4948,2018-07-27,11122.185,2013-04-01,,,,,,
4949,2021-07-29,11172.647,2013-04-01,,,,,,
4950,2023-09-28,11848.089,2013-04-01,,,,,,
4951,2013-11-07,10732.3,2013-07-01,,,,,,
4952,2013-12-05,10728.7,2013-07-01,,,,,,
4953,2013-12-20,10744.2,2013-07-01,,,,,,
4954,2014-07-30,10713.3,2013-07-01,,,,,,
4955,2015-07-30,10598.9,2013-07-01,,,,,,
4956,2016-07-29,10573.1,2013-07-01,,,,,,
4957,2017-10-27,10573.135,2013-07-01,,,,,,
4958,2018-07-27,11167.422,2013-07-01,,,,,,
4959,2021-07-29,11214.417,2013-07-01,,,,,,
4960,2023-09-28,11896.258,2013-07-01,,,,,,
4961,2014-01-30,10832.8,2013-10-01,,,,,,
4962,2014-02-28,10812.1,2013-10-01,,,,,,
4963,2014-03-27,10831.5,2013-10-01,,,,,,
4964,2014-07-30,10811.4,2013-10-01,,,,,,
4965,2015-07-30,10690.4,2013-10-01,,,,,,
4966,2016-07-29,10662.2,2013-10-01,,,,,,
4967,2017-10-27,10662.222,2013-10-01,,,,,,
4968,2018-07-27,11263.648,2013-10-01,,,,,,
4969,2021-07-29,11304.3,2013-10-01,,,,,,
4970,2023-09-28,12001.027,2013-10-01,,,,,,
4971,2014-04-30,10912.3,2014-01-01,,,,,,
4972,2014-05-29,10914.4,2014-01-01,,,,,,
4973,2014-06-25,10859.2,2014-01-01,,,,,,
4974,2014-07-30,10844.3,2014-01-01,,,,,,
4975,2015-07-30,10724.7,2014-01-01,,,,,,
4976,2016-07-29,10712.8,2014-01-01,,,,,,
4977,2017-07-28,10713.4,2014-01-01,,,,,,
4978,2017-10-27,10713.384,2014-01-01,,,,,,
4979,2018-07-27,11307.262,2014-01-01,,,,,,
4980,2019-07-26,11308.019,2014-01-01,,,,,,
4981,2021-07-29,11347.636,2014-01-01,,,,,,
4982,2023-09-28,12044.203,2014-01-01,,,,,,
4983,2014-07-30,10910.5,2014-04-01,,,,,,
4984,2014-08-28,10910.4,2014-04-01,,,,,,
4985,2014-09-26,10912.6,2014-04-01,,,,,,
4986,2015-07-30,10826.3,2014-04-01,,,,,,
4987,2016-07-29,10813.3,2014-04-01,,,,,,
4988,2017-07-28,10805.1,2014-04-01,,,,,,
4989,2017-10-27,10805.115,2014-04-01,,,,,,
4990,2018-07-27,11428.703,2014-04-01,,,,,,
4991,2019-07-26,11431.831,2014-04-01,,,,,,
4992,2021-07-29,11453.014,2014-04-01,,,,,,
4993,2023-09-28,12159.899,2014-04-01,,,,,,
4994,2014-10-30,10960.9,2014-07-01,,,,,,
4995,2014-11-25,10972.1,2014-07-01,,,,,,
4996,2014-12-23,10999.5,2014-07-01,,,,,,
4997,2015-07-30,10918.6,2014-07-01,,,,,,
4998,2016-07-29,10912.9,2014-07-01,,,,,,
4999,2017-07-28,10909.9,2014-07-01,,,,,,
5000,2017-10-27,10909.862,2014-07-01,,,,,,
5001,2018-07-27,11554.226,2014-07-01,,,,,,
5002,2019-07-26,11554.841,2014-07-01,,,,,,
5003,2021-07-29,11565.682,2014-07-01,,,,,,
5004,2023-09-28,12280.086,2014-07-01,,,,,,
5005,2015-01-30,11114.9,2014-10-01,,,,,,
5006,2015-02-27,11113.6,2014-10-01,,,,,,
5007,2015-03-27,11119.6,2014-10-01,,,,,,
5008,2015-07-30,11033.3,2014-10-01,,,,,,
5009,2016-07-29,11036.4,2014-10-01,,,,,,
5010,2017-07-28,11045.2,2014-10-01,,,,,,
5011,2017-10-27,11045.225,2014-10-01,,,,,,
5012,2018-07-27,11687.133,2014-10-01,,,,,,
5013,2019-07-26,11694.969,2014-10-01,,,,,,
5014,2021-07-29,11694.917,2014-10-01,,,,,,
5015,2023-09-28,12421.595,2014-10-01,,,,,,
5016,2015-04-29,11173.1,2015-01-01,,,,,,
5017,2015-05-29,11169.6,2015-01-01,,,,,,
5018,2015-06-24,11177.9,2015-01-01,,,,,,
5019,2015-07-30,11081.2,2015-01-01,,,,,,
5020,2016-07-29,11102.4,2015-01-01,,,,,,
5021,2017-07-28,11145.3,2015-01-01,,,,,,
5022,2017-10-27,11145.286,2015-01-01,,,,,,
5023,2018-07-27,11788.364,2015-01-01,,,,,,
5024,2019-07-26,11792.119,2015-01-01,,,,,,
5025,2020-07-30,11798.276,2015-01-01,,,,,,
5026,2021-07-29,11772.949,2015-01-01,,,,,,
5027,2023-09-28,12516.902,2015-01-01,,,,,,
5028,2015-07-30,11161.7,2015-04-01,,,,,,
5029,2015-08-27,11166.4,2015-04-01,,,,,,
5030,2015-09-25,11178.9,2015-04-01,,,,,,
5031,2016-07-29,11181.3,2015-04-01,,,,,,
5032,2017-07-28,11227.9,2015-04-01,,,,,,
5033,2017-10-27,11227.947,2015-04-01,,,,,,
5034,2018-07-27,11887.537,2015-04-01,,,,,,
5035,2019-07-26,11885.98,2015-04-01,,,,,,
5036,2020-07-30,11892.284,2015-04-01,,,,,,
5037,2021-07-29,11852.652,2015-04-01,,,,,,
5038,2023-09-28,12603.053,2015-04-01,,,,,,
5039,2015-10-29,11268.6,2015-07-01,,,,,,
5040,2015-11-24,11262.8,2015-07-01,,,,,,
5041,2015-12-22,11262.4,2015-07-01,,,,,,
5042,2016-07-29,11255.9,2015-07-01,,,,,,
5043,2017-07-28,11304.6,2015-07-01,,,,,,
5044,2017-10-27,11304.567,2015-07-01,,,,,,
5045,2018-07-27,11971.952,2015-07-01,,,,,,
5046,2019-07-26,11976.589,2015-07-01,,,,,,
5047,2020-07-30,11991.185,2015-07-01,,,,,,
5048,2021-07-29,11943.043,2015-07-01,,,,,,
5049,2023-09-28,12691.79,2015-07-01,,,,,,
5050,2016-01-29,11322.5,2015-10-01,,,,,,
5051,2016-02-26,11319.3,2015-10-01,,,,,,
5052,2016-03-25,11330.7,2015-10-01,,,,,,
5053,2016-07-29,11319.3,2015-10-01,,,,,,
5054,2017-07-28,11379.3,2015-10-01,,,,,,
5055,2017-10-27,11379.273,2015-10-01,,,,,,
5056,2018-07-27,12039.65,2015-10-01,,,,,,
5057,2019-07-26,12030.223,2015-10-01,,,,,,
5058,2020-07-30,12055.351,2015-10-01,,,,,,
5059,2021-07-29,12003.146,2015-10-01,,,,,,
5060,2023-09-28,12743.411,2015-10-01,,,,,,
5061,2016-04-28,11383.2,2016-01-01,,,,,,
5062,2016-05-27,11384.2,2016-01-01,,,,,,
5063,2016-06-28,11372.9,2016-01-01,,,,,,
5064,2016-07-29,11365.2,2016-01-01,,,,,,
5065,2017-07-28,11430.5,2016-01-01,,,,,,
5066,2017-10-27,11430.549,2016-01-01,,,,,,
5067,2018-07-27,12111.776,2016-01-01,,,,,,
5068,2019-07-26,12124.214,2016-01-01,,,,,,
5069,2020-07-30,12148.093,2016-01-01,,,,,,
5070,2021-07-29,12091.178,2016-01-01,,,,,,
5071,2023-09-28,12839.618,2016-01-01,,,,,,
5072,2016-07-29,11482.8,2016-04-01,,,,,,
5073,2016-08-26,11487.4,2016-04-01,,,,,,
5074,2016-09-29,11484.9,2016-04-01,,,,,,
5075,2017-07-28,11537.7,2016-04-01,,,,,,
5076,2017-10-27,11537.728,2016-04-01,,,,,,
5077,2018-07-27,12214.098,2016-04-01,,,,,,
5078,2019-07-26,12211.285,2016-04-01,,,,,,
5079,2020-07-30,12225.809,2016-04-01,,,,,,
5080,2021-07-29,12152.627,2016-04-01,,,,,,
5081,2023-09-28,12903.306,2016-04-01,,,,,,
5082,2016-10-28,11545.8,2016-07-01,,,,,,
5083,2016-11-29,11563.5,2016-07-01,,,,,,
5084,2016-12-22,11569.0,2016-07-01,,,,,,
5085,2017-07-28,11618.1,2016-07-01,,,,,,
5086,2017-10-27,11618.098,2016-07-01,,,,,,
5087,2018-07-27,12294.303,2016-07-01,,,,,,
5088,2019-07-26,12289.063,2016-07-01,,,,,,
5089,2020-07-30,12304.479,2016-07-01,,,,,,
5090,2021-07-29,12223.822,2016-07-01,,,,,,
5091,2023-09-28,12993.064,2016-07-01,,,,,,
5092,2017-01-27,11640.4,2016-10-01,,,,,,
5093,2017-02-28,11655.0,2016-10-01,,,,,,
5094,2017-03-30,11669.8,2016-10-01,,,,,,
5095,2017-07-28,11702.1,2016-10-01,,,,,,
5096,2017-10-27,11702.12,2016-10-01,,,,,,
5097,2018-07-27,12372.73,2016-10-01,,,,,,
5098,2019-07-26,12365.312,2016-10-01,,,,,,
5099,2020-07-30,12379.999,2016-10-01,,,,,,
5100,2021-07-29,12283.076,2016-10-01,,,,,,
5101,2023-09-28,13060.061,2016-10-01,,,,,,
5102,2017-04-28,11679.5,2017-01-01,,,,,,
5103,2017-05-26,11688.5,2017-01-01,,,,,,
5104,2017-06-29,11701.3,2017-01-01,,,,,,
5105,2017-07-28,11758.0,2017-01-01,,,,,,
5106,2017-10-27,11758.04,2017-01-01,,,,,,
5107,2018-07-27,12427.647,2017-01-01,,,,,,
5108,2019-07-26,12438.898,2017-01-01,,,,,,
5109,2020-07-30,12477.261,2017-01-01,,,,,,
5110,2021-07-29,12372.247,2017-01-01,,,,,,
5111,2022-09-29,12369.907,2017-01-01,,,,,,
5112,2023-09-28,13160.475,2017-01-01,,,,,,
5113,2017-07-28,11839.7,2017-04-01,,,,,,
5114,2017-08-30,11854.4,2017-04-01,,,,,,
5115,2017-09-28,11853.0,2017-04-01,,,,,,
5116,2017-10-27,11852.958,2017-04-01,,,,,,
5117,2018-07-27,12515.86,2017-04-01,,,,,,
5118,2019-07-26,12512.899,2017-04-01,,,,,,
5119,2020-07-30,12533.097,2017-04-01,,,,,,
5120,2021-07-29,12430.081,2017-04-01,,,,,,
5121,2022-09-29,12419.407,2017-04-01,,,,,,
5122,2023-09-28,13225.743,2017-04-01,,,,,,
5123,2017-10-27,11922.12,2017-07-01,,,,,,
5124,2017-11-29,11921.136,2017-07-01,,,,,,
5125,2017-12-21,11916.576,2017-07-01,,,,,,
5126,2018-07-27,12584.906,2017-07-01,,,,,,
5127,2019-07-26,12586.281,2017-07-01,,,,,,
5128,2020-07-30,12604.529,2017-07-01,,,,,,
5129,2021-07-29,12500.402,2017-07-01,,,,,,
5130,2022-09-29,12493.466,2017-07-01,,,,,,
5131,2023-09-28,13315.382,2017-07-01,,,,,,
5132,2018-01-26,12028.061,2017-10-01,,,,,,
5133,2018-02-28,12027.889,2017-10-01,,,,,,
5134,2018-03-28,12035.227,2017-10-01,,,,,,
5135,2018-07-27,12706.369,2017-10-01,,,,,,
5136,2019-07-26,12729.713,2017-10-01,,,,,,
5137,2020-07-30,12733.742,2017-10-01,,,,,,
5138,2021-07-29,12631.98,2017-10-01,,,,,,
5139,2022-09-29,12630.132,2017-10-01,,,,,,
5140,2023-09-28,13460.902,2017-10-01,,,,,,
5141,2018-04-27,12066.821,2018-01-01,,,,,,
5142,2018-05-30,12065.903,2018-01-01,,,,,,
5143,2018-06-28,12061.041,2018-01-01,,,,,,
5144,2018-07-27,12722.839,2018-01-01,,,,,,
5145,2019-07-26,12782.902,2018-01-01,,,,,,
5146,2020-07-30,12798.099,2018-01-01,,,,,,
5147,2021-07-29,12707.641,2018-01-01,,,,,,
5148,2022-09-29,12713.156,2018-01-01,,,,,,
5149,2023-09-28,13558.373,2018-01-01,,,,,,
5150,2018-07-27,12847.82,2018-04-01,,,,,,
5151,2018-08-29,12841.197,2018-04-01,,,,,,
5152,2018-09-27,12842.022,2018-04-01,,,,,,
5153,2019-07-26,12909.192,2018-04-01,,,,,,
5154,2020-07-30,12898.098,2018-04-01,,,,,,
5155,2021-07-29,12816.396,2018-04-01,,,,,,
5156,2022-09-29,12805.609,2018-04-01,,,,,,
5157,2023-09-28,13630.967,2018-04-01,,,,,,
5158,2018-10-26,12968.538,2018-07-01,,,,,,
5159,2018-11-28,12957.218,2018-07-01,,,,,,
5160,2018-12-21,12953.291,2018-07-01,,,,,,
5161,2019-07-26,13019.802,2018-07-01,,,,,,
5162,2020-07-30,12982.98,2018-07-01,,,,,,
5163,2021-07-29,12900.579,2018-07-01,,,,,,
5164,2022-09-29,12887.074,2018-07-01,,,,,,
5165,2023-09-28,13693.79,2018-07-01,,,,,,
5166,2019-02-28,13044.246,2018-10-01,,,,,,
5167,2019-03-28,13032.299,2018-10-01,,,,,,
5168,2019-07-26,13066.302,2018-10-01,,,,,,
5169,2020-07-30,13033.382,2018-10-01,,,,,,
5170,2021-07-29,12955.501,2018-10-01,,,,,,
5171,2022-09-29,12943.375,2018-10-01,,,,,,
5172,2023-09-28,13736.572,2018-10-01,,,,,,
5173,2019-04-26,13070.997,2019-01-01,,,,,,
5174,2019-05-30,13075.11,2019-01-01,,,,,,
5175,2019-06-27,13061.634,2019-01-01,,,,,,
5176,2019-07-26,13103.317,2019-01-01,,,,,,
5177,2020-07-30,13093.153,2019-01-01,,,,,,
5178,2021-07-29,12975.144,2019-01-01,,,,,,
5179,2022-09-29,12955.727,2019-01-01,,,,,,
5180,2023-09-28,13752.592,2019-01-01,,,,,,
5181,2024-09-26,13758.331,2019-01-01,,,,,,
5182,2019-07-26,13241.083,2019-04-01,,,,,,
5183,2019-08-29,13253.378,2019-04-01,,,,,,
5184,2019-09-26,13250.04,2019-04-01,,,,,,
5185,2020-07-30,13212.778,2019-04-01,,,,,,
5186,2021-07-29,13088.759,2019-04-01,,,,,,
5187,2022-09-29,13038.854,2019-04-01,,,,,,
5188,2023-09-28,13862.802,2019-04-01,,,,,,
5189,2024-09-26,13875.705,2019-04-01,,,,,,
5190,2019-10-30,13343.662,2019-07-01,,,,,,
5191,2019-11-27,13345.594,2019-07-01,,,,,,
5192,2019-12-20,13353.121,2019-07-01,,,,,,
5193,2020-07-30,13301.349,2019-07-01,,,,,,
5194,2021-07-29,13192.261,2019-07-01,,,,,,
5195,2022-09-29,13148.857,2019-07-01,,,,,,
5196,2023-09-28,14003.783,2019-07-01,,,,,,
5197,2024-09-26,14033.222,2019-07-01,,,,,,
5198,2020-01-30,13411.938,2019-10-01,,,,,,
5199,2020-02-27,13410.416,2019-10-01,,,,,,
5200,2020-03-26,13413.811,2019-10-01,,,,,,
5201,2020-07-30,13353.687,2019-10-01,,,,,,
5202,2021-07-29,13248.981,2019-10-01,,,,,,
5203,2022-09-29,13225.609,2019-10-01,,,,,,
5204,2023-09-28,14093.877,2019-10-01,,,,,,
5205,2024-09-26,14125.274,2019-10-01,,,,,,
5206,2020-04-29,13153.0,2020-01-01,,,,,,
5207,2020-05-28,13180.837,2020-01-01,,,,,,
5208,2020-06-25,13178.952,2020-01-01,,,,,,
5209,2020-07-30,13118.406,2020-01-01,,,,,,
5210,2021-07-29,13014.489,2020-01-01,,,,,,
5211,2022-09-29,13016.75,2020-01-01,,,,,,
5212,2023-09-28,13862.295,2020-01-01,,,,,,
5213,2024-09-26,13885.947,2020-01-01,,,,,,
5214,2025-09-25,13887.048,2020-01-01,,,,,,
5215,2020-07-30,11796.645,2020-04-01,,,,,,
5216,2020-08-27,11819.579,2020-04-01,,,,,,
5217,2020-09-30,11860.25,2020-04-01,,,,,,
5218,2021-07-29,11756.399,2020-04-01,,,,,,
5219,2022-09-29,11817.147,2020-04-01,,,,,,
5220,2023-09-28,12668.716,2020-04-01,,,,,,
5221,2024-09-26,12671.879,2020-04-01,,,,,,
5222,2025-09-25,12685.319,2020-04-01,,,,,,
5223,2020-10-29,12917.326,2020-07-01,,,,,,
5224,2020-11-25,12915.877,2020-07-01,,,,,,
5225,2020-12-22,12924.721,2020-07-01,,,,,,
5226,2021-07-29,12820.786,2020-07-01,,,,,,
5227,2022-09-29,12922.381,2020-07-01,,,,,,
5228,2023-09-28,13793.919,2020-07-01,,,,,,
5229,2024-09-26,13813.007,2020-07-01,,,,,,
5230,2025-09-25,13813.706,2020-07-01,,,,,,
5231,2021-01-28,13004.74,2020-10-01,,,,,,
5232,2021-02-25,13000.256,2020-10-01,,,,,,
5233,2021-03-25,12999.092,2020-10-01,,,,,,
5234,2021-07-29,12927.913,2020-10-01,,,,,,
5235,2022-09-29,13046.614,2020-10-01,,,,,,
5236,2023-09-28,13982.93,2020-10-01,,,,,,
5237,2024-09-26,14008.054,2020-10-01,,,,,,
5238,2025-09-25,14001.366,2020-10-01,,,,,,
5239,2021-04-29,13333.843,2021-01-01,,,,,,
5240,2021-05-27,13352.15,2021-01-01,,,,,,
5241,2021-06-24,13353.333,2021-01-01,,,,,,
5242,2021-07-29,13282.685,2021-01-01,,,,,,
5243,2022-09-29,13386.763,2021-01-01,,,,,,
5244,2023-09-28,14282.575,2021-01-01,,,,,,
5245,2024-09-26,14328.593,2021-01-01,,,,,,
5246,2025-09-25,14319.617,2021-01-01,,,,,,
5247,2021-07-29,13659.319,2021-04-01,,,,,,
5248,2021-08-26,13660.178,2021-04-01,,,,,,
5249,2021-09-30,13665.61,2021-04-01,,,,,,
5250,2022-09-29,13773.688,2021-04-01,,,,,,
5251,2023-09-28,14745.583,2021-04-01,,,,,,
5252,2024-09-26,14809.081,2021-04-01,,,,,,
5253,2025-09-25,14820.014,2021-04-01,,,,,,
5254,2021-10-28,13719.274,2021-07-01,,,,,,
5255,2021-11-24,13723.725,2021-07-01,,,,,,
5256,2021-12-22,13732.408,2021-07-01,,,,,,
5257,2022-09-29,13874.396,2021-07-01,,,,,,
5258,2023-09-28,14848.83,2021-07-01,,,,,,
5259,2024-09-26,14924.311,2021-07-01,,,,,,
5260,2025-09-25,14943.244,2021-07-01,,,,,,
5261,2022-01-27,13842.662,2021-10-01,,,,,,
5262,2022-02-24,13836.732,2021-10-01,,,,,,
5263,2022-03-30,13818.356,2021-10-01,,,,,,
5264,2022-09-29,13981.514,2021-10-01,,,,,,
5265,2023-09-28,14995.638,2021-10-01,,,,,,
5266,2024-09-26,15086.943,2021-10-01,,,,,,
5267,2025-09-25,15086.862,2021-10-01,,,,,,
5268,2022-04-28,13911.546,2022-01-01,,,,,,
5269,2022-05-26,13924.784,2022-01-01,,,,,,
5270,2022-06-29,13881.11,2022-01-01,,,,,,
5271,2022-09-29,14028.383,2022-01-01,,,,,,
5272,2023-09-28,14995.228,2022-01-01,,,,,,
5273,2024-09-26,15123.357,2022-01-01,,,,,,
5274,2025-09-25,15100.85,2022-01-01,,,,,,
5275,2022-07-28,13916.865,2022-04-01,,,,,,
5276,2022-08-25,13931.468,2022-04-01,,,,,,
5277,2022-09-29,14099.456,2022-04-01,,,,,,
5278,2023-09-28,15069.169,2022-04-01,,,,,,
5279,2024-09-26,15219.86,2022-04-01,,,,,,
5280,2025-09-25,15224.357,2022-04-01,,,,,,
5281,2022-10-27,14149.029,2022-07-01,,,,,,
5282,2022-11-30,14159.892,2022-07-01,,,,,,
5283,2022-12-22,14178.562,2022-07-01,,,,,,
5284,2023-09-28,15127.399,2022-07-01,,,,,,
5285,2024-09-26,15277.569,2022-07-01,,,,,,
5286,2025-09-25,15295.828,2022-07-01,,,,,,
5287,2023-01-26,14252.163,2022-10-01,,,,,,
5288,2023-02-23,14226.812,2022-10-01,,,,,,
5289,2023-03-30,14214.863,2022-10-01,,,,,,
5290,2023-09-28,15171.391,2022-10-01,,,,,,
5291,2024-09-26,15323.98,2022-10-01,,,,,,
5292,2025-09-25,15326.248,2022-10-01,,,,,,
5293,2023-04-27,14344.454,2023-01-01,,,,,,
5294,2023-05-25,14346.593,2023-01-01,,,,,,
5295,2023-06-29,14360.357,2023-01-01,,,,,,
5296,2023-09-28,15312.85,2023-01-01,,,,,,
5297,2024-09-26,15510.201,2023-01-01,,,,,,
5298,2025-09-25,15495.754,2023-01-01,,,,,,
5299,2023-07-27,14418.828,2023-04-01,,,,,,
5300,2023-08-30,14419.857,2023-04-01,,,,,,
5301,2023-09-28,15343.553,2023-04-01,,,,,,
5302,2024-09-26,15548.526,2023-04-01,,,,,,
5303,2025-09-25,15553.719,2023-04-01,,,,,,
5304,2023-10-26,15494.212,2023-07-01,,,,,,
5305,2023-11-29,15479.54,2023-07-01,,,,,,
5306,2023-12-21,15461.382,2023-07-01,,,,,,
5307,2024-09-26,15646.695,2023-07-01,,,,,,
5308,2025-09-25,15671.906,2023-07-01,,,,,,
5309,2024-01-25,15569.845,2023-10-01,,,,,,
5310,2024-02-28,15574.929,2023-10-01,,,,,,
5311,2024-03-28,15586.672,2023-10-01,,,,,,
5312,2024-09-26,15781.367,2023-10-01,,,,,,
5313,2025-09-25,15789.717,2023-10-01,,,,,,
5314,2024-04-25,15683.508,2024-01-01,,,,,,
5315,2024-05-30,15663.831,2024-01-01,,,,,,
5316,2024-06-27,15643.041,2024-01-01,,,,,,
5317,2024-09-26,15856.867,2024-01-01,,,,,,
5318,2025-09-25,15857.704,2024-01-01,,,,,,
5319,2024-07-25,15733.06,2024-04-01,,,,,,
5320,2024-08-29,15755.17,2024-04-01,,,,,,
5321,2024-09-26,15967.266,2024-04-01,,,,,,
5322,2025-09-25,16009.637,2024-04-01,,,,,,
5323,2024-10-30,16111.682,2024-07-01,,,,,,
5324,2024-11-27,16106.426,2024-07-01,,,,,,
5325,2024-12-19,16113.035,2024-07-01,,,,,,
5326,2025-09-25,16165.768,2024-07-01,,,,,,
5327,2025-01-30,16280.134,2024-10-01,,,,,,
5328,2025-02-27,16278.452,2024-10-01,,,,,,
5329,2025-03-27,16273.191,2024-10-01,,,,,,
5330,2025-09-25,16320.89,2024-10-01,,,,,,
5331,2025-04-30,16345.56,2025-01-01,,,,,,
5332,2025-05-29,16321.051,2025-01-01,,,,,,
5333,2025-06-26,16291.824,2025-01-01,,,,,,
5334,2025-09-25,16345.793,2025-01-01,,,,,,
5335,2025-07-30,16350.207,2025-04-01,,,,,,
5336,2025-08-28,16355.352,2025-04-01,,,,,,
5337,2025-09-25,16445.685,2025-04-01,,,,,,
5338,2025-12-23,16589.126,2025-07-01,,,,,,
5339,2026-01-22,16585.878,2025-07-01,,,,,,
5340,2026-02-20,16682.486,2025-10-01,,,,,,
5341,2026-03-13,16667.027,2025-10-01,,,,,,
5342,2026-04-09,16665.219,2025-10-01,,,,,,
5343,2026-04-30,16731.167,2026-01-01,,,,,,
