Time,realtime_start_ICSA,value_ICSA,Time_ICSA,realtime_start_MORTGAGE30US,value_MORTGAGE30US,Time_MORTGAGE30US
0,2009-05-28,208000.0,1967-01-02,2013-12-19,7.33,1971-03-29
1,2009-05-28,207000.0,1967-01-09,2013-12-19,7.31,1971-04-05
2,2009-05-28,217000.0,1967-01-16,2013-12-19,7.31,1971-04-12
3,2009-05-28,204000.0,1967-01-23,2013-12-19,7.31,1971-04-19
4,2009-05-28,216000.0,1967-01-30,2013-12-19,7.29,1971-04-26
5,2009-05-28,229000.0,1967-02-06,2013-12-19,7.38,1971-05-03
6,2009-05-28,229000.0,1967-02-13,2013-12-19,7.42,1971-05-10
7,2009-05-28,242000.0,1967-02-20,2013-12-19,7.44,1971-05-17
8,2009-05-28,310000.0,1967-02-27,2013-12-19,7.46,1971-05-24
9,2009-05-28,241000.0,1967-03-06,2013-12-19,7.52,1971-05-31
10,2009-05-28,245000.0,1967-03-13,2013-12-19,7.52,1971-06-07
11,2009-05-28,247000.0,1967-03-20,2013-12-19,7.54,1971-06-14
12,2009-05-28,259000.0,1967-03-27,2013-12-19,7.54,1971-06-21
13,2009-05-28,257000.0,1967-04-03,2013-12-19,7.54,1971-06-28
14,2009-05-28,299000.0,1967-04-10,2013-12-19,7.54,1971-07-05
15,2009-05-28,245000.0,1967-04-17,2013-12-19,7.6,1971-07-12
16,2009-05-28,255000.0,1967-04-24,2013-12-19,7.65,1971-07-19
17,2009-05-28,254000.0,1967-05-01,2013-12-19,7.69,1971-07-26
18,2009-05-28,231000.0,1967-05-08,2013-12-19,7.66,1971-08-02
19,2009-05-28,230000.0,1967-05-15,2013-12-19,7.73,1971-08-09
20,2009-05-28,228000.0,1967-05-22,2013-12-19,7.71,1971-08-16
21,2009-05-28,248000.0,1967-05-29,2013-12-19,7.69,1971-08-23
22,2009-05-28,238000.0,1967-06-05,2013-12-19,7.71,1971-08-30
23,2009-05-28,224000.0,1967-06-12,2013-12-19,7.67,1971-09-06
24,2009-05-28,218000.0,1967-06-19,2013-12-19,7.7,1971-09-13
25,2009-05-28,209000.0,1967-06-26,2013-12-19,7.67,1971-09-20
26,2009-05-28,240000.0,1967-07-03,2013-12-19,7.67,1971-09-27
27,2009-05-28,241000.0,1967-07-10,2013-12-19,7.63,1971-10-04
28,2009-05-28,240000.0,1967-07-17,2013-12-19,7.63,1971-10-11
29,2009-05-28,209000.0,1967-07-24,2013-12-19,7.58,1971-10-18
30,2009-05-28,221000.0,1967-07-31,2013-12-19,7.63,1971-10-25
31,2009-05-28,202000.0,1967-08-07,2013-12-19,7.59,1971-11-01
32,2009-05-28,215000.0,1967-08-14,2013-12-19,7.56,1971-11-08
33,2009-05-28,213000.0,1967-08-21,2013-12-19,7.54,1971-11-15
34,2009-05-28,218000.0,1967-08-28,2013-12-19,7.51,1971-11-22
35,2009-05-28,231000.0,1967-09-04,2013-12-19,7.49,1971-11-29
36,2009-05-28,220000.0,1967-09-11,2013-12-19,7.47,1971-12-06
37,2009-05-28,209000.0,1967-09-18,2013-12-19,7.48,1971-12-13
38,2009-05-28,204000.0,1967-09-25,2013-12-19,7.48,1971-12-20
39,2009-05-28,231000.0,1967-10-02,2013-12-19,7.48,1971-12-27
40,2009-05-28,206000.0,1967-10-09,2013-12-19,7.46,1972-01-03
41,2009-05-28,223000.0,1967-10-16,2013-12-19,7.46,1972-01-10
42,2009-05-28,207000.0,1967-10-23,2013-12-19,7.43,1972-01-17
43,2009-05-28,222000.0,1967-10-30,2013-12-19,7.4,1972-01-24
44,2009-05-28,214000.0,1967-11-06,2013-12-19,7.35,1972-01-31
45,2009-05-28,198000.0,1967-11-13,2013-12-19,7.33,1972-02-07
46,2009-05-28,191000.0,1967-11-20,2013-12-19,7.31,1972-02-14
47,2009-05-28,196000.0,1967-11-27,2013-12-19,7.31,1972-02-21
48,2009-05-28,221000.0,1967-12-04,2013-12-19,7.32,1972-02-28
49,2009-05-28,204000.0,1967-12-11,2013-12-19,7.32,1972-03-06
50,2009-05-28,219000.0,1967-12-18,2013-12-19,7.31,1972-03-13
51,2009-05-28,216000.0,1967-12-25,2013-12-19,7.31,1972-03-20
52,2009-05-28,222000.0,1968-01-01,2013-12-19,7.23,1972-03-27
53,2009-05-28,222000.0,1968-01-08,2013-12-19,7.25,1972-04-03
54,2009-05-28,221000.0,1968-01-15,2013-12-19,7.29,1972-04-10
55,2009-05-28,198000.0,1968-01-22,2013-12-19,7.29,1972-04-17
56,2009-05-28,244000.0,1968-01-29,2013-12-19,7.33,1972-04-24
57,2009-05-28,210000.0,1968-02-05,2013-12-19,7.33,1972-05-01
58,2009-05-28,196000.0,1968-02-12,2013-12-19,7.38,1972-05-08
59,2009-05-28,193000.0,1968-02-19,2013-12-19,7.38,1972-05-15
60,2009-05-28,190000.0,1968-02-26,2013-12-19,7.4,1972-05-22
61,2009-05-28,204000.0,1968-03-04,2013-12-19,7.36,1972-05-29
62,2009-05-28,190000.0,1968-03-11,2013-12-19,7.38,1972-06-05
63,2009-05-28,200000.0,1968-03-18,2013-12-19,7.38,1972-06-12
64,2009-05-28,192000.0,1968-03-25,2013-12-19,7.36,1972-06-19
65,2009-05-28,191000.0,1968-04-01,2013-12-19,7.38,1972-06-26
66,2009-05-28,171000.0,1968-04-08,2013-12-19,7.38,1972-07-03
67,2009-05-28,183000.0,1968-04-15,2013-12-19,7.4,1972-07-10
68,2009-05-28,251000.0,1968-04-22,2013-12-19,7.4,1972-07-17
69,2009-05-28,209000.0,1968-04-29,2013-12-19,7.4,1972-07-24
70,2009-05-28,194000.0,1968-05-06,2013-12-19,7.35,1972-07-31
71,2009-05-28,199000.0,1968-05-13,2013-12-19,7.41,1972-08-07
72,2009-05-28,194000.0,1968-05-20,2013-12-19,7.42,1972-08-14
73,2009-05-28,199000.0,1968-05-27,2013-12-19,7.42,1972-08-21
74,2009-05-28,192000.0,1968-06-03,2013-12-19,7.42,1972-08-28
75,2009-05-28,194000.0,1968-06-10,2013-12-19,7.42,1972-09-04
76,2009-05-28,189000.0,1968-06-17,2013-12-19,7.42,1972-09-11
77,2009-05-28,194000.0,1968-06-24,2013-12-19,7.41,1972-09-18
78,2009-05-28,214000.0,1968-07-01,2013-12-19,7.43,1972-09-25
79,2009-05-28,186000.0,1968-07-08,2013-12-19,7.41,1972-10-02
80,2009-05-28,180000.0,1968-07-15,2013-12-19,7.41,1972-10-09
81,2009-05-28,205000.0,1968-07-22,2013-12-19,7.44,1972-10-16
82,2009-05-28,206000.0,1968-07-29,2013-12-19,7.42,1972-10-23
83,2009-05-28,218000.0,1968-08-05,2013-12-19,7.43,1972-10-30
84,2009-05-28,192000.0,1968-08-12,2013-12-19,7.42,1972-11-06
85,2009-05-28,193000.0,1968-08-19,2013-12-19,7.42,1972-11-13
86,2009-05-28,188000.0,1968-08-26,2013-12-19,7.44,1972-11-20
87,2009-05-28,189000.0,1968-09-02,2013-12-19,7.45,1972-11-27
88,2009-05-28,195000.0,1968-09-09,2013-12-19,7.43,1972-12-04
89,2009-05-28,191000.0,1968-09-16,2013-12-19,7.43,1972-12-11
90,2009-05-28,189000.0,1968-09-23,2013-12-19,7.45,1972-12-18
91,2009-05-28,185000.0,1968-09-30,2013-12-19,7.45,1972-12-25
92,2009-05-28,186000.0,1968-10-07,2013-12-19,7.44,1973-01-01
93,2009-05-28,191000.0,1968-10-14,2013-12-19,7.44,1973-01-08
94,2009-05-28,182000.0,1968-10-21,2013-12-19,7.44,1973-01-15
95,2009-05-28,181000.0,1968-10-28,2013-12-19,7.43,1973-01-22
96,2009-05-28,183000.0,1968-11-04,2013-12-19,7.43,1973-01-29
97,2009-05-28,192000.0,1968-11-11,2013-12-19,7.43,1973-02-05
98,2009-05-28,199000.0,1968-11-18,2013-12-19,7.45,1973-02-12
99,2009-05-28,162000.0,1968-11-25,2013-12-19,7.45,1973-02-19
100,2009-05-28,188000.0,1968-12-02,2013-12-19,7.45,1973-02-26
101,2009-05-28,195000.0,1968-12-09,2013-12-19,7.45,1973-03-05
102,2009-05-28,192000.0,1968-12-16,2013-12-19,7.45,1973-03-12
103,2009-05-28,223000.0,1968-12-23,2013-12-19,7.45,1973-03-19
104,2009-05-28,190000.0,1968-12-30,2013-12-19,7.49,1973-03-26
105,2009-05-28,191000.0,1969-01-06,2013-12-19,7.51,1973-04-02
106,2009-05-28,192000.0,1969-01-13,2013-12-19,7.54,1973-04-09
107,2009-05-28,193000.0,1969-01-20,2013-12-19,7.56,1973-04-16
108,2009-05-28,203000.0,1969-01-27,2013-12-19,7.56,1973-04-23
109,2009-05-28,197000.0,1969-02-03,2013-12-19,7.58,1973-04-30
110,2009-05-28,192000.0,1969-02-10,2013-12-19,7.64,1973-05-07
111,2009-05-28,192000.0,1969-02-17,2013-12-19,7.69,1973-05-14
112,2009-05-28,201000.0,1969-02-24,2013-12-19,7.7,1973-05-21
113,2009-05-28,191000.0,1969-03-03,2013-12-19,7.7,1973-05-28
114,2009-05-28,189000.0,1969-03-10,2013-12-19,7.73,1973-06-04
115,2009-05-28,181000.0,1969-03-17,2013-12-19,7.73,1973-06-11
116,2009-05-28,183000.0,1969-03-24,2013-12-19,7.75,1973-06-18
117,2009-05-28,182000.0,1969-03-31,2013-12-19,7.76,1973-06-25
118,2009-05-28,190000.0,1969-04-07,2013-12-19,7.89,1973-07-02
119,2009-05-28,187000.0,1969-04-14,2013-12-19,8.01,1973-07-09
120,2009-05-28,177000.0,1969-04-21,2013-12-19,8.12,1973-07-16
121,2009-05-28,177000.0,1969-04-28,2013-12-19,8.18,1973-07-23
122,2009-05-28,183000.0,1969-05-05,2013-12-19,8.26,1973-07-30
123,2009-05-28,179000.0,1969-05-12,2013-12-19,8.4,1973-08-06
124,2009-05-28,180000.0,1969-05-19,2013-12-19,8.55,1973-08-13
125,2009-05-28,187000.0,1969-05-26,2013-12-19,8.61,1973-08-20
126,2009-05-28,192000.0,1969-06-02,2013-12-19,8.66,1973-08-27
127,2009-05-28,182000.0,1969-06-09,2013-12-19,8.77,1973-09-03
128,2009-05-28,191000.0,1969-06-16,2013-12-19,8.81,1973-09-10
129,2009-05-28,203000.0,1969-06-23,2013-12-19,8.83,1973-09-17
130,2009-05-28,227000.0,1969-06-30,2013-12-19,8.85,1973-09-24
131,2009-05-28,210000.0,1969-07-07,2013-12-19,8.82,1973-10-01
132,2009-05-28,206000.0,1969-07-14,2013-12-19,8.83,1973-10-08
133,2009-05-28,192000.0,1969-07-21,2013-12-19,8.75,1973-10-15
134,2009-05-28,196000.0,1969-07-28,2013-12-19,8.68,1973-10-22
135,2009-05-28,203000.0,1969-08-04,2013-12-19,8.62,1973-10-29
136,2009-05-28,199000.0,1969-08-11,2013-12-19,8.59,1973-11-05
137,2009-05-28,199000.0,1969-08-18,2013-12-19,8.58,1973-11-12
138,2009-05-28,195000.0,1969-08-25,2013-12-19,8.57,1973-11-19
139,2009-05-28,182000.0,1969-09-01,2013-12-19,8.55,1973-11-26
140,2009-05-28,209000.0,1969-09-08,2013-12-19,8.53,1973-12-03
141,2009-05-28,195000.0,1969-09-15,2013-12-19,8.53,1973-12-10
142,2009-05-28,193000.0,1969-09-22,2013-12-19,8.53,1973-12-17
143,2009-05-28,193000.0,1969-09-29,2013-12-19,8.56,1973-12-24
144,2009-05-28,200000.0,1969-10-06,2013-12-19,8.56,1973-12-31
145,2009-05-28,199000.0,1969-10-13,2013-12-19,8.53,1974-01-07
146,2009-05-28,205000.0,1969-10-20,2013-12-19,8.55,1974-01-14
147,2009-05-28,198000.0,1969-10-27,2013-12-19,8.52,1974-01-21
148,2009-05-28,211000.0,1969-11-03,2013-12-19,8.48,1974-01-28
149,2009-05-28,197000.0,1969-11-10,2013-12-19,8.46,1974-02-04
150,2009-05-28,217000.0,1969-11-17,2013-12-19,8.46,1974-02-11
151,2009-05-28,202000.0,1969-11-24,2013-12-19,8.42,1974-02-18
152,2009-05-28,202000.0,1969-12-01,2013-12-19,8.41,1974-02-25
153,2009-05-28,222000.0,1969-12-08,2013-12-19,8.41,1974-03-04
154,2009-05-28,232000.0,1969-12-15,2013-12-19,8.4,1974-03-11
155,2009-05-28,223000.0,1969-12-22,2013-12-19,8.4,1974-03-18
156,2009-05-28,230000.0,1969-12-29,2013-12-19,8.41,1974-03-25
157,2009-05-28,242000.0,1970-01-05,2013-12-19,8.44,1974-04-01
158,2009-05-28,268000.0,1970-01-12,2013-12-19,8.53,1974-04-08
159,2009-05-28,256000.0,1970-01-19,2013-12-19,8.63,1974-04-15
160,2009-05-28,239000.0,1970-01-26,2013-12-19,8.73,1974-04-22
161,2009-05-28,256000.0,1970-02-02,2013-12-19,8.87,1974-04-29
162,2009-05-28,265000.0,1970-02-09,2013-12-19,8.98,1974-05-06
163,2009-05-28,271000.0,1970-02-16,2013-12-19,8.97,1974-05-13
164,2009-05-28,242000.0,1970-02-23,2013-12-19,9.01,1974-05-20
165,2009-05-28,262000.0,1970-03-02,2013-12-19,9.03,1974-05-27
166,2009-05-28,271000.0,1970-03-09,2013-12-19,9.06,1974-06-03
167,2009-05-28,264000.0,1970-03-16,2013-12-19,9.11,1974-06-10
168,2009-05-28,276000.0,1970-03-23,2013-12-19,9.07,1974-06-17
169,2009-05-28,273000.0,1970-03-30,2013-12-19,9.1,1974-06-24
170,2009-05-28,305000.0,1970-04-06,2013-12-19,9.14,1974-07-01
171,2009-05-28,374000.0,1970-04-13,2013-12-19,9.19,1974-07-08
172,2009-05-28,349000.0,1970-04-20,2013-12-19,9.37,1974-07-15
173,2009-05-28,334000.0,1970-04-27,2013-12-19,9.42,1974-07-22
174,2009-05-28,318000.0,1970-05-04,2013-12-19,9.47,1974-07-29
175,2009-05-28,303000.0,1970-05-11,2013-12-19,9.5,1974-08-05
176,2009-05-28,296000.0,1970-05-18,2013-12-19,9.6,1974-08-12
177,2009-05-28,301000.0,1970-05-25,2013-12-19,9.62,1974-08-19
178,2009-05-28,301000.0,1970-06-01,2013-12-19,9.74,1974-08-26
179,2009-05-28,298000.0,1970-06-08,2013-12-19,9.88,1974-09-02
180,2009-05-28,296000.0,1970-06-15,2013-12-19,9.92,1974-09-09
181,2009-05-28,291000.0,1970-06-22,2013-12-19,10.0,1974-09-16
182,2009-05-28,277000.0,1970-06-29,2013-12-19,10.03,1974-09-23
183,2009-05-28,288000.0,1970-07-06,2013-12-19,10.02,1974-09-30
184,2009-05-28,294000.0,1970-07-13,2013-12-19,9.96,1974-10-07
185,2009-05-28,287000.0,1970-07-20,2013-12-19,9.99,1974-10-14
186,2009-05-28,261000.0,1970-07-27,2013-12-19,9.94,1974-10-21
187,2009-05-28,266000.0,1970-08-03,2013-12-19,9.87,1974-10-28
188,2009-05-28,300000.0,1970-08-10,2013-12-19,9.81,1974-11-04
189,2009-05-28,303000.0,1970-08-17,2013-12-19,9.81,1974-11-11
190,2009-05-28,297000.0,1970-08-24,2013-12-19,9.73,1974-11-18
191,2009-05-28,324000.0,1970-08-31,2013-12-19,9.72,1974-11-25
192,2009-05-28,292000.0,1970-09-07,2013-12-19,9.69,1974-12-02
193,2009-05-28,325000.0,1970-09-14,2013-12-19,9.63,1974-12-09
194,2009-05-28,333000.0,1970-09-21,2013-12-19,9.58,1974-12-16
195,2009-05-28,350000.0,1970-09-28,2013-12-19,9.56,1974-12-23
196,2009-05-28,327000.0,1970-10-05,2013-12-19,9.6,1974-12-30
197,2009-05-28,334000.0,1970-10-12,2013-12-19,9.49,1975-01-06
198,2009-05-28,330000.0,1970-10-19,2013-12-19,9.43,1975-01-13
199,2009-05-28,327000.0,1970-10-26,2013-12-19,9.35,1975-01-20
200,2009-05-28,336000.0,1970-11-02,2013-12-19,9.29,1975-01-27
201,2009-05-28,314000.0,1970-11-09,2013-12-19,9.2,1975-02-03
202,2009-05-28,314000.0,1970-11-16,2013-12-19,9.13,1975-02-10
203,2009-05-28,337000.0,1970-11-23,2013-12-19,9.07,1975-02-17
204,2009-05-28,308000.0,1970-11-30,2013-12-19,9.02,1975-02-24
205,2009-05-28,306000.0,1970-12-07,2013-12-19,9.0,1975-03-03
206,2009-05-28,289000.0,1970-12-14,2013-12-19,8.89,1975-03-10
207,2009-05-28,321000.0,1970-12-21,2013-12-19,8.86,1975-03-17
208,2009-05-28,303000.0,1970-12-28,2013-12-19,8.86,1975-03-24
209,2009-05-28,288000.0,1971-01-04,2013-12-19,8.83,1975-03-31
210,2009-05-28,299000.0,1971-01-11,2013-12-19,8.81,1975-04-07
211,2009-05-28,312000.0,1971-01-18,2013-12-19,8.8,1975-04-14
212,2009-05-28,292000.0,1971-01-25,2013-12-19,8.84,1975-04-21
213,2009-05-28,296000.0,1971-02-01,2013-12-19,8.92,1975-04-28
214,2009-05-28,282000.0,1971-02-08,2013-12-19,8.88,1975-05-05
215,2009-05-28,268000.0,1971-02-15,2013-12-19,8.92,1975-05-12
216,2009-05-28,290000.0,1971-02-22,2013-12-19,8.92,1975-05-19
217,2009-05-28,297000.0,1971-03-01,2013-12-19,8.89,1975-05-26
218,2009-05-28,287000.0,1971-03-08,2013-12-19,8.89,1975-06-02
219,2009-05-28,291000.0,1971-03-15,2013-12-19,8.9,1975-06-09
220,2009-05-28,300000.0,1971-03-22,2013-12-19,8.88,1975-06-16
221,2009-05-28,299000.0,1971-03-29,2013-12-19,8.9,1975-06-23
222,2009-05-28,279000.0,1971-04-05,2013-12-19,8.88,1975-06-30
223,2009-05-28,284000.0,1971-04-12,2013-12-19,8.9,1975-07-07
224,2009-05-28,288000.0,1971-04-19,2013-12-19,8.89,1975-07-14
225,2009-05-28,290000.0,1971-04-26,2013-12-19,8.89,1975-07-21
226,2009-05-28,293000.0,1971-05-03,2013-12-19,8.89,1975-07-28
227,2009-05-28,284000.0,1971-05-10,2013-12-19,8.89,1975-08-04
228,2009-05-28,295000.0,1971-05-17,2013-12-19,8.93,1975-08-11
229,2009-05-28,299000.0,1971-05-24,2013-12-19,8.98,1975-08-18
230,2009-05-28,301000.0,1971-05-31,2013-12-19,9.02,1975-08-25
231,2009-05-28,295000.0,1971-06-07,2013-12-19,9.08,1975-09-01
232,2009-05-28,299000.0,1971-06-14,2013-12-19,9.16,1975-09-08
233,2009-05-28,291000.0,1971-06-21,2013-12-19,9.14,1975-09-15
234,2009-05-28,277000.0,1971-06-28,2013-12-19,9.14,1975-09-22
235,2009-05-28,264000.0,1971-07-05,2013-12-19,9.2,1975-09-29
236,2009-05-28,313000.0,1971-07-12,2013-12-19,9.21,1975-10-06
237,2009-05-28,304000.0,1971-07-19,2013-12-19,9.21,1975-10-13
238,2009-05-28,308000.0,1971-07-26,2013-12-19,9.26,1975-10-20
239,2009-05-28,349000.0,1971-08-02,2013-12-19,9.24,1975-10-27
240,2009-05-28,325000.0,1971-08-09,2013-12-19,9.19,1975-11-03
241,2009-05-28,320000.0,1971-08-16,2013-12-19,9.16,1975-11-10
242,2009-05-28,307000.0,1971-08-23,2013-12-19,9.12,1975-11-17
243,2009-05-28,359000.0,1971-08-30,2013-12-19,9.11,1975-11-24
244,2009-05-28,312000.0,1971-09-06,2013-12-19,9.11,1975-12-01
245,2009-05-28,302000.0,1971-09-13,2013-12-19,9.11,1975-12-08
246,2009-05-28,308000.0,1971-09-20,2013-12-19,9.08,1975-12-15
247,2009-05-28,299000.0,1971-09-27,2013-12-19,9.09,1975-12-22
248,2009-05-28,313000.0,1971-10-04,2013-12-19,9.1,1975-12-29
249,2009-05-28,299000.0,1971-10-11,2013-12-19,9.07,1976-01-05
250,2009-05-28,294000.0,1971-10-18,2013-12-19,9.01,1976-01-12
251,2009-05-28,283000.0,1971-10-25,2013-12-19,9.0,1976-01-19
252,2009-05-28,301000.0,1971-11-01,2013-12-19,8.9,1976-01-26
253,2009-05-28,295000.0,1971-11-08,2013-12-19,8.86,1976-02-02
254,2009-05-28,274000.0,1971-11-15,2013-12-19,8.83,1976-02-09
255,2009-05-28,278000.0,1971-11-22,2013-12-19,8.81,1976-02-16
256,2009-05-28,299000.0,1971-11-29,2013-12-19,8.75,1976-02-23
257,2009-05-28,280000.0,1971-12-06,2013-12-19,8.77,1976-03-01
258,2009-05-28,269000.0,1971-12-13,2013-12-19,8.75,1976-03-08
259,2009-05-28,244000.0,1971-12-20,2013-12-19,8.75,1976-03-15
260,2009-05-28,279000.0,1971-12-27,2013-12-19,8.75,1976-03-22
261,2009-05-28,295000.0,1972-01-03,2013-12-19,8.7,1976-03-29
262,2009-05-28,250000.0,1972-01-10,2013-12-19,8.7,1976-04-05
263,2009-05-28,263000.0,1972-01-17,2013-12-19,8.75,1976-04-12
264,2009-05-28,269000.0,1972-01-24,2013-12-19,8.75,1976-04-19
265,2009-05-28,276000.0,1972-01-31,2013-12-19,8.75,1976-04-26
266,2009-05-28,266000.0,1972-02-07,2010-06-17,8.75,1976-05-03
267,2009-05-28,258000.0,1972-02-14,2010-06-17,8.75,1976-05-10
268,2009-05-28,254000.0,1972-02-21,2010-06-17,8.78,1976-05-17
269,2009-05-28,257000.0,1972-02-28,2010-06-17,8.78,1976-05-24
270,2009-05-28,264000.0,1972-03-06,2010-06-17,8.78,1976-05-31
271,2009-05-28,266000.0,1972-03-13,2010-06-17,8.83,1976-06-07
272,2009-05-28,264000.0,1972-03-20,2010-06-17,8.88,1976-06-14
273,2009-05-28,258000.0,1972-03-27,2010-06-17,8.9,1976-06-21
274,2009-05-28,274000.0,1972-04-03,2010-06-17,8.93,1976-06-28
275,2009-05-28,259000.0,1972-04-10,2010-06-17,8.93,1976-07-05
276,2009-05-28,259000.0,1972-04-17,2010-06-17,8.93,1976-07-12
277,2009-05-28,265000.0,1972-04-24,2010-06-17,8.9,1976-07-19
278,2009-05-28,271000.0,1972-05-01,2010-06-17,8.98,1976-07-26
279,2009-05-28,266000.0,1972-05-08,2010-06-17,9.0,1976-08-02
280,2009-05-28,267000.0,1972-05-15,2010-06-17,9.0,1976-08-09
281,2009-05-28,267000.0,1972-05-22,2010-06-17,9.0,1976-08-16
282,2009-05-28,264000.0,1972-05-29,2010-06-17,9.0,1976-08-23
283,2009-05-28,268000.0,1972-06-05,2010-06-17,9.0,1976-08-30
284,2009-05-28,275000.0,1972-06-12,2010-06-17,8.97,1976-09-06
285,2009-05-28,286000.0,1972-06-19,2010-06-17,8.97,1976-09-13
286,2009-05-28,350000.0,1972-06-26,2010-06-17,8.97,1976-09-20
287,2009-05-28,297000.0,1972-07-03,2010-06-17,8.9,1976-09-27
288,2009-05-28,318000.0,1972-07-10,2010-06-17,8.95,1976-10-04
289,2009-05-28,276000.0,1972-07-17,2010-06-17,8.95,1976-10-11
290,2009-05-28,247000.0,1972-07-24,2010-06-17,8.95,1976-10-18
291,2009-05-28,250000.0,1972-07-31,2010-06-17,8.9,1976-10-25
292,2009-05-28,246000.0,1972-08-07,2010-06-17,8.85,1976-11-01
293,2009-05-28,256000.0,1972-08-14,2010-06-17,8.8,1976-11-08
294,2009-05-28,262000.0,1972-08-21,2010-06-17,8.8,1976-11-15
295,2009-05-28,258000.0,1972-08-28,2010-06-17,8.8,1976-11-22
296,2009-05-28,259000.0,1972-09-04,2010-06-17,8.8,1976-11-29
297,2009-05-28,258000.0,1972-09-11,2010-06-17,8.8,1976-12-06
298,2009-05-28,255000.0,1972-09-18,2010-06-17,8.8,1976-12-13
299,2009-05-28,251000.0,1972-09-25,2010-06-17,8.78,1976-12-20
300,2009-05-28,263000.0,1972-10-02,2010-06-17,8.78,1976-12-27
301,2009-05-28,250000.0,1972-10-09,2010-06-17,8.7,1977-01-03
302,2009-05-28,257000.0,1972-10-16,2010-06-17,8.73,1977-01-10
303,2009-05-28,234000.0,1972-10-23,2010-06-17,8.73,1977-01-17
304,2009-05-28,255000.0,1972-10-30,2010-06-17,8.73,1977-01-24
305,2009-05-28,242000.0,1972-11-06,2010-06-17,8.68,1977-01-31
306,2009-05-28,271000.0,1972-11-13,2010-06-17,8.7,1977-02-07
307,2009-05-28,235000.0,1972-11-20,2010-06-17,8.65,1977-02-14
308,2009-05-28,226000.0,1972-11-27,2010-06-17,8.65,1977-02-21
309,2009-05-28,252000.0,1972-12-04,2010-06-17,8.65,1977-02-28
310,2009-05-28,263000.0,1972-12-11,2010-06-17,8.7,1977-03-07
311,2009-05-28,246000.0,1972-12-18,2010-06-17,8.7,1977-03-14
312,2009-05-28,225000.0,1972-12-25,2010-06-17,8.7,1977-03-21
313,2009-05-28,226000.0,1973-01-01,2010-06-17,8.7,1977-03-28
314,2009-05-28,245000.0,1973-01-08,2010-06-17,8.75,1977-04-04
315,2009-05-28,229000.0,1973-01-15,2010-06-17,8.75,1977-04-11
316,2009-05-28,214000.0,1973-01-22,2010-06-17,8.78,1977-04-18
317,2009-05-28,228000.0,1973-01-29,2010-06-17,8.78,1977-04-25
318,2009-05-28,226000.0,1973-02-05,2010-06-17,8.78,1977-05-02
319,2009-05-28,216000.0,1973-02-12,2010-06-17,8.83,1977-05-09
320,2009-05-28,218000.0,1973-02-19,2010-06-17,8.85,1977-05-16
321,2009-05-28,225000.0,1973-02-26,2010-06-17,8.85,1977-05-23
322,2009-05-28,229000.0,1973-03-05,2010-06-17,8.85,1977-05-30
323,2009-05-28,228000.0,1973-03-12,2010-06-17,8.85,1977-06-06
324,2009-05-28,232000.0,1973-03-19,2010-06-17,8.85,1977-06-13
325,2009-05-28,222000.0,1973-03-26,2010-06-17,8.88,1977-06-20
326,2009-05-28,247000.0,1973-04-02,2010-06-17,8.95,1977-06-27
327,2009-05-28,230000.0,1973-04-09,2010-06-17,8.93,1977-07-04
328,2009-05-28,243000.0,1973-04-16,2010-06-17,8.95,1977-07-11
329,2009-05-28,236000.0,1973-04-23,2010-06-17,8.95,1977-07-18
330,2009-05-28,248000.0,1973-04-30,2010-06-17,8.93,1977-07-25
331,2009-05-28,238000.0,1973-05-07,2010-06-17,8.95,1977-08-01
332,2009-05-28,237000.0,1973-05-14,2010-06-17,8.95,1977-08-08
333,2009-05-28,238000.0,1973-05-21,2010-06-17,8.93,1977-08-15
334,2009-05-28,232000.0,1973-05-28,2010-06-17,8.93,1977-08-22
335,2009-05-28,246000.0,1973-06-04,2010-06-17,8.88,1977-08-29
336,2009-05-28,237000.0,1973-06-11,2010-06-17,8.9,1977-09-05
337,2009-05-28,242000.0,1973-06-18,2010-06-17,8.9,1977-09-12
338,2009-05-28,237000.0,1973-06-25,2010-06-17,8.9,1977-09-19
339,2009-05-28,248000.0,1973-07-02,2010-06-17,8.9,1977-09-26
340,2009-05-28,232000.0,1973-07-09,2010-06-17,8.93,1977-10-03
341,2009-05-28,241000.0,1973-07-16,2010-06-17,8.93,1977-10-10
342,2009-05-28,250000.0,1973-07-23,2010-06-17,8.93,1977-10-17
343,2009-05-28,256000.0,1973-07-30,2010-06-17,8.9,1977-10-24
344,2009-05-28,265000.0,1973-08-06,2010-06-17,8.9,1977-10-31
345,2009-05-28,258000.0,1973-08-13,2010-06-17,8.93,1977-11-07
346,2009-05-28,254000.0,1973-08-20,2010-06-17,8.93,1977-11-14
347,2009-05-28,242000.0,1973-08-27,2010-06-17,8.93,1977-11-21
348,2009-05-28,252000.0,1973-09-03,2010-06-17,8.95,1977-11-28
349,2009-05-28,245000.0,1973-09-10,2010-06-17,8.95,1977-12-05
350,2009-05-28,246000.0,1973-09-17,2010-06-17,8.95,1977-12-12
351,2009-05-28,249000.0,1973-09-24,2010-06-17,8.95,1977-12-19
352,2009-05-28,236000.0,1973-10-01,2010-06-17,9.0,1977-12-26
353,2009-05-28,246000.0,1973-10-08,2010-06-17,9.0,1978-01-02
354,2009-05-28,249000.0,1973-10-15,2010-06-17,9.03,1978-01-09
355,2009-05-28,235000.0,1973-10-22,2010-06-17,8.98,1978-01-16
356,2009-05-28,246000.0,1973-10-29,2010-06-17,9.05,1978-01-23
357,2009-05-28,282000.0,1973-11-05,2010-06-17,9.13,1978-01-30
358,2009-05-28,254000.0,1973-11-12,2010-06-17,9.15,1978-02-06
359,2009-05-28,233000.0,1973-11-19,2010-06-17,9.15,1978-02-13
360,2009-05-28,256000.0,1973-11-26,2010-06-17,9.15,1978-02-20
361,2009-05-28,266000.0,1973-12-03,2010-06-17,9.15,1978-02-27
362,2009-05-28,272000.0,1973-12-10,2010-06-17,9.15,1978-03-06
363,2009-05-28,326000.0,1973-12-17,2010-06-17,9.23,1978-03-13
364,2009-05-28,300000.0,1973-12-24,2010-06-17,9.23,1978-03-20
365,2009-05-28,269000.0,1973-12-31,2010-06-17,9.25,1978-03-27
366,2009-05-28,340000.0,1974-01-07,2010-06-17,9.28,1978-04-03
367,2009-05-28,321000.0,1974-01-14,2010-06-17,9.33,1978-04-10
368,2009-05-28,291000.0,1974-01-21,2010-06-17,9.38,1978-04-17
369,2009-05-28,302000.0,1974-01-28,2010-06-17,9.43,1978-04-24
370,2009-05-28,369000.0,1974-02-04,2010-06-17,9.48,1978-05-01
371,2009-05-28,311000.0,1974-02-11,2010-06-17,9.55,1978-05-08
372,2009-05-28,292000.0,1974-02-18,2010-06-17,9.58,1978-05-15
373,2009-05-28,301000.0,1974-02-25,2010-06-17,9.68,1978-05-22
374,2009-05-28,305000.0,1974-03-04,2010-06-17,9.68,1978-05-29
375,2009-05-28,315000.0,1974-03-11,2010-06-17,9.7,1978-06-05
376,2009-05-28,314000.0,1974-03-18,2010-06-17,9.73,1978-06-12
377,2009-05-28,323000.0,1974-03-25,2010-06-17,9.7,1978-06-19
378,2009-05-28,296000.0,1974-04-01,2010-06-17,9.73,1978-06-26
379,2009-05-28,297000.0,1974-04-08,2010-06-17,9.73,1978-07-03
380,2009-05-28,296000.0,1974-04-15,2010-06-17,9.73,1978-07-10
381,2009-05-28,283000.0,1974-04-22,2010-06-17,9.75,1978-07-17
382,2009-05-28,287000.0,1974-04-29,2010-06-17,9.75,1978-07-24
383,2009-05-28,296000.0,1974-05-06,2010-06-17,9.78,1978-07-31
384,2009-05-28,298000.0,1974-05-13,2010-06-17,9.78,1978-08-07
385,2009-05-28,309000.0,1974-05-20,2010-06-17,9.78,1978-08-14
386,2009-05-28,278000.0,1974-05-27,2010-06-17,9.8,1978-08-21
387,2009-05-28,314000.0,1974-06-03,2010-06-17,9.75,1978-08-28
388,2009-05-28,303000.0,1974-06-10,2010-06-17,9.75,1978-09-04
389,2009-05-28,308000.0,1974-06-17,2010-06-17,9.75,1978-09-11
390,2009-05-28,325000.0,1974-06-24,2010-06-17,9.75,1978-09-18
391,2009-05-28,311000.0,1974-07-01,2010-06-17,9.78,1978-09-25
392,2009-05-28,304000.0,1974-07-08,2010-06-17,9.85,1978-10-02
393,2009-05-28,303000.0,1974-07-15,2010-06-17,9.85,1978-10-09
394,2009-05-28,320000.0,1974-07-22,2010-06-17,9.85,1978-10-16
395,2009-05-28,335000.0,1974-07-29,2010-06-17,9.88,1978-10-23
396,2009-05-28,347000.0,1974-08-05,2010-06-17,9.9,1978-10-30
397,2009-05-28,332000.0,1974-08-12,2010-06-17,10.05,1978-11-06
398,2009-05-28,343000.0,1974-08-19,2010-06-17,10.2,1978-11-13
399,2009-05-28,350000.0,1974-08-26,2010-06-17,10.28,1978-11-20
400,2009-05-28,350000.0,1974-09-02,2010-06-17,10.3,1978-11-27
401,2009-05-28,357000.0,1974-09-09,2010-06-17,10.35,1978-12-04
402,2009-05-28,370000.0,1974-09-16,2010-06-17,10.35,1978-12-11
403,2009-05-28,366000.0,1974-09-23,2010-06-17,10.35,1978-12-18
404,2009-05-28,371000.0,1974-09-30,2010-06-17,10.38,1978-12-25
405,2009-05-28,413000.0,1974-10-07,2010-06-17,10.38,1979-01-01
406,2009-05-28,389000.0,1974-10-14,2010-06-17,10.38,1979-01-08
407,2009-05-28,414000.0,1974-10-21,2010-06-17,10.4,1979-01-15
408,2009-05-28,406000.0,1974-10-28,2010-06-17,10.4,1979-01-22
409,2009-05-28,441000.0,1974-11-04,2010-06-17,10.4,1979-01-29
410,2009-05-28,449000.0,1974-11-11,2010-06-17,10.43,1979-02-05
411,2009-05-28,518000.0,1974-11-18,2010-06-17,10.4,1979-02-12
412,2009-05-28,474000.0,1974-11-25,2010-06-17,10.4,1979-02-19
413,2009-05-28,528000.0,1974-12-02,2010-06-17,10.43,1979-02-26
414,2009-05-28,510000.0,1974-12-09,2010-06-17,10.4,1979-03-05
415,2009-05-28,521000.0,1974-12-16,2010-06-17,10.4,1979-03-12
416,2009-05-28,537000.0,1974-12-23,2010-06-17,10.45,1979-03-19
417,2009-05-28,456000.0,1974-12-30,2010-06-17,10.45,1979-03-26
418,2009-05-28,554000.0,1975-01-06,2010-06-17,10.48,1979-04-02
419,2009-05-28,575000.0,1975-01-13,2010-06-17,10.48,1979-04-09
420,2009-05-28,555000.0,1975-01-20,2010-06-17,10.5,1979-04-16
421,2009-05-28,559000.0,1975-01-27,2010-06-17,10.53,1979-04-23
422,2009-05-28,545000.0,1975-02-03,2010-06-17,10.6,1979-04-30
423,2009-05-28,530000.0,1975-02-10,2010-06-17,10.68,1979-05-07
424,2009-05-28,544000.0,1975-02-17,2010-06-17,10.73,1979-05-14
425,2009-05-28,546000.0,1975-02-24,2010-06-17,10.75,1979-05-21
426,2009-05-28,551000.0,1975-03-03,2010-06-17,10.9,1979-05-28
427,2009-05-28,531000.0,1975-03-10,2010-06-17,11.03,1979-06-04
428,2009-05-28,550000.0,1975-03-17,2010-06-17,11.05,1979-06-11
429,2009-05-28,555000.0,1975-03-24,2010-06-17,11.1,1979-06-18
430,2009-05-28,537000.0,1975-03-31,2010-06-17,11.1,1979-06-25
431,2009-05-28,520000.0,1975-04-07,2010-06-17,11.13,1979-07-02
432,2009-05-28,531000.0,1975-04-14,2010-06-17,11.08,1979-07-09
433,2009-05-28,513000.0,1975-04-21,2010-06-17,11.08,1979-07-16
434,2009-05-28,505000.0,1975-04-28,2010-06-17,11.08,1979-07-23
435,2009-05-28,507000.0,1975-05-05,2010-06-17,11.08,1979-07-30
436,2009-05-28,514000.0,1975-05-12,2010-06-17,11.08,1979-08-06
437,2009-05-28,493000.0,1975-05-19,2010-06-17,11.08,1979-08-13
438,2009-05-28,475000.0,1975-05-26,2010-06-17,11.1,1979-08-20
439,2009-05-28,529000.0,1975-06-02,2010-06-17,11.13,1979-08-27
440,2009-05-28,497000.0,1975-06-09,2010-06-17,11.2,1979-09-03
441,2009-05-28,497000.0,1975-06-16,2010-06-17,11.3,1979-09-10
442,2009-05-28,459000.0,1975-06-23,2010-06-17,11.35,1979-09-17
443,2009-05-28,423000.0,1975-06-30,2010-06-17,11.35,1979-09-24
444,2009-05-28,446000.0,1975-07-07,2010-06-17,11.35,1979-10-01
445,2009-05-28,445000.0,1975-07-14,2010-06-17,11.45,1979-10-08
446,2009-05-28,454000.0,1975-07-21,2010-06-17,11.75,1979-10-15
447,2009-05-28,454000.0,1975-07-28,2010-06-17,12.0,1979-10-22
448,2009-05-28,459000.0,1975-08-04,2010-06-17,12.8,1979-10-29
449,2009-05-28,444000.0,1975-08-11,2010-06-17,12.85,1979-11-05
450,2009-05-28,457000.0,1975-08-18,2010-06-17,12.8,1979-11-12
451,2009-05-28,446000.0,1975-08-25,2010-06-17,12.8,1979-11-19
452,2009-05-28,447000.0,1975-09-01,2010-06-17,12.9,1979-11-26
453,2009-05-28,456000.0,1975-09-08,2010-06-17,12.9,1979-12-03
454,2009-05-28,433000.0,1975-09-15,2010-06-17,12.9,1979-12-10
455,2009-05-28,445000.0,1975-09-22,2010-06-17,12.9,1979-12-17
456,2009-05-28,426000.0,1975-09-29,2010-06-17,12.9,1979-12-24
457,2009-05-28,429000.0,1975-10-06,2010-06-17,12.85,1979-12-31
458,2009-05-28,404000.0,1975-10-13,2010-06-17,12.9,1980-01-07
459,2009-05-28,426000.0,1975-10-20,2010-06-17,12.87,1980-01-14
460,2009-05-28,414000.0,1975-10-27,2010-06-17,12.89,1980-01-21
461,2009-05-28,415000.0,1975-11-03,2010-06-17,12.85,1980-01-28
462,2009-05-28,386000.0,1975-11-10,2010-06-17,12.85,1980-02-04
463,2009-05-28,401000.0,1975-11-17,2010-06-17,12.88,1980-02-11
464,2009-05-28,387000.0,1975-11-24,2010-06-17,13.03,1980-02-18
465,2009-05-28,373000.0,1975-12-01,2010-06-17,13.59,1980-02-25
466,2009-05-28,368000.0,1975-12-08,2010-06-17,14.0,1980-03-03
467,2009-05-28,365000.0,1975-12-15,2010-06-17,15.4,1980-03-10
468,2009-05-28,391000.0,1975-12-22,2010-06-17,15.7,1980-03-17
469,2009-05-28,362000.0,1975-12-29,2010-06-17,16.03,1980-03-24
470,2009-05-28,402000.0,1976-01-05,2010-06-17,16.35,1980-03-31
471,2009-05-28,370000.0,1976-01-12,2010-06-17,16.35,1980-04-07
472,2009-05-28,363000.0,1976-01-19,2010-06-17,16.35,1980-04-14
473,2009-05-28,359000.0,1976-01-26,2010-06-17,16.25,1980-04-21
474,2009-05-28,353000.0,1976-02-02,2010-06-17,15.9,1980-04-28
475,2009-05-28,344000.0,1976-02-09,2010-06-17,14.68,1980-05-05
476,2009-05-28,347000.0,1976-02-16,2010-06-17,14.15,1980-05-12
477,2009-05-28,349000.0,1976-02-23,2010-06-17,13.38,1980-05-19
478,2009-05-28,348000.0,1976-03-01,2010-06-17,13.2,1980-05-26
479,2009-05-28,360000.0,1976-03-08,2010-06-17,13.06,1980-06-02
480,2009-05-28,368000.0,1976-03-15,2010-06-17,12.85,1980-06-09
481,2009-05-28,366000.0,1976-03-22,2010-06-17,12.58,1980-06-16
482,2009-05-28,380000.0,1976-03-29,2010-06-17,12.35,1980-06-23
483,2009-05-28,373000.0,1976-04-05,2010-06-17,12.18,1980-06-30
484,2009-05-28,361000.0,1976-04-12,2010-06-17,12.23,1980-07-07
485,2009-05-28,367000.0,1976-04-19,2010-06-17,12.18,1980-07-14
486,2009-05-28,385000.0,1976-04-26,2010-06-17,12.18,1980-07-21
487,2009-05-28,395000.0,1976-05-03,2010-06-17,12.25,1980-07-28
488,2009-05-28,382000.0,1976-05-10,2010-06-17,12.25,1980-08-04
489,2009-05-28,394000.0,1976-05-17,2010-06-17,12.55,1980-08-11
490,2009-05-28,402000.0,1976-05-24,2010-06-17,12.8,1980-08-18
491,2009-05-28,382000.0,1976-05-31,2010-06-17,12.95,1980-08-25
492,2009-05-28,407000.0,1976-06-07,2010-06-17,13.03,1980-09-01
493,2009-05-28,399000.0,1976-06-14,2010-06-17,13.08,1980-09-08
494,2009-05-28,387000.0,1976-06-21,2010-06-17,13.25,1980-09-15
495,2009-05-28,394000.0,1976-06-28,2010-06-17,13.43,1980-09-22
496,2009-05-28,372000.0,1976-07-05,2010-06-17,13.6,1980-09-29
497,2009-05-28,406000.0,1976-07-12,2010-06-17,13.73,1980-10-06
498,2009-05-28,394000.0,1976-07-19,2010-06-17,13.78,1980-10-13
499,2009-05-28,388000.0,1976-07-26,2010-06-17,13.85,1980-10-20
500,2009-05-28,378000.0,1976-08-02,2010-06-17,14.0,1980-10-27
501,2009-05-28,382000.0,1976-08-09,2010-06-17,14.08,1980-11-03
502,2009-05-28,400000.0,1976-08-16,2010-06-17,14.18,1980-11-10
503,2009-05-28,394000.0,1976-08-23,2010-06-17,14.28,1980-11-17
504,2009-05-28,421000.0,1976-08-30,2010-06-17,14.28,1980-11-24
505,2009-05-28,383000.0,1976-09-06,2010-06-17,14.43,1980-12-01
506,2009-05-28,403000.0,1976-09-13,2010-06-17,14.83,1980-12-08
507,2009-05-28,423000.0,1976-09-20,2010-06-17,14.95,1980-12-15
508,2009-05-28,408000.0,1976-09-27,2010-06-17,14.95,1980-12-22
509,2009-05-28,411000.0,1976-10-04,2010-06-17,14.95,1980-12-29
510,2009-05-28,403000.0,1976-10-11,2010-06-17,14.8,1981-01-05
511,2009-05-28,409000.0,1976-10-18,2010-06-17,14.85,1981-01-12
512,2009-05-28,414000.0,1976-10-25,2010-06-17,14.85,1981-01-19
513,2009-05-28,390000.0,1976-11-01,2010-06-17,15.07,1981-01-26
514,2009-05-28,383000.0,1976-11-08,2010-06-17,15.0,1981-02-02
515,2009-05-28,408000.0,1976-11-15,2010-06-17,15.03,1981-02-09
516,2009-05-28,377000.0,1976-11-22,2010-06-17,15.2,1981-02-16
517,2009-05-28,402000.0,1976-11-29,2010-06-17,15.3,1981-02-23
518,2009-05-28,395000.0,1976-12-06,2010-06-17,15.4,1981-03-02
519,2009-05-28,365000.0,1976-12-13,2010-06-17,15.4,1981-03-09
520,2009-05-28,333000.0,1976-12-20,2010-06-17,15.4,1981-03-16
521,2009-05-28,380000.0,1976-12-27,2010-06-17,15.4,1981-03-23
522,2009-05-28,416000.0,1977-01-03,2010-06-17,15.4,1981-03-30
523,2009-05-28,368000.0,1977-01-10,2010-06-17,15.5,1981-04-06
524,2009-05-28,423000.0,1977-01-17,2010-06-17,15.65,1981-04-13
525,2009-05-28,422000.0,1977-01-24,2010-06-17,15.77,1981-04-20
526,2009-05-28,565000.0,1977-01-31,2010-06-17,15.82,1981-04-27
527,2009-05-28,477000.0,1977-02-07,2010-06-17,16.12,1981-05-04
528,2009-05-28,399000.0,1977-02-14,2010-06-17,16.64,1981-05-11
529,2009-05-28,362000.0,1977-02-21,2010-06-17,16.63,1981-05-18
530,2009-05-28,361000.0,1977-02-28,2010-06-17,16.8,1981-05-25
531,2009-05-28,355000.0,1977-03-07,2010-06-17,16.76,1981-06-01
532,2009-05-28,369000.0,1977-03-14,2010-06-17,16.69,1981-06-08
533,2009-05-28,356000.0,1977-03-21,2010-06-17,16.71,1981-06-15
534,2009-05-28,350000.0,1977-03-28,2010-06-17,16.62,1981-06-22
535,2009-05-28,376000.0,1977-04-04,2010-06-17,16.64,1981-06-29
536,2009-05-28,361000.0,1977-04-11,2010-06-17,16.79,1981-07-06
537,2009-05-28,375000.0,1977-04-18,2010-06-17,16.74,1981-07-13
538,2009-05-28,375000.0,1977-04-25,2010-06-17,16.88,1981-07-20
539,2009-05-28,384000.0,1977-05-02,2010-06-17,17.11,1981-07-27
540,2009-05-28,381000.0,1977-05-09,2010-06-17,17.13,1981-08-03
541,2009-05-28,375000.0,1977-05-16,2010-06-17,17.27,1981-08-10
542,2009-05-28,381000.0,1977-05-23,2010-06-17,17.26,1981-08-17
543,2009-05-28,363000.0,1977-05-30,2010-06-17,17.48,1981-08-24
544,2009-05-28,358000.0,1977-06-06,2010-06-17,17.79,1981-08-31
545,2009-05-28,359000.0,1977-06-13,2010-06-17,18.22,1981-09-07
546,2009-05-28,365000.0,1977-06-20,2010-06-17,18.27,1981-09-14
547,2009-05-28,350000.0,1977-06-27,2010-06-17,18.36,1981-09-21
548,2009-05-28,361000.0,1977-07-04,2010-06-17,18.28,1981-09-28
549,2009-05-28,366000.0,1977-07-11,2010-06-17,18.63,1981-10-05
550,2009-05-28,365000.0,1977-07-18,2010-06-17,18.53,1981-10-12
551,2009-05-28,365000.0,1977-07-25,2010-06-17,18.39,1981-10-19
552,2009-05-28,378000.0,1977-08-01,2010-06-17,18.44,1981-10-26
553,2009-05-28,359000.0,1977-08-08,2010-06-17,18.37,1981-11-02
554,2009-05-28,367000.0,1977-08-15,2010-06-17,18.02,1981-11-09
555,2009-05-28,365000.0,1977-08-22,2010-06-17,17.7,1981-11-16
556,2009-05-28,374000.0,1977-08-29,2010-06-17,17.21,1981-11-23
557,2009-05-28,359000.0,1977-09-05,2010-06-17,16.9,1981-11-30
558,2009-05-28,362000.0,1977-09-12,2010-06-17,16.94,1981-12-07
559,2009-05-28,380000.0,1977-09-19,2010-06-17,16.9,1981-12-14
560,2009-05-28,348000.0,1977-09-26,2010-06-17,16.95,1981-12-21
561,2009-05-28,365000.0,1977-10-03,2010-06-17,17.04,1981-12-28
562,2009-05-28,358000.0,1977-10-10,2010-06-17,17.3,1982-01-04
563,2009-05-28,375000.0,1977-10-17,2010-06-17,17.44,1982-01-11
564,2009-05-28,349000.0,1977-10-24,2010-06-17,17.61,1982-01-18
565,2009-05-28,366000.0,1977-10-31,2010-06-17,17.59,1982-01-25
566,2009-05-28,334000.0,1977-11-07,2010-06-17,17.56,1982-02-01
567,2009-05-28,360000.0,1977-11-14,2010-06-17,17.65,1982-02-08
568,2009-05-28,354000.0,1977-11-21,2010-06-17,17.66,1982-02-15
569,2009-05-28,367000.0,1977-11-28,2010-06-17,17.52,1982-02-22
570,2009-05-28,364000.0,1977-12-05,2010-06-17,17.29,1982-03-01
571,2009-05-28,359000.0,1977-12-12,2010-06-17,17.19,1982-03-08
572,2009-05-28,344000.0,1977-12-19,2010-06-17,17.12,1982-03-15
573,2009-05-28,364000.0,1977-12-26,2010-06-17,17.04,1982-03-22
574,2009-05-28,346000.0,1978-01-02,2010-06-17,16.95,1982-03-29
575,2009-05-28,343000.0,1978-01-09,2010-06-17,16.91,1982-04-05
576,2009-05-28,352000.0,1978-01-16,2010-06-17,16.93,1982-04-12
577,2009-05-28,363000.0,1978-01-23,2010-06-17,16.86,1982-04-19
578,2009-05-28,360000.0,1978-01-30,2010-06-17,16.81,1982-04-26
579,2009-05-28,373000.0,1978-02-06,2010-06-17,16.78,1982-05-03
580,2009-05-28,429000.0,1978-02-13,2010-06-17,16.63,1982-05-10
581,2009-05-28,371000.0,1978-02-20,2010-06-17,16.67,1982-05-17
582,2009-05-28,355000.0,1978-02-27,2010-06-17,16.63,1982-05-24
583,2009-05-28,359000.0,1978-03-06,2010-06-17,16.65,1982-05-31
584,2009-05-28,347000.0,1978-03-13,2010-06-17,16.7,1982-06-07
585,2009-05-28,335000.0,1978-03-20,2010-06-17,16.71,1982-06-14
586,2009-05-28,333000.0,1978-03-27,2010-06-17,16.73,1982-06-21
587,2009-05-28,345000.0,1978-04-03,2010-06-17,16.87,1982-06-28
588,2009-05-28,309000.0,1978-04-10,2010-06-17,16.93,1982-07-05
589,2009-05-28,319000.0,1978-04-17,2010-06-17,16.88,1982-07-12
590,2009-05-28,324000.0,1978-04-24,2010-06-17,16.75,1982-07-19
591,2009-05-28,334000.0,1978-05-01,2010-06-17,16.65,1982-07-26
592,2009-05-28,322000.0,1978-05-08,2010-06-17,16.55,1982-08-02
593,2009-05-28,334000.0,1978-05-15,2010-06-17,16.44,1982-08-09
594,2009-05-28,318000.0,1978-05-22,2010-06-17,16.21,1982-08-16
595,2009-05-28,310000.0,1978-05-29,2010-06-17,15.88,1982-08-23
596,2009-05-28,331000.0,1978-06-05,2010-06-17,15.59,1982-08-30
597,2009-05-28,326000.0,1978-06-12,2010-06-17,15.56,1982-09-06
598,2009-05-28,330000.0,1978-06-19,2010-06-17,15.38,1982-09-13
599,2009-05-28,348000.0,1978-06-26,2010-06-17,15.19,1982-09-20
600,2009-05-28,356000.0,1978-07-03,2010-06-17,15.13,1982-09-27
601,2009-05-28,352000.0,1978-07-10,2010-06-17,14.96,1982-10-04
602,2009-05-28,349000.0,1978-07-17,2010-06-17,14.6,1982-10-11
603,2009-05-28,346000.0,1978-07-24,2010-06-17,14.2,1982-10-18
604,2009-05-28,365000.0,1978-07-31,2010-06-17,14.15,1982-10-25
605,2009-05-28,354000.0,1978-08-07,2010-06-17,13.91,1982-11-01
606,2009-05-28,343000.0,1978-08-14,2010-06-17,13.84,1982-11-08
607,2009-05-28,333000.0,1978-08-21,2010-06-17,13.78,1982-11-15
608,2009-05-28,313000.0,1978-08-28,2010-06-17,13.77,1982-11-22
609,2009-05-28,337000.0,1978-09-04,2010-06-17,13.66,1982-11-29
610,2009-05-28,322000.0,1978-09-11,2010-06-17,13.66,1982-12-06
611,2009-05-28,323000.0,1978-09-18,2010-06-17,13.63,1982-12-13
612,2009-05-28,318000.0,1978-09-25,2010-06-17,13.6,1982-12-20
613,2009-05-28,343000.0,1978-10-02,2010-06-17,13.57,1982-12-27
614,2009-05-28,316000.0,1978-10-09,2010-06-17,13.46,1983-01-03
615,2009-05-28,338000.0,1978-10-16,2010-06-17,13.31,1983-01-10
616,2009-05-28,316000.0,1978-10-23,2010-06-17,13.12,1983-01-17
617,2009-05-28,317000.0,1978-10-30,2010-06-17,13.1,1983-01-24
618,2009-05-28,304000.0,1978-11-06,2010-06-17,13.06,1983-01-31
619,2009-05-28,342000.0,1978-11-13,2010-06-17,13.06,1983-02-07
620,2009-05-28,359000.0,1978-11-20,2010-06-17,13.07,1983-02-14
621,2009-05-28,377000.0,1978-11-27,2010-06-17,12.98,1983-02-21
622,2009-05-28,344000.0,1978-12-04,2010-06-17,12.74,1983-02-28
623,2009-05-28,347000.0,1978-12-11,2010-06-17,12.79,1983-03-07
624,2009-05-28,352000.0,1978-12-18,2010-06-17,12.81,1983-03-14
625,2009-05-28,358000.0,1978-12-25,2010-06-17,12.86,1983-03-21
626,2009-05-28,359000.0,1979-01-01,2010-06-17,12.82,1983-03-28
627,2009-05-28,392000.0,1979-01-08,2010-06-17,12.82,1983-04-04
628,2009-05-28,337000.0,1979-01-15,2010-06-17,12.79,1983-04-11
629,2009-05-28,342000.0,1979-01-22,2010-06-17,12.75,1983-04-18
630,2009-05-28,348000.0,1979-01-29,2010-06-17,12.73,1983-04-25
631,2009-05-28,359000.0,1979-02-05,2010-06-17,12.71,1983-05-02
632,2009-05-28,367000.0,1979-02-12,2010-06-17,12.59,1983-05-09
633,2009-05-28,360000.0,1979-02-19,2010-06-17,12.55,1983-05-16
634,2009-05-28,355000.0,1979-02-26,2010-06-17,12.68,1983-05-23
635,2009-05-28,363000.0,1979-03-05,2010-06-17,12.74,1983-05-30
636,2009-05-28,359000.0,1979-03-12,2010-06-17,12.82,1983-06-06
637,2009-05-28,353000.0,1979-03-19,2010-06-17,12.96,1983-06-13
638,2009-05-28,360000.0,1979-03-26,2010-06-17,12.96,1983-06-20
639,2009-05-28,465000.0,1979-04-02,2010-06-17,13.08,1983-06-27
640,2009-05-28,457000.0,1979-04-09,2010-06-17,13.3,1983-07-04
641,2009-05-28,383000.0,1979-04-16,2010-06-17,13.5,1983-07-11
642,2009-05-28,357000.0,1979-04-23,2010-06-17,13.58,1983-07-18
643,2009-05-28,353000.0,1979-04-30,2010-06-17,13.65,1983-07-25
644,2009-05-28,344000.0,1979-05-07,2010-06-17,13.73,1983-08-01
645,2009-05-28,346000.0,1979-05-14,2010-06-17,13.84,1983-08-08
646,2009-05-28,349000.0,1979-05-21,2010-06-17,13.89,1983-08-15
647,2009-05-28,336000.0,1979-05-28,2010-06-17,13.78,1983-08-22
648,2009-05-28,365000.0,1979-06-04,2010-06-17,13.77,1983-08-29
649,2009-05-28,351000.0,1979-06-11,2010-06-17,13.77,1983-09-05
650,2009-05-28,379000.0,1979-06-18,2010-06-17,13.72,1983-09-12
651,2009-05-28,369000.0,1979-06-25,2010-06-17,13.72,1983-09-19
652,2009-05-28,368000.0,1979-07-02,2010-06-17,13.65,1983-09-26
653,2009-05-28,368000.0,1979-07-09,2010-06-17,13.59,1983-10-03
654,2009-05-28,395000.0,1979-07-16,2010-06-17,13.6,1983-10-10
655,2009-05-28,386000.0,1979-07-23,2010-06-17,13.52,1983-10-17
656,2009-05-28,412000.0,1979-07-30,2010-06-17,13.43,1983-10-24
657,2009-05-28,386000.0,1979-08-06,2010-06-17,13.42,1983-10-31
658,2009-05-28,387000.0,1979-08-13,2010-06-17,13.47,1983-11-07
659,2009-05-28,390000.0,1979-08-20,2010-06-17,13.42,1983-11-14
660,2009-05-28,389000.0,1979-08-27,2010-06-17,13.43,1983-11-21
661,2009-05-28,378000.0,1979-09-03,2010-06-17,13.41,1983-11-28
662,2009-05-28,384000.0,1979-09-10,2010-06-17,13.38,1983-12-05
663,2009-05-28,388000.0,1979-09-17,2010-06-17,13.42,1983-12-12
664,2009-05-28,390000.0,1979-09-24,2010-06-17,13.46,1983-12-19
665,2009-05-28,412000.0,1979-10-01,2010-06-17,13.43,1983-12-26
666,2009-05-28,393000.0,1979-10-08,2010-06-17,13.43,1984-01-02
667,2009-05-28,406000.0,1979-10-15,2010-06-17,13.4,1984-01-09
668,2009-05-28,398000.0,1979-10-22,2010-06-17,13.35,1984-01-16
669,2009-05-28,395000.0,1979-10-29,2010-06-17,13.29,1984-01-23
670,2009-05-28,414000.0,1979-11-05,2010-06-17,13.26,1984-01-30
671,2009-05-28,430000.0,1979-11-12,2010-06-17,13.23,1984-02-06
672,2009-05-28,414000.0,1979-11-19,2010-06-17,13.19,1984-02-13
673,2009-05-28,416000.0,1979-11-26,2010-06-17,13.25,1984-02-20
674,2009-05-28,415000.0,1979-12-03,2010-06-17,13.23,1984-02-27
675,2009-05-28,411000.0,1979-12-10,2010-06-17,13.3,1984-03-05
676,2009-05-28,471000.0,1979-12-17,2010-06-17,13.37,1984-03-12
677,2009-05-28,428000.0,1979-12-24,2010-06-17,13.48,1984-03-19
678,2009-05-28,394000.0,1979-12-31,2010-06-17,13.55,1984-03-26
679,2009-05-28,405000.0,1980-01-07,2010-06-17,13.63,1984-04-02
680,2009-05-28,446000.0,1980-01-14,2010-06-17,13.58,1984-04-09
681,2009-05-28,412000.0,1980-01-21,2010-06-17,13.67,1984-04-16
682,2009-05-28,404000.0,1980-01-28,2010-06-17,13.73,1984-04-23
683,2009-05-28,425000.0,1980-02-04,2010-06-17,13.78,1984-04-30
684,2009-05-28,415000.0,1980-02-11,2010-06-17,13.87,1984-05-07
685,2009-05-28,428000.0,1980-02-18,2010-06-17,14.04,1984-05-14
686,2009-05-28,409000.0,1980-02-25,2010-06-17,14.08,1984-05-21
687,2009-05-28,418000.0,1980-03-03,2010-06-17,14.29,1984-05-28
688,2009-05-28,432000.0,1980-03-10,2010-06-17,14.33,1984-06-04
689,2009-05-28,435000.0,1980-03-17,2010-06-17,14.47,1984-06-11
690,2009-05-28,475000.0,1980-03-24,2010-06-17,14.49,1984-06-18
691,2009-05-28,464000.0,1980-03-31,2010-06-17,14.5,1984-06-25
692,2009-05-28,544000.0,1980-04-07,2010-06-17,14.66,1984-07-02
693,2009-05-28,548000.0,1980-04-14,2010-06-17,14.68,1984-07-09
694,2009-05-28,563000.0,1980-04-21,2010-06-17,14.66,1984-07-16
695,2009-05-28,572000.0,1980-04-28,2010-06-17,14.67,1984-07-23
696,2009-05-28,601000.0,1980-05-05,2010-06-17,14.68,1984-07-30
697,2009-05-28,642000.0,1980-05-12,2010-06-17,14.54,1984-08-06
698,2009-05-28,627000.0,1980-05-19,2010-06-17,14.39,1984-08-13
699,2009-05-28,637000.0,1980-05-26,2010-06-17,14.36,1984-08-20
700,2009-05-28,610000.0,1980-06-02,2010-06-17,14.38,1984-08-27
701,2009-05-28,592000.0,1980-06-09,2010-06-17,14.42,1984-09-03
702,2009-05-28,599000.0,1980-06-16,2010-06-17,14.43,1984-09-10
703,2009-05-28,627000.0,1980-06-23,2010-06-17,14.29,1984-09-17
704,2009-05-28,579000.0,1980-06-30,2010-06-17,14.26,1984-09-24
705,2009-05-28,533000.0,1980-07-07,2010-06-17,14.18,1984-10-01
706,2009-05-28,567000.0,1980-07-14,2010-06-17,14.19,1984-10-08
707,2009-05-28,558000.0,1980-07-21,2010-06-17,14.1,1984-10-15
708,2009-05-28,569000.0,1980-07-28,2010-06-17,14.05,1984-10-22
709,2009-05-28,533000.0,1980-08-04,2010-06-17,13.85,1984-10-29
710,2009-05-28,525000.0,1980-08-11,2010-06-17,13.74,1984-11-05
711,2009-05-28,512000.0,1980-08-18,2010-06-17,13.63,1984-11-12
712,2009-05-28,502000.0,1980-08-25,2010-06-17,13.55,1984-11-19
713,2009-05-28,511000.0,1980-09-01,2010-06-17,13.42,1984-11-26
714,2009-05-28,492000.0,1980-09-08,2010-06-17,13.2,1984-12-03
715,2009-05-28,465000.0,1980-09-15,2010-06-17,13.2,1984-12-10
716,2009-05-28,463000.0,1980-09-22,2010-06-17,13.18,1984-12-17
717,2009-05-28,462000.0,1980-09-29,2010-06-17,13.14,1984-12-24
718,2009-05-28,447000.0,1980-10-06,2010-06-17,13.1,1984-12-31
719,2009-05-28,425000.0,1980-10-13,2010-06-17,13.12,1985-01-07
720,2009-05-28,418000.0,1980-10-20,2010-06-17,13.12,1985-01-14
721,2009-05-28,419000.0,1980-10-27,2010-06-17,12.96,1985-01-21
722,2009-05-28,407000.0,1980-11-03,2010-06-17,12.93,1985-01-28
723,2009-05-28,427000.0,1980-11-10,2010-06-17,12.91,1985-02-04
724,2009-05-28,398000.0,1980-11-17,2010-06-17,12.9,1985-02-11
725,2009-05-28,412000.0,1980-11-24,2010-06-17,12.94,1985-02-18
726,2009-05-28,416000.0,1980-12-01,2010-06-17,13.02,1985-02-25
727,2009-05-28,413000.0,1980-12-08,2010-06-17,13.1,1985-03-04
728,2009-05-28,412000.0,1980-12-15,2010-06-17,13.2,1985-03-11
729,2009-05-28,399000.0,1980-12-22,2010-06-17,13.24,1985-03-18
730,2009-05-28,410000.0,1980-12-29,2010-06-17,13.29,1985-03-25
731,2009-05-28,419000.0,1981-01-05,2010-06-17,13.27,1985-04-01
732,2009-05-28,421000.0,1981-01-12,2010-06-17,13.23,1985-04-08
733,2009-05-28,396000.0,1981-01-19,2010-06-17,13.16,1985-04-15
734,2009-05-28,419000.0,1981-01-26,2010-06-17,13.12,1985-04-22
735,2009-05-28,420000.0,1981-02-02,2010-06-17,13.07,1985-04-29
736,2009-05-28,423000.0,1981-02-09,2010-06-17,13.02,1985-05-06
737,2009-05-28,438000.0,1981-02-16,2010-06-17,12.94,1985-05-13
738,2009-05-28,434000.0,1981-02-23,2010-06-17,12.83,1985-05-20
739,2009-05-28,409000.0,1981-03-02,2010-06-17,12.71,1985-05-27
740,2009-05-28,408000.0,1981-03-09,2010-06-17,12.39,1985-06-03
741,2009-05-28,401000.0,1981-03-16,2010-06-17,12.27,1985-06-10
742,2009-05-28,412000.0,1981-03-23,2010-06-17,12.05,1985-06-17
743,2009-05-28,417000.0,1981-03-30,2010-06-17,12.15,1985-06-24
744,2009-05-28,396000.0,1981-04-06,2010-06-17,12.13,1985-07-01
745,2009-05-28,392000.0,1981-04-13,2010-06-17,12.03,1985-07-08
746,2009-05-28,436000.0,1981-04-20,2010-06-17,11.94,1985-07-15
747,2009-05-28,413000.0,1981-04-27,2010-06-17,12.03,1985-07-22
748,2009-05-28,423000.0,1981-05-04,2010-06-17,12.17,1985-07-29
749,2009-05-28,414000.0,1981-05-11,2010-06-17,12.23,1985-08-05
750,2009-05-28,415000.0,1981-05-18,2010-06-17,12.24,1985-08-12
751,2009-05-28,417000.0,1981-05-25,2010-06-17,12.18,1985-08-19
752,2009-05-28,428000.0,1981-06-01,2010-06-17,12.11,1985-08-26
753,2009-05-28,425000.0,1981-06-08,2010-06-17,12.15,1985-09-02
754,2009-05-28,435000.0,1981-06-15,2010-06-17,12.24,1985-09-09
755,2009-05-28,444000.0,1981-06-22,2010-06-17,12.21,1985-09-16
756,2009-05-28,460000.0,1981-06-29,2010-06-17,12.17,1985-09-23
757,2009-05-28,426000.0,1981-07-06,2010-06-17,12.17,1985-09-30
758,2009-05-28,430000.0,1981-07-13,2010-06-17,12.17,1985-10-07
759,2009-05-28,407000.0,1981-07-20,2010-06-17,12.13,1985-10-14
760,2009-05-28,476000.0,1981-07-27,2010-06-17,12.07,1985-10-21
761,2009-05-28,448000.0,1981-08-03,2010-06-17,12.01,1985-10-28
762,2009-05-28,442000.0,1981-08-10,2010-06-17,11.9,1985-11-04
763,2009-05-28,434000.0,1981-08-17,2010-06-17,11.79,1985-11-11
764,2009-05-28,451000.0,1981-08-24,2010-06-17,11.64,1985-11-18
765,2009-05-28,473000.0,1981-08-31,2010-06-17,11.58,1985-11-25
766,2009-05-28,454000.0,1981-09-07,2010-06-17,11.5,1985-12-02
767,2009-05-28,475000.0,1981-09-14,2010-06-17,11.31,1985-12-09
768,2009-05-28,491000.0,1981-09-21,2010-06-17,11.14,1985-12-16
769,2009-05-28,489000.0,1981-09-28,2010-06-17,11.09,1985-12-23
770,2009-05-28,491000.0,1981-10-05,2010-06-17,10.81,1985-12-30
771,2009-05-28,487000.0,1981-10-12,2010-06-17,10.77,1986-01-06
772,2009-05-28,483000.0,1981-10-19,2010-06-17,10.99,1986-01-13
773,2009-05-28,514000.0,1981-10-26,2010-06-17,10.97,1986-01-20
774,2009-05-28,514000.0,1981-11-02,2010-06-17,10.89,1986-01-27
775,2009-05-28,517000.0,1981-11-09,2010-06-17,10.85,1986-02-03
776,2009-05-28,464000.0,1981-11-16,2010-06-17,10.8,1986-02-10
777,2009-05-28,552000.0,1981-11-23,2010-06-17,10.68,1986-02-17
778,2009-05-28,558000.0,1981-11-30,2010-06-17,10.51,1986-02-24
779,2009-05-28,551000.0,1981-12-07,2010-06-17,10.2,1986-03-03
780,2009-05-28,539000.0,1981-12-14,2010-06-17,10.01,1986-03-10
781,2009-05-28,556000.0,1981-12-21,2010-06-17,10.01,1986-03-17
782,2009-05-28,495000.0,1981-12-28,2010-06-17,10.1,1986-03-24
783,2009-05-28,545000.0,1982-01-04,2010-06-17,9.99,1986-03-31
784,2009-05-28,489000.0,1982-01-11,2010-06-17,9.98,1986-04-07
785,2009-05-28,564000.0,1982-01-18,2010-06-17,9.92,1986-04-14
786,2009-05-28,583000.0,1982-01-25,2010-06-17,9.86,1986-04-21
787,2009-05-28,556000.0,1982-02-01,2010-06-17,9.9,1986-04-28
788,2009-05-28,507000.0,1982-02-08,2010-06-17,10.0,1986-05-05
789,2009-05-28,544000.0,1982-02-15,2010-06-17,10.08,1986-05-12
790,2009-05-28,528000.0,1982-02-22,2010-06-17,10.36,1986-05-19
791,2009-05-28,556000.0,1982-03-01,2010-06-17,10.38,1986-05-26
792,2009-05-28,539000.0,1982-03-08,2010-06-17,10.74,1986-06-02
793,2009-05-28,557000.0,1982-03-15,2010-06-17,10.76,1986-06-09
794,2009-05-28,574000.0,1982-03-22,2010-06-17,10.61,1986-06-16
795,2009-05-28,578000.0,1982-03-29,2010-06-17,10.62,1986-06-23
796,2009-05-28,585000.0,1982-04-05,2010-06-17,10.61,1986-06-30
797,2009-05-28,597000.0,1982-04-12,2010-06-17,10.59,1986-07-07
798,2009-05-28,588000.0,1982-04-19,2010-06-17,10.43,1986-07-14
799,2009-05-28,576000.0,1982-04-26,2010-06-17,10.4,1986-07-21
800,2009-05-28,584000.0,1982-05-03,2010-06-17,10.4,1986-07-28
801,2009-05-28,585000.0,1982-05-10,2010-06-17,10.4,1986-08-04
802,2009-05-28,586000.0,1982-05-17,2010-06-17,10.23,1986-08-11
803,2009-05-28,588000.0,1982-05-24,2010-06-17,10.04,1986-08-18
804,2009-05-28,611000.0,1982-05-31,2010-06-17,9.93,1986-08-25
805,2009-05-28,614000.0,1982-06-07,2010-06-17,9.9,1986-09-01
806,2009-05-28,591000.0,1982-06-14,2010-06-17,9.96,1986-09-08
807,2009-05-28,582000.0,1982-06-21,2010-06-17,10.07,1986-09-15
808,2009-05-28,600000.0,1982-06-28,2010-06-17,10.1,1986-09-22
809,2009-05-28,572000.0,1982-07-05,2010-06-17,10.08,1986-09-29
810,2009-05-28,567000.0,1982-07-12,2010-06-17,9.99,1986-10-06
811,2009-05-28,536000.0,1982-07-19,2010-06-17,9.96,1986-10-13
812,2009-05-28,605000.0,1982-07-26,2010-06-17,9.95,1986-10-20
813,2009-05-28,606000.0,1982-08-02,2010-06-17,9.89,1986-10-27
814,2009-05-28,637000.0,1982-08-09,2010-06-17,9.83,1986-11-03
815,2009-05-28,628000.0,1982-08-16,2010-06-17,9.81,1986-11-10
816,2009-05-28,647000.0,1982-08-23,2010-06-17,9.64,1986-11-17
817,2009-05-28,651000.0,1982-08-30,2010-06-17,9.5,1986-11-24
818,2009-05-28,641000.0,1982-09-06,2010-06-17,9.3,1986-12-01
819,2009-05-28,680000.0,1982-09-13,2010-06-17,9.35,1986-12-08
820,2009-05-28,671000.0,1982-09-20,2010-06-17,9.3,1986-12-15
821,2009-05-28,695000.0,1982-09-27,2010-06-17,9.29,1986-12-22
822,2009-05-28,651000.0,1982-10-04,2010-06-17,9.37,1986-12-29
823,2009-05-28,656000.0,1982-10-11,2010-06-17,9.32,1987-01-05
824,2009-05-28,623000.0,1982-10-18,2010-06-17,9.21,1987-01-12
825,2009-05-28,637000.0,1982-10-25,2010-06-17,9.04,1987-01-19
826,2009-05-28,589000.0,1982-11-01,2010-06-17,9.08,1987-01-26
827,2009-05-28,599000.0,1982-11-08,2010-06-17,9.06,1987-02-02
828,2009-05-28,577000.0,1982-11-15,2010-06-17,9.09,1987-02-09
829,2009-05-28,612000.0,1982-11-22,2010-06-17,9.11,1987-02-16
830,2009-05-28,557000.0,1982-11-29,2010-06-17,9.07,1987-02-23
831,2009-05-28,533000.0,1982-12-06,2010-06-17,9.03,1987-03-02
832,2009-05-28,516000.0,1982-12-13,2010-06-17,9.05,1987-03-09
833,2009-05-28,489000.0,1982-12-20,2010-06-17,9.03,1987-03-16
834,2009-05-28,534000.0,1982-12-27,2010-06-17,9.03,1987-03-23
835,2009-05-28,510000.0,1983-01-03,2010-06-17,9.26,1987-03-30
836,2009-05-28,479000.0,1983-01-10,2010-06-17,9.43,1987-04-06
837,2009-05-28,479000.0,1983-01-17,2010-06-17,10.27,1987-04-13
838,2009-05-28,503000.0,1983-01-24,2010-06-17,10.37,1987-04-20
839,2009-05-28,501000.0,1983-01-31,2010-06-17,10.47,1987-04-27
840,2009-05-28,486000.0,1983-02-07,2010-06-17,10.52,1987-05-04
841,2009-05-28,487000.0,1983-02-14,2010-06-17,10.48,1987-05-11
842,2009-05-28,481000.0,1983-02-21,2010-06-17,10.81,1987-05-18
843,2009-05-28,495000.0,1983-02-28,2010-06-17,10.7,1987-05-25
844,2009-05-28,475000.0,1983-03-07,2010-06-17,10.7,1987-06-01
845,2009-05-28,470000.0,1983-03-14,2010-06-17,10.66,1987-06-08
846,2009-05-28,481000.0,1983-03-21,2010-06-17,10.44,1987-06-15
847,2009-05-28,491000.0,1983-03-28,2010-06-17,10.35,1987-06-22
848,2009-05-28,496000.0,1983-04-04,2010-06-17,10.36,1987-06-29
849,2009-05-28,515000.0,1983-04-11,2010-06-17,10.3,1987-07-06
850,2009-05-28,488000.0,1983-04-18,2010-06-17,10.23,1987-07-13
851,2009-05-28,490000.0,1983-04-25,2010-06-17,10.23,1987-07-20
852,2009-05-28,494000.0,1983-05-02,2010-06-17,10.27,1987-07-27
853,2009-05-28,464000.0,1983-05-09,2010-06-17,10.35,1987-08-03
854,2009-05-28,460000.0,1983-05-16,2010-06-17,10.34,1987-08-10
855,2009-05-28,454000.0,1983-05-23,2010-06-17,10.3,1987-08-17
856,2009-05-28,459000.0,1983-05-30,2010-06-17,10.33,1987-08-24
857,2009-05-28,442000.0,1983-06-06,2010-06-17,10.63,1987-08-31
858,2009-05-28,434000.0,1983-06-13,2010-06-17,10.91,1987-09-07
859,2009-05-28,442000.0,1983-06-20,2010-06-17,10.99,1987-09-14
860,2009-05-28,422000.0,1983-06-27,2010-06-17,11.02,1987-09-21
861,2009-05-28,412000.0,1983-07-04,2010-06-17,11.18,1987-09-28
862,2009-05-28,396000.0,1983-07-11,2010-06-17,11.21,1987-10-05
863,2009-05-28,395000.0,1983-07-18,2010-06-17,11.58,1987-10-12
864,2009-05-28,415000.0,1983-07-25,2010-06-17,11.36,1987-10-19
865,2009-05-28,415000.0,1983-08-01,2010-06-17,10.97,1987-10-26
866,2009-05-28,457000.0,1983-08-08,2010-06-17,10.79,1987-11-02
867,2009-05-28,445000.0,1983-08-15,2010-06-17,10.66,1987-11-09
868,2009-05-28,426000.0,1983-08-22,2010-06-17,10.6,1987-11-16
869,2009-05-28,411000.0,1983-08-29,2010-06-17,10.55,1987-11-23
870,2009-05-28,403000.0,1983-09-05,2010-06-17,10.6,1987-11-30
871,2009-05-28,405000.0,1983-09-12,2010-06-17,10.66,1987-12-07
872,2009-05-28,416000.0,1983-09-19,2010-06-17,10.69,1987-12-14
873,2009-05-28,413000.0,1983-09-26,2010-06-17,10.64,1987-12-21
874,2009-05-28,406000.0,1983-10-03,2010-06-17,10.61,1987-12-28
875,2009-05-28,394000.0,1983-10-10,2010-06-17,10.5,1988-01-04
876,2009-05-28,394000.0,1983-10-17,2010-06-17,10.53,1988-01-11
877,2009-05-28,404000.0,1983-10-24,2010-06-17,10.34,1988-01-18
878,2009-05-28,395000.0,1983-10-31,2010-06-17,10.16,1988-01-25
879,2009-05-28,390000.0,1983-11-07,2010-06-17,9.94,1988-02-01
880,2009-05-28,387000.0,1983-11-14,2010-06-17,9.84,1988-02-08
881,2009-05-28,398000.0,1983-11-21,2010-06-17,9.92,1988-02-15
882,2009-05-28,365000.0,1983-11-28,2010-06-17,9.87,1988-02-22
883,2009-05-28,368000.0,1983-12-05,2010-06-17,9.85,1988-02-29
884,2009-05-28,362000.0,1983-12-12,2010-06-17,9.96,1988-03-07
885,2009-05-28,377000.0,1983-12-19,2010-06-17,9.92,1988-03-14
886,2009-05-28,372000.0,1983-12-26,2010-06-17,9.99,1988-03-21
887,2009-05-28,356000.0,1984-01-02,2010-06-17,10.05,1988-03-28
888,2009-05-28,351000.0,1984-01-09,2010-06-17,10.19,1988-04-04
889,2009-05-28,333000.0,1984-01-16,2010-06-17,10.19,1988-04-11
890,2009-05-28,364000.0,1984-01-23,2010-06-17,10.3,1988-04-18
891,2009-05-28,342000.0,1984-01-30,2010-06-17,10.28,1988-04-25
892,2009-05-28,338000.0,1984-02-06,2010-06-17,10.32,1988-05-02
893,2009-05-28,334000.0,1984-02-13,2010-06-17,10.4,1988-05-09
894,2009-05-28,343000.0,1984-02-20,2010-06-17,10.52,1988-05-16
895,2009-05-28,347000.0,1984-02-27,2010-06-17,10.58,1988-05-23
896,2009-05-28,346000.0,1984-03-05,2010-06-17,10.58,1988-05-30
897,2009-05-28,349000.0,1984-03-12,2010-06-17,10.51,1988-06-06
898,2009-05-28,346000.0,1984-03-19,2010-06-17,10.35,1988-06-13
899,2009-05-28,341000.0,1984-03-26,2010-06-17,10.4,1988-06-20
900,2009-05-28,381000.0,1984-04-02,2010-06-17,10.39,1988-06-27
901,2009-05-28,357000.0,1984-04-09,2010-06-17,10.38,1988-07-04
902,2009-05-28,364000.0,1984-04-16,2010-06-17,10.44,1988-07-11
903,2009-05-28,375000.0,1984-04-23,2010-06-17,10.46,1988-07-18
904,2009-05-28,365000.0,1984-04-30,2010-06-17,10.49,1988-07-25
905,2009-05-28,368000.0,1984-05-07,2010-06-17,10.44,1988-08-01
906,2009-05-28,354000.0,1984-05-14,2010-06-17,10.57,1988-08-08
907,2009-05-28,354000.0,1984-05-21,2010-06-17,10.71,1988-08-15
908,2009-05-28,355000.0,1984-05-28,2010-06-17,10.67,1988-08-22
909,2009-05-28,369000.0,1984-06-04,2010-06-17,10.65,1988-08-29
910,2009-05-28,361000.0,1984-06-11,2010-06-17,10.53,1988-09-05
911,2009-05-28,362000.0,1984-06-18,2010-06-17,10.4,1988-09-12
912,2009-05-28,360000.0,1984-06-25,2010-06-17,10.4,1988-09-19
913,2009-05-28,366000.0,1984-07-02,2010-06-17,10.42,1988-09-26
914,2009-05-28,360000.0,1984-07-09,2010-06-17,10.38,1988-10-03
915,2009-05-28,357000.0,1984-07-16,2010-06-17,10.33,1988-10-10
916,2009-05-28,359000.0,1984-07-23,2010-06-17,10.28,1988-10-17
917,2009-05-28,382000.0,1984-07-30,2010-06-17,10.22,1988-10-24
918,2009-05-28,380000.0,1984-08-06,2010-06-17,10.12,1988-10-31
919,2009-05-28,401000.0,1984-08-13,2010-06-17,10.24,1988-11-07
920,2009-05-28,395000.0,1984-08-20,2010-06-17,10.31,1988-11-14
921,2009-05-28,385000.0,1984-08-27,2010-06-17,10.39,1988-11-21
922,2009-05-28,402000.0,1984-09-03,2010-06-17,10.44,1988-11-28
923,2009-05-28,393000.0,1984-09-10,2010-06-17,10.46,1988-12-05
924,2009-05-28,395000.0,1984-09-17,2010-06-17,10.71,1988-12-12
925,2009-05-28,402000.0,1984-09-24,2010-06-17,10.68,1988-12-19
926,2009-05-28,403000.0,1984-10-01,2010-06-17,10.77,1988-12-26
927,2009-05-28,410000.0,1984-10-08,2010-06-17,10.8,1989-01-02
928,2009-05-28,439000.0,1984-10-15,2010-06-17,10.81,1989-01-09
929,2009-05-28,425000.0,1984-10-22,2010-06-17,10.71,1989-01-16
930,2009-05-28,423000.0,1984-10-29,2010-06-17,10.6,1989-01-23
931,2009-05-28,393000.0,1984-11-05,2010-06-17,10.55,1989-01-30
932,2009-05-28,383000.0,1984-11-12,2010-06-17,10.56,1989-02-06
933,2009-05-28,429000.0,1984-11-19,2010-06-17,10.69,1989-02-13
934,2009-05-28,401000.0,1984-11-26,2010-06-17,10.78,1989-02-20
935,2009-05-28,383000.0,1984-12-03,2010-06-17,10.91,1989-02-27
936,2009-05-28,386000.0,1984-12-10,2010-06-17,10.86,1989-03-06
937,2009-05-28,379000.0,1984-12-17,2010-06-17,10.98,1989-03-13
938,2009-05-28,379000.0,1984-12-24,2010-06-17,11.22,1989-03-20
939,2009-05-28,369000.0,1984-12-31,2010-06-17,11.19,1989-03-27
940,2009-05-28,387000.0,1985-01-07,2010-06-17,11.07,1989-04-03
941,2009-05-28,359000.0,1985-01-14,2010-06-17,11.11,1989-04-10
942,2009-05-28,368000.0,1985-01-21,2010-06-17,10.99,1989-04-17
943,2009-05-28,386000.0,1985-01-28,2010-06-17,11.03,1989-04-24
944,2009-05-28,401000.0,1985-02-04,2010-06-17,10.97,1989-05-01
945,2009-05-28,390000.0,1985-02-11,2010-06-17,10.93,1989-05-08
946,2009-05-28,390000.0,1985-02-18,2010-06-17,10.69,1989-05-15
947,2009-05-28,374000.0,1985-02-25,2010-06-17,10.5,1989-05-22
948,2009-05-28,385000.0,1985-03-04,2010-06-17,10.48,1989-05-29
949,2009-05-28,386000.0,1985-03-11,2010-06-17,10.2,1989-06-05
950,2009-05-28,373000.0,1985-03-18,2010-06-17,10.04,1989-06-12
951,2009-05-28,386000.0,1985-03-25,2010-06-17,10.19,1989-06-19
952,2009-05-28,405000.0,1985-04-01,2010-06-17,10.07,1989-06-26
953,2009-05-28,411000.0,1985-04-08,2010-06-17,10.03,1989-07-03
954,2009-05-28,391000.0,1985-04-15,2010-06-17,9.82,1989-07-10
955,2009-05-28,386000.0,1985-04-22,2010-06-17,9.87,1989-07-17
956,2009-05-28,390000.0,1985-04-29,2010-06-17,9.81,1989-07-24
957,2009-05-28,394000.0,1985-05-06,2010-06-17,9.68,1989-07-31
958,2009-05-28,391000.0,1985-05-13,2010-06-17,9.96,1989-08-07
959,2009-05-28,396000.0,1985-05-20,2010-06-17,10.09,1989-08-14
960,2009-05-28,393000.0,1985-05-27,2010-06-17,10.21,1989-08-21
961,2009-05-28,403000.0,1985-06-03,2010-06-17,10.22,1989-08-28
962,2009-05-28,390000.0,1985-06-10,2010-06-17,10.17,1989-09-04
963,2009-05-28,386000.0,1985-06-17,2010-06-17,10.05,1989-09-11
964,2009-05-28,390000.0,1985-06-24,2010-06-17,10.03,1989-09-18
965,2009-05-28,395000.0,1985-07-01,2010-06-17,10.16,1989-09-25
966,2009-05-28,386000.0,1985-07-08,2010-06-17,10.1,1989-10-02
967,2009-05-28,370000.0,1985-07-15,2010-06-17,9.95,1989-10-09
968,2009-05-28,362000.0,1985-07-22,2010-06-17,9.92,1989-10-16
969,2009-05-28,407000.0,1985-07-29,2010-06-17,9.82,1989-10-23
970,2009-05-28,402000.0,1985-08-05,2010-06-17,9.82,1989-10-30
971,2009-05-28,399000.0,1985-08-12,2010-06-17,9.79,1989-11-06
972,2009-05-28,405000.0,1985-08-19,2010-06-17,9.72,1989-11-13
973,2009-05-28,409000.0,1985-08-26,2010-06-17,9.74,1989-11-20
974,2009-05-28,426000.0,1985-09-02,2010-06-17,9.74,1989-11-27
975,2009-05-28,408000.0,1985-09-09,2010-06-17,9.76,1989-12-04
976,2009-05-28,401000.0,1985-09-16,2010-06-17,9.75,1989-12-11
977,2009-05-28,399000.0,1985-09-23,2010-06-17,9.69,1989-12-18
978,2009-05-28,405000.0,1985-09-30,2010-06-17,9.78,1989-12-25
979,2009-05-28,400000.0,1985-10-07,2010-06-17,9.83,1990-01-01
980,2009-05-28,400000.0,1985-10-14,2010-06-17,9.8,1990-01-08
981,2009-05-28,418000.0,1985-10-21,2010-06-17,9.9,1990-01-15
982,2009-05-28,398000.0,1985-10-28,2010-06-17,10.05,1990-01-22
983,2009-05-28,397000.0,1985-11-04,2010-06-17,10.17,1990-01-29
984,2009-05-28,397000.0,1985-11-11,2010-06-17,10.21,1990-02-05
985,2009-05-28,382000.0,1985-11-18,2010-06-17,10.1,1990-02-12
986,2009-05-28,393000.0,1985-11-25,2010-06-17,10.31,1990-02-19
987,2009-05-28,399000.0,1985-12-02,2010-06-17,10.23,1990-02-26
988,2009-05-28,382000.0,1985-12-09,2010-06-17,10.29,1990-03-05
989,2009-05-28,370000.0,1985-12-16,2010-06-17,10.34,1990-03-12
990,2009-05-28,390000.0,1985-12-23,2010-06-17,10.26,1990-03-19
991,2009-05-28,362000.0,1985-12-30,2010-06-17,10.22,1990-03-26
992,2009-05-28,397000.0,1986-01-06,2010-06-17,10.26,1990-04-02
993,2009-05-28,364000.0,1986-01-13,2010-06-17,10.25,1990-04-09
994,2009-05-28,344000.0,1986-01-20,2010-06-17,10.41,1990-04-16
995,2009-05-28,364000.0,1986-01-27,2010-06-17,10.56,1990-04-23
996,2009-05-28,366000.0,1986-02-03,2010-06-17,10.67,1990-04-30
997,2009-05-28,358000.0,1986-02-10,2010-06-17,10.54,1990-05-07
998,2009-05-28,390000.0,1986-02-17,2010-06-17,10.37,1990-05-14
999,2009-05-28,375000.0,1986-02-24,2010-06-17,10.33,1990-05-21
1000,2009-05-28,366000.0,1986-03-03,2010-06-17,10.29,1990-05-28
1001,2009-05-28,382000.0,1986-03-10,2010-06-17,10.1,1990-06-04
1002,2009-05-28,387000.0,1986-03-17,2010-06-17,10.12,1990-06-11
1003,2009-05-28,396000.0,1986-03-24,2010-06-17,10.16,1990-06-18
1004,2009-05-28,381000.0,1986-03-31,2010-06-17,10.15,1990-06-25
1005,2009-05-28,388000.0,1986-04-07,2010-06-17,10.06,1990-07-02
1006,2009-05-28,383000.0,1986-04-14,2010-06-17,10.11,1990-07-09
1007,2009-05-28,391000.0,1986-04-21,2010-06-17,9.99,1990-07-16
1008,2009-05-28,392000.0,1986-04-28,2010-06-17,9.98,1990-07-23
1009,2009-05-28,395000.0,1986-05-05,2010-06-17,9.84,1990-07-30
1010,2009-05-28,384000.0,1986-05-12,2010-06-17,10.08,1990-08-06
1011,2009-05-28,386000.0,1986-05-19,2010-06-17,10.05,1990-08-13
1012,2009-05-28,373000.0,1986-05-26,2010-06-17,10.29,1990-08-20
1013,2009-05-28,375000.0,1986-06-02,2010-06-17,10.24,1990-08-27
1014,2009-05-28,369000.0,1986-06-09,2010-06-17,10.19,1990-09-03
1015,2009-05-28,367000.0,1986-06-16,2010-06-17,10.13,1990-09-10
1016,2009-05-28,371000.0,1986-06-23,2010-06-17,10.16,1990-09-17
1017,2009-05-28,371000.0,1986-06-30,2010-06-17,10.22,1990-09-24
1018,2009-05-28,361000.0,1986-07-07,2010-06-17,10.08,1990-10-01
1019,2009-05-28,354000.0,1986-07-14,2010-06-17,10.22,1990-10-08
1020,2009-05-28,362000.0,1986-07-21,2010-06-17,10.24,1990-10-15
1021,2009-05-28,416000.0,1986-07-28,2010-06-17,10.17,1990-10-22
1022,2009-05-28,416000.0,1986-08-04,2010-06-17,10.13,1990-10-29
1023,2009-05-28,407000.0,1986-08-11,2010-06-17,10.09,1990-11-05
1024,2009-05-28,397000.0,1986-08-18,2010-06-17,10.02,1990-11-12
1025,2009-05-28,401000.0,1986-08-25,2010-06-17,9.93,1990-11-19
1026,2009-05-28,400000.0,1986-09-01,2010-06-17,9.9,1990-11-26
1027,2009-05-28,394000.0,1986-09-08,2010-06-17,9.81,1990-12-03
1028,2009-05-28,399000.0,1986-09-15,2010-06-17,9.56,1990-12-10
1029,2009-05-28,389000.0,1986-09-22,2010-06-17,9.64,1990-12-17
1030,2009-05-28,391000.0,1986-09-29,2010-06-17,9.68,1990-12-24
1031,2009-05-28,387000.0,1986-10-06,2010-06-17,9.56,1990-12-31
1032,2009-05-28,385000.0,1986-10-13,2010-06-17,9.63,1991-01-07
1033,2009-05-28,370000.0,1986-10-20,2010-06-17,9.75,1991-01-14
1034,2009-05-28,364000.0,1986-10-27,2010-06-17,9.61,1991-01-21
1035,2009-05-28,349000.0,1986-11-03,2010-06-17,9.56,1991-01-28
1036,2009-05-28,368000.0,1986-11-10,2010-06-17,9.36,1991-02-04
1037,2009-05-28,369000.0,1986-11-17,2010-06-17,9.25,1991-02-11
1038,2009-05-28,366000.0,1986-11-24,2010-06-17,9.29,1991-02-18
1039,2009-05-28,363000.0,1986-12-01,2010-06-17,9.4,1991-02-25
1040,2009-05-28,375000.0,1986-12-08,2010-06-17,9.49,1991-03-04
1041,2009-05-28,350000.0,1986-12-15,2010-06-17,9.5,1991-03-11
1042,2009-05-28,345000.0,1986-12-22,2010-06-17,9.59,1991-03-18
1043,2009-05-28,323000.0,1986-12-29,2010-06-17,9.52,1991-03-25
1044,2009-05-28,348000.0,1987-01-05,2010-06-17,9.49,1991-04-01
1045,2009-05-28,341000.0,1987-01-12,2010-06-17,9.48,1991-04-08
1046,2009-05-28,346000.0,1987-01-19,2010-06-17,9.47,1991-04-15
1047,2009-05-28,370000.0,1987-01-26,2010-06-17,9.53,1991-04-22
1048,2009-05-28,368000.0,1987-02-02,2010-06-17,9.47,1991-04-29
1049,2009-05-28,338000.0,1987-02-09,2010-06-17,9.47,1991-05-06
1050,2009-05-28,341000.0,1987-02-16,2010-06-17,9.5,1991-05-13
1051,2009-05-28,348000.0,1987-02-23,2010-06-17,9.47,1991-05-20
1052,2009-05-28,337000.0,1987-03-02,2010-06-17,9.45,1991-05-27
1053,2009-05-28,335000.0,1987-03-09,2010-06-17,9.48,1991-06-03
1054,2009-05-28,335000.0,1987-03-16,2010-06-17,9.66,1991-06-10
1055,2009-05-28,326000.0,1987-03-23,2010-06-17,9.65,1991-06-17
1056,2009-05-28,330000.0,1987-03-30,2010-06-17,9.67,1991-06-24
1057,2009-05-28,338000.0,1987-04-06,2010-06-17,9.62,1991-07-01
1058,2009-05-28,349000.0,1987-04-13,2010-06-17,9.64,1991-07-08
1059,2009-05-28,328000.0,1987-04-20,2010-06-17,9.54,1991-07-15
1060,2009-05-28,330000.0,1987-04-27,2010-06-17,9.5,1991-07-22
1061,2009-05-28,315000.0,1987-05-04,2010-06-17,9.44,1991-07-29
1062,2009-05-28,341000.0,1987-05-11,2010-06-17,9.27,1991-08-05
1063,2009-05-28,343000.0,1987-05-18,2010-06-17,9.19,1991-08-12
1064,2009-05-28,326000.0,1987-05-25,2010-06-17,9.17,1991-08-19
1065,2009-05-28,328000.0,1987-06-01,2010-06-17,9.15,1991-08-26
1066,2009-05-28,316000.0,1987-06-08,2010-06-17,9.14,1991-09-02
1067,2009-05-28,319000.0,1987-06-15,2010-06-17,9.02,1991-09-09
1068,2009-05-28,326000.0,1987-06-22,2010-06-17,8.95,1991-09-16
1069,2009-05-28,326000.0,1987-06-29,2010-06-17,8.92,1991-09-23
1070,2009-05-28,317000.0,1987-07-06,2010-06-17,8.87,1991-09-30
1071,2009-05-28,310000.0,1987-07-13,2010-06-17,8.82,1991-10-07
1072,2009-05-28,324000.0,1987-07-20,2010-06-17,8.82,1991-10-14
1073,2009-05-28,348000.0,1987-07-27,2010-06-17,8.91,1991-10-21
1074,2009-05-28,327000.0,1987-08-03,2010-06-17,8.78,1991-10-28
1075,2009-05-28,319000.0,1987-08-10,2010-06-17,8.76,1991-11-04
1076,2009-05-28,312000.0,1987-08-17,2010-06-17,8.69,1991-11-11
1077,2009-05-28,322000.0,1987-08-24,2010-06-17,8.63,1991-11-18
1078,2009-05-28,316000.0,1987-08-31,2010-06-17,8.7,1991-11-25
1079,2009-05-28,297000.0,1987-09-07,2010-06-17,8.62,1991-12-02
1080,2009-05-28,309000.0,1987-09-14,2010-06-17,8.53,1991-12-09
1081,2009-05-28,317000.0,1987-09-21,2010-06-17,8.49,1991-12-16
1082,2009-05-28,301000.0,1987-09-28,2010-06-17,8.35,1991-12-23
1083,2009-05-28,308000.0,1987-10-05,2010-06-17,8.24,1991-12-30
1084,2009-05-28,301000.0,1987-10-12,2010-06-17,8.23,1992-01-06
1085,2009-05-28,301000.0,1987-10-19,2010-06-17,8.45,1992-01-13
1086,2009-05-28,289000.0,1987-10-26,2010-06-17,8.56,1992-01-20
1087,2009-05-28,297000.0,1987-11-02,2010-06-17,8.68,1992-01-27
1088,2009-05-28,307000.0,1987-11-09,2010-06-17,8.67,1992-02-03
1089,2009-05-28,317000.0,1987-11-16,2010-06-17,8.73,1992-02-10
1090,2009-05-28,306000.0,1987-11-23,2010-06-17,8.82,1992-02-17
1091,2009-05-28,319000.0,1987-11-30,2010-06-17,8.83,1992-02-24
1092,2009-05-28,317000.0,1987-12-07,2010-06-17,8.85,1992-03-02
1093,2009-05-28,323000.0,1987-12-14,2010-06-17,8.88,1992-03-09
1094,2009-05-28,316000.0,1987-12-21,2010-06-17,9.03,1992-03-16
1095,2009-05-28,315000.0,1987-12-28,2010-06-17,8.98,1992-03-23
1096,2009-05-28,325000.0,1988-01-04,2010-06-17,8.96,1992-03-30
1097,2009-05-28,361000.0,1988-01-11,2010-06-17,8.84,1992-04-06
1098,2009-05-28,335000.0,1988-01-18,2010-06-17,8.76,1992-04-13
1099,2009-05-28,342000.0,1988-01-25,2010-06-17,8.85,1992-04-20
1100,2009-05-28,318000.0,1988-02-01,2010-06-17,8.84,1992-04-27
1101,2009-05-28,311000.0,1988-02-08,2010-06-17,8.75,1992-05-04
1102,2009-05-28,327000.0,1988-02-15,2010-06-17,8.64,1992-05-11
1103,2009-05-28,319000.0,1988-02-22,2010-06-17,8.53,1992-05-18
1104,2009-05-28,307000.0,1988-02-29,2010-06-17,8.6,1992-05-25
1105,2009-05-28,304000.0,1988-03-07,2010-06-17,8.59,1992-06-01
1106,2009-05-28,307000.0,1988-03-14,2010-06-17,8.54,1992-06-08
1107,2009-05-28,304000.0,1988-03-21,2010-06-17,8.48,1992-06-15
1108,2009-05-28,309000.0,1988-03-28,2010-06-17,8.43,1992-06-22
1109,2009-05-28,313000.0,1988-04-04,2010-06-17,8.29,1992-06-29
1110,2009-05-28,314000.0,1988-04-11,2010-06-17,8.13,1992-07-06
1111,2009-05-28,312000.0,1988-04-18,2010-06-17,8.09,1992-07-13
1112,2009-05-28,313000.0,1988-04-25,2010-06-17,8.08,1992-07-20
1113,2009-05-28,309000.0,1988-05-02,2010-06-17,8.05,1992-07-27
1114,2009-05-28,314000.0,1988-05-09,2010-06-17,8.06,1992-08-03
1115,2009-05-28,319000.0,1988-05-16,2010-06-17,7.96,1992-08-10
1116,2009-05-28,313000.0,1988-05-23,2010-06-17,7.87,1992-08-17
1117,2009-05-28,310000.0,1988-05-30,2010-06-17,8.01,1992-08-24
1118,2009-05-28,305000.0,1988-06-06,2010-06-17,7.94,1992-08-31
1119,2009-05-28,311000.0,1988-06-13,2010-06-17,7.84,1992-09-07
1120,2009-05-28,307000.0,1988-06-20,2010-06-17,7.89,1992-09-14
1121,2009-05-28,305000.0,1988-06-27,2010-06-17,8.02,1992-09-21
1122,2009-05-28,303000.0,1988-07-04,2010-06-17,7.93,1992-09-28
1123,2009-05-28,315000.0,1988-07-11,2010-06-17,8.01,1992-10-05
1124,2009-05-28,354000.0,1988-07-18,2010-06-17,8.06,1992-10-12
1125,2009-05-28,331000.0,1988-07-25,2010-06-17,8.23,1992-10-19
1126,2009-05-28,316000.0,1988-08-01,2010-06-17,8.21,1992-10-26
1127,2009-05-28,312000.0,1988-08-08,2010-06-17,8.29,1992-11-02
1128,2009-05-28,316000.0,1988-08-15,2010-06-17,8.32,1992-11-09
1129,2009-05-28,315000.0,1988-08-22,2010-06-17,8.32,1992-11-16
1130,2009-05-28,306000.0,1988-08-29,2010-06-17,8.29,1992-11-23
1131,2009-05-28,305000.0,1988-09-05,2010-06-17,8.34,1992-11-30
1132,2009-05-28,306000.0,1988-09-12,2010-06-17,8.23,1992-12-07
1133,2009-05-28,301000.0,1988-09-19,2010-06-17,8.19,1992-12-14
1134,2009-05-28,292000.0,1988-09-26,2010-06-17,8.13,1992-12-21
1135,2009-05-28,292000.0,1988-10-03,2010-06-17,8.14,1992-12-28
1136,2009-05-28,293000.0,1988-10-10,2010-06-17,8.07,1993-01-04
1137,2009-05-28,286000.0,1988-10-17,2010-06-17,8.04,1993-01-11
1138,2009-05-28,294000.0,1988-10-24,2010-06-17,8.0,1993-01-18
1139,2009-05-28,285000.0,1988-10-31,2010-06-17,7.86,1993-01-25
1140,2009-05-28,284000.0,1988-11-07,2010-06-17,7.8,1993-02-01
1141,2009-05-28,294000.0,1988-11-14,2010-06-17,7.75,1993-02-08
1142,2009-05-28,299000.0,1988-11-21,2010-06-17,7.65,1993-02-15
1143,2009-05-28,298000.0,1988-11-28,2010-06-17,7.53,1993-02-22
1144,2009-05-28,285000.0,1988-12-05,2010-06-17,7.44,1993-03-01
1145,2009-05-28,293000.0,1988-12-12,2010-06-17,7.47,1993-03-08
1146,2009-05-28,286000.0,1988-12-19,2010-06-17,7.57,1993-03-15
1147,2009-05-28,304000.0,1988-12-26,2010-06-17,7.5,1993-03-22
1148,2009-05-28,299000.0,1989-01-02,2010-06-17,7.53,1993-03-29
1149,2009-05-28,283000.0,1989-01-09,2010-06-17,7.57,1993-04-05
1150,2009-05-28,282000.0,1989-01-16,2010-06-17,7.45,1993-04-12
1151,2009-05-28,295000.0,1989-01-23,2010-06-17,7.38,1993-04-19
1152,2009-05-28,288000.0,1989-01-30,2010-06-17,7.43,1993-04-26
1153,2009-05-28,322000.0,1989-02-06,2010-06-17,7.42,1993-05-03
1154,2009-05-28,305000.0,1989-02-13,2010-06-17,7.42,1993-05-10
1155,2009-05-28,300000.0,1989-02-20,2010-06-17,7.52,1993-05-17
1156,2009-05-28,325000.0,1989-02-27,2010-06-17,7.5,1993-05-24
1157,2009-05-28,325000.0,1989-03-06,2010-06-17,7.47,1993-05-31
1158,2009-05-28,319000.0,1989-03-13,2010-06-17,7.48,1993-06-07
1159,2009-05-28,319000.0,1989-03-20,2010-06-17,7.38,1993-06-14
1160,2009-05-28,323000.0,1989-03-27,2010-06-17,7.34,1993-06-21
1161,2009-05-28,314000.0,1989-04-03,2010-06-17,7.23,1993-06-28
1162,2009-05-28,307000.0,1989-04-10,2010-06-17,7.19,1993-07-05
1163,2009-05-28,304000.0,1989-04-17,2010-06-17,7.16,1993-07-12
1164,2009-05-28,311000.0,1989-04-24,2010-06-17,7.2,1993-07-19
1165,2009-05-28,320000.0,1989-05-01,2010-06-17,7.25,1993-07-26
1166,2009-05-28,332000.0,1989-05-08,2010-06-17,7.21,1993-08-02
1167,2009-05-28,321000.0,1989-05-15,2010-06-17,7.17,1993-08-09
1168,2009-05-28,325000.0,1989-05-22,2010-06-17,7.1,1993-08-16
1169,2009-05-28,325000.0,1989-05-29,2010-06-17,6.97,1993-08-23
1170,2009-05-28,332000.0,1989-06-05,2010-06-17,6.93,1993-08-30
1171,2009-05-28,337000.0,1989-06-12,2010-06-17,6.82,1993-09-06
1172,2009-05-28,338000.0,1989-06-19,2010-06-17,6.96,1993-09-13
1173,2009-05-28,349000.0,1989-06-26,2010-06-17,6.95,1993-09-20
1174,2009-05-28,341000.0,1989-07-03,2010-06-17,6.89,1993-09-27
1175,2009-05-28,349000.0,1989-07-10,2010-06-17,6.87,1993-10-04
1176,2009-05-28,332000.0,1989-07-17,2010-06-17,6.81,1993-10-11
1177,2009-05-28,337000.0,1989-07-24,2010-06-17,6.74,1993-10-18
1178,2009-05-28,338000.0,1989-07-31,2010-06-17,6.86,1993-10-25
1179,2009-05-28,341000.0,1989-08-07,2010-06-17,7.11,1993-11-01
1180,2009-05-28,327000.0,1989-08-14,2010-06-17,7.12,1993-11-08
1181,2009-05-28,332000.0,1989-08-21,2010-06-17,7.08,1993-11-15
1182,2009-05-28,329000.0,1989-08-28,2010-06-17,7.31,1993-11-22
1183,2009-05-28,336000.0,1989-09-04,2010-06-17,7.25,1993-11-29
1184,2009-05-28,334000.0,1989-09-11,2010-06-17,7.14,1993-12-06
1185,2009-05-28,334000.0,1989-09-18,2010-06-17,7.17,1993-12-13
1186,2009-05-28,347000.0,1989-09-25,2010-06-17,7.17,1993-12-20
1187,2009-05-28,407000.0,1989-10-02,2010-06-17,7.13,1993-12-27
1188,2009-05-28,345000.0,1989-10-09,2010-06-17,7.23,1994-01-03
1189,2009-05-28,347000.0,1989-10-16,2010-06-17,6.99,1994-01-10
1190,2009-05-28,354000.0,1989-10-23,2010-06-17,7.05,1994-01-17
1191,2009-05-28,333000.0,1989-10-30,2010-06-17,6.97,1994-01-24
1192,2009-05-28,336000.0,1989-11-06,2010-06-17,6.97,1994-01-31
1193,2009-05-28,336000.0,1989-11-13,2010-06-17,7.21,1994-02-07
1194,2009-05-28,342000.0,1989-11-20,2010-06-17,7.11,1994-02-14
1195,2009-05-28,344000.0,1989-11-27,2010-06-17,7.32,1994-02-21
1196,2009-05-28,338000.0,1989-12-04,2010-06-17,7.51,1994-02-28
1197,2009-05-28,355000.0,1989-12-11,2010-06-17,7.63,1994-03-07
1198,2009-05-28,381000.0,1989-12-18,2010-06-17,7.76,1994-03-14
1199,2009-05-28,358000.0,1989-12-25,2010-06-17,7.8,1994-03-21
1200,2009-05-28,355000.0,1990-01-01,2010-06-17,8.04,1994-03-28
1201,2009-05-28,369000.0,1990-01-08,2010-06-17,8.47,1994-04-04
1202,2009-05-28,375000.0,1990-01-15,2010-06-17,8.26,1994-04-11
1203,2009-05-28,345000.0,1990-01-22,2010-06-17,8.49,1994-04-18
1204,2009-05-28,368000.0,1990-01-29,2010-06-17,8.32,1994-04-25
1205,2009-05-28,367000.0,1990-02-05,2010-06-17,8.53,1994-05-02
1206,2009-05-28,348000.0,1990-02-12,2010-06-17,8.77,1994-05-09
1207,2009-05-28,350000.0,1990-02-19,2010-06-17,8.56,1994-05-16
1208,2009-05-28,351000.0,1990-02-26,2010-06-17,8.53,1994-05-23
1209,2009-05-28,349000.0,1990-03-05,2010-06-17,8.55,1994-05-30
1210,2009-05-28,349000.0,1990-03-12,2010-06-17,8.25,1994-06-06
1211,2009-05-28,331000.0,1990-03-19,2010-06-17,8.33,1994-06-13
1212,2009-05-28,346000.0,1990-03-26,2010-06-17,8.46,1994-06-20
1213,2009-05-28,367000.0,1990-04-02,2010-06-17,8.57,1994-06-27
1214,2009-05-28,357000.0,1990-04-09,2010-06-17,8.68,1994-07-04
1215,2009-05-28,360000.0,1990-04-16,2010-06-17,8.72,1994-07-11
1216,2009-05-28,363000.0,1990-04-23,2010-06-17,8.53,1994-07-18
1217,2009-05-28,354000.0,1990-04-30,2010-06-17,8.57,1994-07-25
1218,2009-05-28,355000.0,1990-05-07,2010-06-17,8.38,1994-08-01
1219,2009-05-28,353000.0,1990-05-14,2010-06-17,8.57,1994-08-08
1220,2009-05-28,359000.0,1990-05-21,2010-06-17,8.54,1994-08-15
1221,2009-05-28,368000.0,1990-05-28,2010-06-17,8.56,1994-08-22
1222,2009-05-28,359000.0,1990-06-04,2010-06-17,8.48,1994-08-29
1223,2009-05-28,359000.0,1990-06-11,2010-06-17,8.51,1994-09-05
1224,2009-05-28,362000.0,1990-06-18,2010-06-17,8.66,1994-09-12
1225,2009-05-28,364000.0,1990-06-25,2010-06-17,8.73,1994-09-19
1226,2009-05-28,362000.0,1990-07-02,2010-06-17,8.82,1994-09-26
1227,2009-05-28,367000.0,1990-07-09,2010-06-17,8.89,1994-10-03
1228,2009-05-28,370000.0,1990-07-16,2010-06-17,8.93,1994-10-10
1229,2009-05-28,369000.0,1990-07-23,2010-06-17,8.85,1994-10-17
1230,2009-05-28,369000.0,1990-07-30,2010-06-17,9.03,1994-10-24
1231,2009-05-28,381000.0,1990-08-06,2010-06-17,9.05,1994-10-31
1232,2009-05-28,393000.0,1990-08-13,2010-06-17,9.19,1994-11-07
1233,2009-05-28,394000.0,1990-08-20,2010-06-17,9.19,1994-11-14
1234,2009-05-28,392000.0,1990-08-27,2010-06-17,9.25,1994-11-21
1235,2009-05-28,390000.0,1990-09-03,2010-06-17,9.23,1994-11-28
1236,2009-05-28,395000.0,1990-09-10,2010-06-17,9.15,1994-12-05
1237,2009-05-28,389000.0,1990-09-17,2010-06-17,9.25,1994-12-12
1238,2009-05-28,404000.0,1990-09-24,2010-06-17,9.18,1994-12-19
1239,2009-05-28,404000.0,1990-10-01,2010-06-17,9.18,1994-12-26
1240,2009-05-28,422000.0,1990-10-08,2010-06-17,9.22,1995-01-02
1241,2009-05-28,435000.0,1990-10-15,2010-06-17,9.19,1995-01-09
1242,2009-05-28,440000.0,1990-10-22,2010-06-17,9.05,1995-01-16
1243,2009-05-28,430000.0,1990-10-29,2010-06-17,9.13,1995-01-23
1244,2009-05-28,448000.0,1990-11-05,2010-06-17,8.94,1995-01-30
1245,2009-05-28,447000.0,1990-11-12,2010-06-17,8.8,1995-02-06
1246,2009-05-28,462000.0,1990-11-19,2010-06-17,8.84,1995-02-13
1247,2009-05-28,451000.0,1990-11-26,2010-06-17,8.73,1995-02-20
1248,2009-05-28,449000.0,1990-12-03,2010-06-17,8.53,1995-02-27
1249,2009-05-28,447000.0,1990-12-10,2010-06-17,8.62,1995-03-06
1250,2009-05-28,474000.0,1990-12-17,2010-06-17,8.38,1995-03-13
1251,2009-05-28,454000.0,1990-12-24,2010-06-17,8.4,1995-03-20
1252,2009-05-28,415000.0,1990-12-31,2010-06-17,8.38,1995-03-27
1253,2009-05-28,437000.0,1991-01-07,2010-06-17,8.41,1995-04-03
1254,2009-05-28,445000.0,1991-01-14,2010-06-17,8.37,1995-04-10
1255,2009-05-28,462000.0,1991-01-21,2010-06-17,8.24,1995-04-17
1256,2009-05-28,483000.0,1991-01-28,2010-06-17,8.26,1995-04-24
1257,2009-05-28,480000.0,1991-02-04,2010-06-17,8.27,1995-05-01
1258,2009-05-28,474000.0,1991-02-11,2010-06-17,7.87,1995-05-08
1259,2009-05-28,499000.0,1991-02-18,2010-06-17,7.83,1995-05-15
1260,2009-05-28,488000.0,1991-02-25,2010-06-17,7.85,1995-05-22
1261,2009-05-28,499000.0,1991-03-04,2010-06-17,7.71,1995-05-29
1262,2009-05-28,498000.0,1991-03-11,2010-06-17,7.51,1995-06-05
1263,2009-05-28,509000.0,1991-03-18,2010-06-17,7.55,1995-06-12
1264,2009-05-28,499000.0,1991-03-25,2010-06-17,7.53,1995-06-19
1265,2009-05-28,452000.0,1991-04-01,2010-06-17,7.53,1995-06-26
1266,2009-05-28,477000.0,1991-04-08,2010-06-17,7.63,1995-07-03
1267,2009-05-28,478000.0,1991-04-15,2010-06-17,7.41,1995-07-10
1268,2009-05-28,462000.0,1991-04-22,2010-06-17,7.6,1995-07-17
1269,2009-05-28,451000.0,1991-04-29,2010-06-17,7.79,1995-07-24
1270,2009-05-28,446000.0,1991-05-06,2010-06-17,7.82,1995-07-31
1271,2009-05-28,448000.0,1991-05-13,2010-06-17,7.8,1995-08-07
1272,2009-05-28,443000.0,1991-05-20,2010-06-17,7.94,1995-08-14
1273,2009-05-28,432000.0,1991-05-27,2010-06-17,7.88,1995-08-21
1274,2009-05-28,441000.0,1991-06-03,2010-06-17,7.76,1995-08-28
1275,2009-05-28,429000.0,1991-06-10,2010-06-17,7.63,1995-09-04
1276,2009-05-28,423000.0,1991-06-17,2010-06-17,7.6,1995-09-11
1277,2009-05-28,418000.0,1991-06-24,2010-06-17,7.57,1995-09-18
1278,2009-05-28,422000.0,1991-07-01,2010-06-17,7.62,1995-09-25
1279,2009-05-28,420000.0,1991-07-08,2010-06-17,7.57,1995-10-02
1280,2009-05-28,408000.0,1991-07-15,2010-06-17,7.5,1995-10-09
1281,2009-05-28,423000.0,1991-07-22,2010-06-17,7.38,1995-10-16
1282,2009-05-28,438000.0,1991-07-29,2010-06-17,7.45,1995-10-23
1283,2009-05-28,437000.0,1991-08-05,2010-06-17,7.44,1995-10-30
1284,2009-05-28,433000.0,1991-08-12,2010-06-17,7.37,1995-11-06
1285,2009-05-28,425000.0,1991-08-19,2010-06-17,7.35,1995-11-13
1286,2009-05-28,425000.0,1991-08-26,2010-06-17,7.35,1995-11-20
1287,2009-05-28,424000.0,1991-09-02,2010-06-17,7.33,1995-11-27
1288,2009-05-28,418000.0,1991-09-09,2010-06-17,7.18,1995-12-04
1289,2009-05-28,419000.0,1991-09-16,2010-06-17,7.15,1995-12-11
1290,2009-05-28,437000.0,1991-09-23,2010-06-17,7.23,1995-12-18
1291,2009-05-28,424000.0,1991-09-30,2010-06-17,7.11,1995-12-25
1292,2009-05-28,425000.0,1991-10-07,2010-06-17,7.02,1996-01-01
1293,2009-05-28,419000.0,1991-10-14,2010-06-17,7.08,1996-01-08
1294,2009-05-28,423000.0,1991-10-21,2010-06-17,7.02,1996-01-15
1295,2009-05-28,447000.0,1991-10-28,2010-06-17,7.0,1996-01-22
1296,2009-05-28,453000.0,1991-11-04,2010-06-17,7.02,1996-01-29
1297,2009-05-28,439000.0,1991-11-11,2010-06-17,7.02,1996-02-05
1298,2009-05-28,444000.0,1991-11-18,2010-06-17,6.94,1996-02-12
1299,2009-05-28,444000.0,1991-11-25,2010-06-17,7.32,1996-02-19
1300,2009-05-28,475000.0,1991-12-02,2010-06-17,7.41,1996-02-26
1301,2009-05-28,475000.0,1991-12-09,2010-06-17,7.38,1996-03-04
1302,2009-05-28,436000.0,1991-12-16,2010-06-17,7.83,1996-03-11
1303,2009-05-28,441000.0,1991-12-23,2010-06-17,7.81,1996-03-18
1304,2009-05-28,432000.0,1991-12-30,2010-06-17,7.69,1996-03-25
1305,2009-05-28,440000.0,1992-01-06,2010-06-17,7.78,1996-04-01
1306,2009-05-28,443000.0,1992-01-13,2010-06-17,8.05,1996-04-08
1307,2009-05-28,441000.0,1992-01-20,2010-06-17,7.95,1996-04-15
1308,2009-05-28,440000.0,1992-01-27,2010-06-17,7.92,1996-04-22
1309,2009-05-28,445000.0,1992-02-03,2010-06-17,7.99,1996-04-29
1310,2009-05-28,446000.0,1992-02-10,2010-06-17,8.24,1996-05-06
1311,2009-05-28,436000.0,1992-02-17,2010-06-17,8.08,1996-05-13
1312,2009-05-28,444000.0,1992-02-24,2010-06-17,8.01,1996-05-20
1313,2009-05-28,421000.0,1992-03-02,2010-06-17,8.03,1996-05-27
1314,2009-05-28,437000.0,1992-03-09,2010-06-17,8.3,1996-06-03
1315,2009-05-28,440000.0,1992-03-16,2010-06-17,8.39,1996-06-10
1316,2009-05-28,420000.0,1992-03-23,2010-06-17,8.3,1996-06-17
1317,2009-05-28,412000.0,1992-03-30,2010-06-17,8.29,1996-06-24
1318,2009-05-28,413000.0,1992-04-06,2010-06-17,8.14,1996-07-01
1319,2009-05-28,424000.0,1992-04-13,2010-06-17,8.42,1996-07-08
1320,2009-05-28,424000.0,1992-04-20,2010-06-17,8.23,1996-07-15
1321,2009-05-28,431000.0,1992-04-27,2010-06-17,8.19,1996-07-22
1322,2009-05-28,417000.0,1992-05-04,2010-06-17,8.23,1996-07-29
1323,2009-05-28,414000.0,1992-05-11,2010-06-17,7.88,1996-08-05
1324,2009-05-28,414000.0,1992-05-18,2010-06-17,7.88,1996-08-12
1325,2009-05-28,411000.0,1992-05-25,2010-06-17,7.93,1996-08-19
1326,2009-05-28,416000.0,1992-06-01,2010-06-17,8.09,1996-08-26
1327,2009-05-28,420000.0,1992-06-08,2010-06-17,8.34,1996-09-02
1328,2009-05-28,419000.0,1992-06-15,2010-06-17,8.28,1996-09-09
1329,2009-05-28,420000.0,1992-06-22,2010-06-17,8.14,1996-09-16
1330,2009-05-28,407000.0,1992-06-29,2010-06-17,8.16,1996-09-23
1331,2009-05-28,408000.0,1992-07-06,2010-06-17,8.06,1996-09-30
1332,2009-05-28,392000.0,1992-07-13,2010-06-17,7.86,1996-10-07
1333,2009-05-28,564000.0,1992-07-20,2010-06-17,7.88,1996-10-14
1334,2009-05-28,423000.0,1992-07-27,2010-06-17,7.86,1996-10-21
1335,2009-05-28,406000.0,1992-08-03,2010-06-17,7.78,1996-10-28
1336,2009-05-28,401000.0,1992-08-10,2010-06-17,7.67,1996-11-04
1337,2009-05-28,398000.0,1992-08-17,2010-06-17,7.59,1996-11-11
1338,2009-05-28,408000.0,1992-08-24,2010-06-17,7.53,1996-11-18
1339,2009-05-28,416000.0,1992-08-31,2010-06-17,7.52,1996-11-25
1340,2009-05-28,416000.0,1992-09-07,2010-06-17,7.44,1996-12-02
1341,2009-05-28,427000.0,1992-09-14,2010-06-17,7.57,1996-12-09
1342,2009-05-28,409000.0,1992-09-21,2010-06-17,7.74,1996-12-16
1343,2009-05-28,398000.0,1992-09-28,2010-06-17,7.64,1996-12-23
1344,2009-05-28,374000.0,1992-10-05,2010-06-17,7.67,1996-12-30
1345,2009-05-28,385000.0,1992-10-12,2010-06-17,7.85,1997-01-06
1346,2009-05-28,367000.0,1992-10-19,2010-06-17,7.87,1997-01-13
1347,2009-05-28,365000.0,1992-10-26,2010-06-17,7.85,1997-01-20
1348,2009-05-28,374000.0,1992-11-02,2010-06-17,7.88,1997-01-27
1349,2009-05-28,377000.0,1992-11-09,2010-06-17,7.74,1997-02-03
1350,2009-05-28,357000.0,1992-11-16,2010-06-17,7.65,1997-02-10
1351,2009-05-28,341000.0,1992-11-23,2010-06-17,7.56,1997-02-17
1352,2009-05-28,350000.0,1992-11-30,2010-06-17,7.65,1997-02-24
1353,2009-05-28,359000.0,1992-12-07,2010-06-17,7.84,1997-03-03
1354,2009-05-28,334000.0,1992-12-14,2010-06-17,7.84,1997-03-10
1355,2009-05-28,313000.0,1992-12-21,2010-06-17,7.94,1997-03-17
1356,2009-05-28,341000.0,1992-12-28,2010-06-17,7.97,1997-03-24
1357,2009-05-28,354000.0,1993-01-04,2010-06-17,8.18,1997-03-31
1358,2009-05-28,352000.0,1993-01-11,2010-06-17,8.15,1997-04-07
1359,2009-05-28,341000.0,1993-01-18,2010-06-17,8.16,1997-04-14
1360,2009-05-28,340000.0,1993-01-25,2010-06-17,8.08,1997-04-21
1361,2009-05-28,319000.0,1993-02-01,2010-06-17,8.01,1997-04-28
1362,2009-05-28,321000.0,1993-02-08,2010-06-17,7.94,1997-05-05
1363,2009-05-28,351000.0,1993-02-15,2010-06-17,7.91,1997-05-12
1364,2009-05-28,362000.0,1993-02-22,2010-06-17,7.92,1997-05-19
1365,2009-05-28,354000.0,1993-03-01,2010-06-17,7.94,1997-05-26
1366,2009-05-28,346000.0,1993-03-08,2010-06-17,7.85,1997-06-02
1367,2009-05-28,338000.0,1993-03-15,2010-06-17,7.72,1997-06-09
1368,2009-05-28,366000.0,1993-03-22,2010-06-17,7.61,1997-06-16
1369,2009-05-28,365000.0,1993-03-29,2010-06-17,7.58,1997-06-23
1370,2009-05-28,353000.0,1993-04-05,2010-06-17,7.62,1997-06-30
1371,2009-05-28,351000.0,1993-04-12,2010-06-17,7.47,1997-07-07
1372,2009-05-28,350000.0,1993-04-19,2010-06-17,7.47,1997-07-14
1373,2009-05-28,343000.0,1993-04-26,2010-06-17,7.43,1997-07-21
1374,2009-05-28,339000.0,1993-05-03,2010-06-17,7.36,1997-07-28
1375,2009-05-28,345000.0,1993-05-10,2010-06-17,7.46,1997-08-04
1376,2009-05-28,342000.0,1993-05-17,2010-06-17,7.54,1997-08-11
1377,2009-05-28,349000.0,1993-05-24,2010-06-17,7.46,1997-08-18
1378,2009-05-28,343000.0,1993-05-31,2010-06-17,7.58,1997-08-25
1379,2009-05-28,343000.0,1993-06-07,2010-06-17,7.53,1997-09-01
1380,2009-05-28,345000.0,1993-06-14,2010-06-17,7.53,1997-09-08
1381,2009-05-28,340000.0,1993-06-21,2010-06-17,7.38,1997-09-15
1382,2009-05-28,334000.0,1993-06-28,2010-06-17,7.28,1997-09-22
1383,2009-05-28,314000.0,1993-07-05,2010-06-17,7.31,1997-09-29
1384,2009-05-28,335000.0,1993-07-12,2010-06-17,7.26,1997-10-06
1385,2009-05-28,415000.0,1993-07-19,2010-06-17,7.34,1997-10-13
1386,2009-05-28,356000.0,1993-07-26,2010-06-17,7.35,1997-10-20
1387,2009-05-28,346000.0,1993-08-02,2010-06-17,7.21,1997-10-27
1388,2009-05-28,339000.0,1993-08-09,2010-06-17,7.24,1997-11-03
1389,2009-05-28,342000.0,1993-08-16,2010-06-17,7.23,1997-11-10
1390,2009-05-28,337000.0,1993-08-23,2010-06-17,7.18,1997-11-17
1391,2009-05-28,334000.0,1993-08-30,2010-06-17,7.17,1997-11-24
1392,2009-05-28,333000.0,1993-09-06,2010-06-17,7.15,1997-12-01
1393,2009-05-28,346000.0,1993-09-13,2010-06-17,7.17,1997-12-08
1394,2009-05-28,343000.0,1993-09-20,2010-06-17,7.07,1997-12-15
1395,2009-05-28,333000.0,1993-09-27,2010-06-17,6.99,1997-12-22
1396,2009-05-28,355000.0,1993-10-04,2010-06-17,7.03,1997-12-29
1397,2009-05-28,359000.0,1993-10-11,2010-06-17,6.94,1998-01-05
1398,2009-05-28,354000.0,1993-10-18,2010-06-17,6.89,1998-01-12
1399,2009-05-28,348000.0,1993-10-25,2010-06-17,6.99,1998-01-19
1400,2009-05-28,350000.0,1993-11-01,2010-06-17,7.12,1998-01-26
1401,2009-05-28,341000.0,1993-11-08,2010-06-17,7.03,1998-02-02
1402,2009-05-28,336000.0,1993-11-15,2010-06-17,7.06,1998-02-09
1403,2009-05-28,337000.0,1993-11-22,2010-06-17,6.99,1998-02-16
1404,2009-05-28,337000.0,1993-11-29,2010-06-17,7.09,1998-02-23
1405,2009-05-28,334000.0,1993-12-06,2010-06-17,7.19,1998-03-02
1406,2009-05-28,331000.0,1993-12-13,2010-06-17,7.16,1998-03-09
1407,2009-05-28,290000.0,1993-12-20,2010-06-17,7.08,1998-03-16
1408,2009-05-28,341000.0,1993-12-27,2010-06-17,7.08,1998-03-23
1409,2009-05-28,343000.0,1994-01-03,2010-06-17,7.15,1998-03-30
1410,2009-05-28,355000.0,1994-01-10,2010-06-17,7.09,1998-04-06
1411,2009-05-28,351000.0,1994-01-17,2010-06-17,7.17,1998-04-13
1412,2009-05-28,406000.0,1994-01-24,2010-06-17,7.15,1998-04-20
1413,2009-05-28,361000.0,1994-01-31,2010-06-17,7.22,1998-04-27
1414,2009-05-28,354000.0,1994-02-07,2010-06-17,7.14,1998-05-04
1415,2009-05-28,352000.0,1994-02-14,2010-06-17,7.19,1998-05-11
1416,2009-05-28,327000.0,1994-02-21,2010-06-17,7.1,1998-05-18
1417,2009-05-28,348000.0,1994-02-28,2010-06-17,7.07,1998-05-25
1418,2009-05-28,341000.0,1994-03-07,2010-06-17,7.05,1998-06-01
1419,2009-05-28,332000.0,1994-03-14,2010-06-17,7.04,1998-06-08
1420,2009-05-28,322000.0,1994-03-21,2010-06-17,6.94,1998-06-15
1421,2009-05-28,342000.0,1994-03-28,2010-06-17,6.96,1998-06-22
1422,2009-05-28,349000.0,1994-04-04,2010-06-17,6.98,1998-06-29
1423,2009-05-28,354000.0,1994-04-11,2010-06-17,6.91,1998-07-06
1424,2009-05-28,331000.0,1994-04-18,2010-06-17,6.94,1998-07-13
1425,2009-05-28,344000.0,1994-04-25,2010-06-17,6.96,1998-07-20
1426,2009-05-28,371000.0,1994-05-02,2010-06-17,6.97,1998-07-27
1427,2009-05-28,360000.0,1994-05-09,2010-06-17,6.94,1998-08-03
1428,2009-05-28,357000.0,1994-05-16,2010-06-17,6.91,1998-08-10
1429,2009-05-28,348000.0,1994-05-23,2010-06-17,6.92,1998-08-17
1430,2009-05-28,345000.0,1994-05-30,2010-06-17,6.92,1998-08-24
1431,2009-05-28,338000.0,1994-06-06,2010-06-17,6.82,1998-08-31
1432,2009-05-28,336000.0,1994-06-13,2010-06-17,6.77,1998-09-07
1433,2009-05-28,341000.0,1994-06-20,2010-06-17,6.66,1998-09-14
1434,2009-05-28,334000.0,1994-06-27,2010-06-17,6.64,1998-09-21
1435,2009-05-28,341000.0,1994-07-04,2010-06-17,6.6,1998-09-28
1436,2009-05-28,359000.0,1994-07-11,2010-06-17,6.49,1998-10-05
1437,2009-05-28,345000.0,1994-07-18,2010-06-17,6.9,1998-10-12
1438,2009-05-28,332000.0,1994-07-25,2010-06-17,6.73,1998-10-19
1439,2009-05-28,338000.0,1994-08-01,2010-06-17,6.83,1998-10-26
1440,2009-05-28,335000.0,1994-08-08,2010-06-17,6.89,1998-11-02
1441,2009-05-28,331000.0,1994-08-15,2010-06-17,6.93,1998-11-09
1442,2009-05-28,341000.0,1994-08-22,2010-06-17,6.86,1998-11-16
1443,2009-05-28,339000.0,1994-08-29,2010-06-17,6.78,1998-11-23
1444,2009-05-28,331000.0,1994-09-05,2010-06-17,6.71,1998-11-30
1445,2009-05-28,326000.0,1994-09-12,2010-06-17,6.69,1998-12-07
1446,2009-05-28,325000.0,1994-09-19,2010-06-17,6.69,1998-12-14
1447,2009-05-28,330000.0,1994-09-26,2010-06-17,6.77,1998-12-21
1448,2009-05-28,341000.0,1994-10-03,2010-06-17,6.83,1998-12-28
1449,2009-05-28,335000.0,1994-10-10,2010-06-17,6.79,1999-01-04
1450,2009-05-28,330000.0,1994-10-17,2010-06-17,6.83,1999-01-11
1451,2009-05-28,331000.0,1994-10-24,2010-06-17,6.78,1999-01-18
1452,2009-05-28,328000.0,1994-10-31,2010-06-17,6.74,1999-01-25
1453,2009-05-28,329000.0,1994-11-07,2010-06-17,6.75,1999-02-01
1454,2009-05-28,326000.0,1994-11-14,2010-06-17,6.77,1999-02-08
1455,2009-05-28,329000.0,1994-11-21,2010-06-17,6.82,1999-02-15
1456,2009-05-28,324000.0,1994-11-28,2010-06-17,6.89,1999-02-22
1457,2009-05-28,329000.0,1994-12-05,2010-06-17,7.06,1999-03-01
1458,2009-05-28,330000.0,1994-12-12,2010-06-17,7.11,1999-03-08
1459,2009-05-28,314000.0,1994-12-19,2010-06-17,7.01,1999-03-15
1460,2009-05-28,319000.0,1994-12-26,2010-06-17,6.98,1999-03-22
1461,2009-05-28,338000.0,1995-01-02,2010-06-17,6.98,1999-03-29
1462,2009-05-28,347000.0,1995-01-09,2010-06-17,6.92,1999-04-05
1463,2009-05-28,325000.0,1995-01-16,2010-06-17,6.87,1999-04-12
1464,2009-05-28,324000.0,1995-01-23,2010-06-17,6.88,1999-04-19
1465,2009-05-28,324000.0,1995-01-30,2010-06-17,6.93,1999-04-26
1466,2009-05-28,348000.0,1995-02-06,2010-06-17,7.02,1999-05-03
1467,2009-05-28,343000.0,1995-02-13,2010-06-17,7.1,1999-05-10
1468,2009-05-28,336000.0,1995-02-20,2010-06-17,7.23,1999-05-17
1469,2009-05-28,339000.0,1995-02-27,2010-06-17,7.23,1999-05-24
1470,2009-05-28,347000.0,1995-03-06,2010-06-17,7.41,1999-05-31
1471,2009-05-28,343000.0,1995-03-13,2010-06-17,7.51,1999-06-07
1472,2009-05-28,332000.0,1995-03-20,2010-06-17,7.65,1999-06-14
1473,2009-05-28,335000.0,1995-03-27,2010-06-17,7.63,1999-06-21
1474,2009-05-28,347000.0,1995-04-03,2010-06-17,7.71,1999-06-28
1475,2009-05-28,355000.0,1995-04-10,2010-06-17,7.65,1999-07-05
1476,2009-05-28,349000.0,1995-04-17,2010-06-17,7.58,1999-07-12
1477,2009-05-28,365000.0,1995-04-24,2010-06-17,7.52,1999-07-19
1478,2009-05-28,364000.0,1995-05-01,2010-06-17,7.7,1999-07-26
1479,2009-05-28,366000.0,1995-05-08,2010-06-17,7.89,1999-08-02
1480,2009-05-28,377000.0,1995-05-15,2010-06-17,8.15,1999-08-09
1481,2009-05-28,374000.0,1995-05-22,2010-06-17,7.93,1999-08-16
1482,2009-05-28,362000.0,1995-05-29,2010-06-17,7.8,1999-08-23
1483,2009-05-28,367000.0,1995-06-05,2010-06-17,7.83,1999-08-30
1484,2009-05-28,378000.0,1995-06-12,2010-06-17,7.88,1999-09-06
1485,2009-05-28,358000.0,1995-06-19,2010-06-17,7.82,1999-09-13
1486,2009-05-28,355000.0,1995-06-26,2010-06-17,7.76,1999-09-20
1487,2009-05-28,372000.0,1995-07-03,2010-06-17,7.7,1999-09-27
1488,2009-05-28,389000.0,1995-07-10,2010-06-17,7.82,1999-10-04
1489,2009-05-28,390000.0,1995-07-17,2010-06-17,7.85,1999-10-11
1490,2009-05-28,351000.0,1995-07-24,2010-06-17,7.93,1999-10-18
1491,2009-05-28,351000.0,1995-07-31,2010-06-17,7.96,1999-10-25
1492,2009-05-28,353000.0,1995-08-07,2010-06-17,7.84,1999-11-01
1493,2009-05-28,362000.0,1995-08-14,2010-06-17,7.67,1999-11-08
1494,2009-05-28,359000.0,1995-08-21,2010-06-17,7.69,1999-11-15
1495,2009-05-28,355000.0,1995-08-28,2010-06-17,7.75,1999-11-22
1496,2009-05-28,371000.0,1995-09-04,2010-06-17,7.84,1999-11-29
1497,2009-05-28,376000.0,1995-09-11,2010-06-17,7.84,1999-12-06
1498,2009-05-28,353000.0,1995-09-18,2010-06-17,7.86,1999-12-13
1499,2009-05-28,355000.0,1995-09-25,2010-06-17,7.96,1999-12-20
1500,2009-05-28,374000.0,1995-10-02,2010-06-17,8.06,1999-12-27
1501,2009-05-28,369000.0,1995-10-09,2010-06-17,8.15,2000-01-03
1502,2009-05-28,366000.0,1995-10-16,2010-06-17,8.18,2000-01-10
1503,2009-05-28,377000.0,1995-10-23,2010-06-17,8.26,2000-01-17
1504,2009-05-28,380000.0,1995-10-30,2010-06-17,8.25,2000-01-24
1505,2009-05-28,370000.0,1995-11-06,2010-06-17,8.25,2000-01-31
1506,2009-05-28,379000.0,1995-11-13,2010-06-17,8.36,2000-02-07
1507,2009-05-28,379000.0,1995-11-20,2010-06-17,8.38,2000-02-14
1508,2009-05-28,373000.0,1995-11-27,2010-06-17,8.31,2000-02-21
1509,2009-05-28,346000.0,1995-12-04,2010-06-17,8.27,2000-02-28
1510,2009-05-28,373000.0,1995-12-11,2010-06-17,8.23,2000-03-06
1511,2009-05-28,374000.0,1995-12-18,2010-06-17,8.24,2000-03-13
1512,2009-05-28,359000.0,1995-12-25,2010-06-17,8.23,2000-03-20
1513,2009-05-28,361000.0,1996-01-01,2010-06-17,8.23,2000-03-27
1514,2009-05-28,333000.0,1996-01-08,2010-06-17,8.2,2000-04-03
1515,2009-05-28,415000.0,1996-01-15,2010-06-17,8.12,2000-04-10
1516,2009-05-28,387000.0,1996-01-22,2010-06-17,8.16,2000-04-17
1517,2009-05-28,374000.0,1996-01-29,2010-06-17,8.13,2000-04-24
1518,2009-05-28,387000.0,1996-02-05,2010-06-17,8.28,2000-05-01
1519,2009-05-28,383000.0,1996-02-12,2010-06-17,8.52,2000-05-08
1520,2009-05-28,365000.0,1996-02-19,2010-06-17,8.64,2000-05-15
1521,2009-05-28,368000.0,1996-02-26,2010-06-17,8.62,2000-05-22
1522,2009-05-28,361000.0,1996-03-04,2010-06-17,8.54,2000-05-29
1523,2009-05-28,384000.0,1996-03-11,2010-06-17,8.32,2000-06-05
1524,2009-05-28,426000.0,1996-03-18,2010-06-17,8.22,2000-06-12
1525,2009-05-28,393000.0,1996-03-25,2010-06-17,8.14,2000-06-19
1526,2009-05-28,369000.0,1996-04-01,2010-06-17,8.22,2000-06-26
1527,2009-05-28,357000.0,1996-04-08,2010-06-17,8.16,2000-07-03
1528,2009-05-28,368000.0,1996-04-15,2010-06-17,8.09,2000-07-10
1529,2009-05-28,343000.0,1996-04-22,2010-06-17,8.21,2000-07-17
1530,2009-05-28,338000.0,1996-04-29,2010-06-17,8.13,2000-07-24
1531,2009-05-28,352000.0,1996-05-06,2010-06-17,8.12,2000-07-31
1532,2009-05-28,345000.0,1996-05-13,2010-06-17,8.04,2000-08-07
1533,2009-05-28,343000.0,1996-05-20,2010-06-17,7.96,2000-08-14
1534,2009-05-28,340000.0,1996-05-27,2010-06-17,7.99,2000-08-21
1535,2009-05-28,351000.0,1996-06-03,2010-06-17,7.96,2000-08-28
1536,2009-05-28,342000.0,1996-06-10,2010-06-17,7.94,2000-09-04
1537,2009-05-28,341000.0,1996-06-17,2010-06-17,7.88,2000-09-11
1538,2009-05-28,337000.0,1996-06-24,2010-06-17,7.9,2000-09-18
1539,2009-05-28,342000.0,1996-07-01,2010-06-17,7.88,2000-09-25
1540,2009-05-28,347000.0,1996-07-08,2010-06-17,7.83,2000-10-02
1541,2009-05-28,332000.0,1996-07-15,2010-06-17,7.84,2000-10-09
1542,2009-05-28,327000.0,1996-07-22,2010-06-17,7.83,2000-10-16
1543,2009-05-28,326000.0,1996-07-29,2010-06-17,7.68,2000-10-23
1544,2009-05-28,331000.0,1996-08-05,2010-06-17,7.73,2000-10-30
1545,2009-05-28,336000.0,1996-08-12,2010-06-17,7.79,2000-11-06
1546,2009-05-28,337000.0,1996-08-19,2010-06-17,7.73,2000-11-13
1547,2009-05-28,329000.0,1996-08-26,2010-06-17,7.73,2000-11-20
1548,2009-05-28,333000.0,1996-09-02,2010-06-17,7.65,2000-11-27
1549,2009-05-28,338000.0,1996-09-09,2010-06-17,7.54,2000-12-04
1550,2009-05-28,352000.0,1996-09-16,2010-06-17,7.42,2000-12-11
1551,2009-05-28,348000.0,1996-09-23,2010-06-17,7.17,2000-12-18
1552,2009-05-28,335000.0,1996-09-30,2010-06-17,7.13,2000-12-25
1553,2009-05-28,334000.0,1996-10-07,2010-06-17,7.07,2001-01-01
1554,2009-05-28,335000.0,1996-10-14,2010-06-17,6.89,2001-01-08
1555,2009-05-28,352000.0,1996-10-21,2010-06-17,7.02,2001-01-15
1556,2009-05-28,334000.0,1996-10-28,2010-06-17,7.15,2001-01-22
1557,2009-05-28,327000.0,1996-11-04,2010-06-17,7.09,2001-01-29
1558,2009-05-28,342000.0,1996-11-11,2010-06-17,6.98,2001-02-05
1559,2009-05-28,347000.0,1996-11-18,2010-06-17,7.01,2001-02-12
1560,2009-05-28,332000.0,1996-11-25,2010-06-17,7.12,2001-02-19
1561,2009-05-28,355000.0,1996-12-02,2010-06-17,7.03,2001-02-26
1562,2009-05-28,352000.0,1996-12-09,2010-06-17,6.97,2001-03-05
1563,2009-05-28,350000.0,1996-12-16,2010-06-17,6.96,2001-03-12
1564,2009-05-28,357000.0,1996-12-23,2010-06-17,6.89,2001-03-19
1565,2009-05-28,347000.0,1996-12-30,2010-06-17,6.91,2001-03-26
1566,2009-05-28,324000.0,1997-01-06,2010-06-17,7.01,2001-04-02
1567,2009-05-28,345000.0,1997-01-13,2010-06-17,7.04,2001-04-09
1568,2009-05-28,340000.0,1997-01-20,2010-06-17,7.14,2001-04-16
1569,2009-05-28,333000.0,1997-01-27,2010-06-17,7.12,2001-04-23
1570,2009-05-28,315000.0,1997-02-03,2010-06-17,7.14,2001-04-30
1571,2009-05-28,313000.0,1997-02-10,2010-06-17,7.1,2001-05-07
1572,2009-05-28,322000.0,1997-02-17,2010-06-17,7.14,2001-05-14
1573,2009-05-28,321000.0,1997-02-24,2010-06-17,7.2,2001-05-21
1574,2009-05-28,317000.0,1997-03-03,2010-06-17,7.24,2001-05-28
1575,2009-05-28,319000.0,1997-03-10,2010-06-17,7.2,2001-06-04
1576,2009-05-28,315000.0,1997-03-17,2010-06-17,7.14,2001-06-11
1577,2009-05-28,325000.0,1997-03-24,2010-06-17,7.11,2001-06-18
1578,2009-05-28,325000.0,1997-03-31,2010-06-17,7.11,2001-06-25
1579,2009-05-28,330000.0,1997-04-07,2010-06-17,7.19,2001-07-02
1580,2009-05-28,316000.0,1997-04-14,2010-06-17,7.21,2001-07-09
1581,2009-05-28,337000.0,1997-04-21,2010-06-17,7.08,2001-07-16
1582,2009-05-28,342000.0,1997-04-28,2010-06-17,7.03,2001-07-23
1583,2009-05-28,318000.0,1997-05-05,2010-06-17,7.0,2001-07-30
1584,2009-05-28,322000.0,1997-05-12,2010-06-17,7.0,2001-08-06
1585,2009-05-28,316000.0,1997-05-19,2010-06-17,6.92,2001-08-13
1586,2009-05-28,321000.0,1997-05-26,2010-06-17,6.91,2001-08-20
1587,2009-05-28,329000.0,1997-06-02,2010-06-17,6.92,2001-08-27
1588,2009-05-28,335000.0,1997-06-09,2010-06-17,6.89,2001-09-03
1589,2009-05-28,316000.0,1997-06-16,2010-06-17,6.86,2001-09-10
1590,2009-05-28,322000.0,1997-06-23,2010-06-17,6.8,2001-09-17
1591,2009-05-28,346000.0,1997-06-30,2010-06-17,6.72,2001-09-24
1592,2009-05-28,328000.0,1997-07-07,2010-06-17,6.64,2001-10-01
1593,2009-05-28,301000.0,1997-07-14,2010-06-17,6.58,2001-10-08
1594,2009-05-28,306000.0,1997-07-21,2010-06-17,6.61,2001-10-15
1595,2009-05-28,320000.0,1997-07-28,2010-06-17,6.64,2001-10-22
1596,2009-05-28,329000.0,1997-08-04,2010-06-17,6.56,2001-10-29
1597,2009-05-28,343000.0,1997-08-11,2010-06-17,6.45,2001-11-05
1598,2009-05-28,327000.0,1997-08-18,2010-06-17,6.51,2001-11-12
1599,2009-05-28,332000.0,1997-08-25,2010-06-17,6.75,2001-11-19
1600,2009-05-28,313000.0,1997-09-01,2010-06-17,7.02,2001-11-26
1601,2009-05-28,314000.0,1997-09-08,2010-06-17,6.84,2001-12-03
1602,2009-05-28,317000.0,1997-09-15,2010-06-17,7.09,2001-12-10
1603,2009-05-28,317000.0,1997-09-22,2010-06-17,7.17,2001-12-17
1604,2009-05-28,311000.0,1997-09-29,2010-06-17,7.16,2001-12-24
1605,2009-05-28,305000.0,1997-10-06,2010-06-17,7.14,2001-12-31
1606,2009-05-28,318000.0,1997-10-13,2010-06-17,7.06,2002-01-07
1607,2009-05-28,306000.0,1997-10-20,2010-06-17,6.83,2002-01-14
1608,2009-05-28,313000.0,1997-10-27,2010-06-17,6.96,2002-01-21
1609,2009-05-28,308000.0,1997-11-03,2010-06-17,7.02,2002-01-28
1610,2009-05-28,325000.0,1997-11-10,2010-06-17,6.88,2002-02-04
1611,2009-05-28,309000.0,1997-11-17,2010-06-17,6.86,2002-02-11
1612,2009-05-28,318000.0,1997-11-24,2010-06-17,6.81,2002-02-18
1613,2009-05-28,317000.0,1997-12-01,2010-06-17,6.8,2002-02-25
1614,2009-05-28,323000.0,1997-12-08,2010-06-17,6.87,2002-03-04
1615,2009-05-28,310000.0,1997-12-15,2010-06-17,7.08,2002-03-11
1616,2009-05-28,303000.0,1997-12-22,2010-06-17,7.14,2002-03-18
1617,2009-05-28,312000.0,1997-12-29,2010-06-17,7.18,2002-03-25
1618,2009-05-28,331000.0,1998-01-05,2010-06-17,7.13,2002-04-01
1619,2009-05-28,341000.0,1998-01-12,2010-06-17,6.99,2002-04-08
1620,2009-05-28,307000.0,1998-01-19,2010-06-17,6.94,2002-04-15
1621,2009-05-28,315000.0,1998-01-26,2010-06-17,6.88,2002-04-22
1622,2009-05-28,311000.0,1998-02-02,2010-06-17,6.78,2002-04-29
1623,2009-05-28,321000.0,1998-02-09,2010-06-17,6.79,2002-05-06
1624,2009-05-28,327000.0,1998-02-16,2010-06-17,6.89,2002-05-13
1625,2009-05-28,317000.0,1998-02-23,2010-06-17,6.81,2002-05-20
1626,2009-05-28,308000.0,1998-03-02,2010-06-17,6.76,2002-05-27
1627,2009-05-28,319000.0,1998-03-09,2010-06-17,6.71,2002-06-03
1628,2009-05-28,321000.0,1998-03-16,2010-06-17,6.71,2002-06-10
1629,2009-05-28,312000.0,1998-03-23,2010-06-17,6.63,2002-06-17
1630,2009-05-28,312000.0,1998-03-30,2010-06-17,6.55,2002-06-24
1631,2009-05-28,304000.0,1998-04-06,2010-06-17,6.57,2002-07-01
1632,2009-05-28,317000.0,1998-04-13,2010-06-17,6.54,2002-07-08
1633,2009-05-28,311000.0,1998-04-20,2010-06-17,6.49,2002-07-15
1634,2009-05-28,304000.0,1998-04-27,2010-06-17,6.34,2002-07-22
1635,2009-05-28,306000.0,1998-05-04,2010-06-17,6.43,2002-07-29
1636,2009-05-28,315000.0,1998-05-11,2010-06-17,6.31,2002-08-05
1637,2009-05-28,309000.0,1998-05-18,2010-06-17,6.22,2002-08-12
1638,2009-05-28,322000.0,1998-05-25,2010-06-17,6.27,2002-08-19
1639,2009-05-28,306000.0,1998-06-01,2010-06-17,6.22,2002-08-26
1640,2009-05-28,321000.0,1998-06-08,2010-06-17,6.15,2002-09-02
1641,2009-05-28,349000.0,1998-06-15,2010-06-17,6.18,2002-09-09
1642,2009-05-28,376000.0,1998-06-22,2010-06-17,6.05,2002-09-16
1643,2009-05-28,362000.0,1998-06-29,2010-06-17,5.99,2002-09-23
1644,2009-05-28,320000.0,1998-07-06,2010-06-17,6.01,2002-09-30
1645,2009-05-28,315000.0,1998-07-13,2010-06-17,5.98,2002-10-07
1646,2009-05-28,335000.0,1998-07-20,2010-06-17,6.15,2002-10-14
1647,2009-05-28,327000.0,1998-07-27,2010-06-17,6.31,2002-10-21
1648,2009-05-28,316000.0,1998-08-03,2010-06-17,6.13,2002-10-28
1649,2009-05-28,308000.0,1998-08-10,2010-06-17,6.11,2002-11-04
1650,2009-05-28,302000.0,1998-08-17,2010-06-17,5.94,2002-11-11
1651,2009-05-28,310000.0,1998-08-24,2010-06-17,6.03,2002-11-18
1652,2009-05-28,313000.0,1998-08-31,2010-06-17,6.13,2002-11-25
1653,2009-05-28,304000.0,1998-09-07,2010-06-17,6.19,2002-12-02
1654,2009-05-28,305000.0,1998-09-14,2010-06-17,6.04,2002-12-09
1655,2009-05-28,294000.0,1998-09-21,2010-06-17,6.03,2002-12-16
1656,2009-05-28,302000.0,1998-09-28,2010-06-17,5.93,2002-12-23
1657,2009-05-28,316000.0,1998-10-05,2010-06-17,5.85,2002-12-30
1658,2009-05-28,318000.0,1998-10-12,2010-06-17,5.95,2003-01-06
1659,2009-05-28,309000.0,1998-10-19,2010-06-17,5.97,2003-01-13
1660,2009-05-28,308000.0,1998-10-26,2010-06-17,5.91,2003-01-20
1661,2009-05-28,316000.0,1998-11-02,2010-06-17,5.9,2003-01-27
1662,2009-05-28,334000.0,1998-11-09,2010-06-17,5.88,2003-02-03
1663,2009-05-28,304000.0,1998-11-16,2010-06-17,5.86,2003-02-10
1664,2009-05-28,310000.0,1998-11-23,2010-06-17,5.84,2003-02-17
1665,2009-05-28,326000.0,1998-11-30,2010-06-17,5.79,2003-02-24
1666,2009-05-28,305000.0,1998-12-07,2010-06-17,5.67,2003-03-03
1667,2009-05-28,297000.0,1998-12-14,2010-06-17,5.61,2003-03-10
1668,2009-05-28,336000.0,1998-12-21,2010-06-17,5.79,2003-03-17
1669,2009-05-28,331000.0,1998-12-28,2010-06-17,5.91,2003-03-24
1670,2009-05-28,345000.0,1999-01-04,2010-06-17,5.79,2003-03-31
1671,2009-05-28,339000.0,1999-01-11,2010-06-17,5.85,2003-04-07
1672,2009-05-28,311000.0,1999-01-18,2010-06-17,5.82,2003-04-14
1673,2009-05-28,305000.0,1999-01-25,2010-06-17,5.79,2003-04-21
1674,2009-05-28,291000.0,1999-02-01,2010-06-17,5.7,2003-04-28
1675,2009-05-28,312000.0,1999-02-08,2010-06-17,5.62,2003-05-05
1676,2009-05-28,302000.0,1999-02-15,2010-06-17,5.45,2003-05-12
1677,2009-05-28,301000.0,1999-02-22,2010-06-17,5.34,2003-05-19
1678,2009-05-28,300000.0,1999-03-01,2010-06-17,5.31,2003-05-26
1679,2009-05-28,308000.0,1999-03-08,2010-06-17,5.26,2003-06-02
1680,2009-05-28,305000.0,1999-03-15,2010-06-17,5.21,2003-06-09
1681,2009-05-28,298000.0,1999-03-22,2010-06-17,5.21,2003-06-16
1682,2009-05-28,310000.0,1999-03-29,2010-06-17,5.24,2003-06-23
1683,2009-05-28,319000.0,1999-04-05,2010-06-17,5.4,2003-06-30
1684,2009-05-28,314000.0,1999-04-12,2010-06-17,5.52,2003-07-07
1685,2009-05-28,291000.0,1999-04-19,2010-06-17,5.67,2003-07-14
1686,2009-05-28,296000.0,1999-04-26,2010-06-17,5.94,2003-07-21
1687,2009-05-28,310000.0,1999-05-03,2010-06-17,6.14,2003-07-28
1688,2009-05-28,301000.0,1999-05-10,2010-06-17,6.34,2003-08-04
1689,2009-05-28,298000.0,1999-05-17,2010-06-17,6.24,2003-08-11
1690,2009-05-28,303000.0,1999-05-24,2010-06-17,6.28,2003-08-18
1691,2009-05-28,303000.0,1999-05-31,2010-06-17,6.32,2003-08-25
1692,2009-05-28,290000.0,1999-06-07,2010-06-17,6.44,2003-09-01
1693,2009-05-28,292000.0,1999-06-14,2010-06-17,6.16,2003-09-08
1694,2009-05-28,291000.0,1999-06-21,2010-06-17,6.01,2003-09-15
1695,2009-05-28,287000.0,1999-06-28,2010-06-17,5.98,2003-09-22
1696,2009-05-28,288000.0,1999-07-05,2010-06-17,5.77,2003-09-29
1697,2009-05-28,309000.0,1999-07-12,2010-06-17,5.95,2003-10-06
1698,2009-05-28,306000.0,1999-07-19,2010-06-17,6.05,2003-10-13
1699,2009-05-28,300000.0,1999-07-26,2010-06-17,6.05,2003-10-20
1700,2009-05-28,295000.0,1999-08-02,2010-06-17,5.94,2003-10-27
1701,2009-05-28,292000.0,1999-08-09,2010-06-17,5.98,2003-11-03
1702,2009-05-28,286000.0,1999-08-16,2010-06-17,6.03,2003-11-10
1703,2009-05-28,290000.0,1999-08-23,2010-06-17,5.83,2003-11-17
1704,2009-05-28,290000.0,1999-08-30,2010-06-17,5.89,2003-11-24
1705,2009-05-28,281000.0,1999-09-06,2010-06-17,6.02,2003-12-01
1706,2009-05-28,281000.0,1999-09-13,2010-06-17,5.88,2003-12-08
1707,2009-05-28,306000.0,1999-09-20,2010-06-17,5.82,2003-12-15
1708,2009-05-28,309000.0,1999-09-27,2010-06-17,5.81,2003-12-22
1709,2009-05-28,291000.0,1999-10-04,2010-06-17,5.85,2003-12-29
1710,2009-05-28,287000.0,1999-10-11,2010-06-17,5.87,2004-01-05
1711,2009-05-28,280000.0,1999-10-18,2010-06-17,5.66,2004-01-12
1712,2009-05-28,285000.0,1999-10-25,2010-06-17,5.64,2004-01-19
1713,2009-05-28,282000.0,1999-11-01,2010-06-17,5.68,2004-01-26
1714,2009-05-28,281000.0,1999-11-08,2010-06-17,5.72,2004-02-02
1715,2009-05-28,276000.0,1999-11-15,2010-06-17,5.66,2004-02-09
1716,2009-05-28,288000.0,1999-11-22,2010-06-17,5.58,2004-02-16
1717,2009-05-28,287000.0,1999-11-29,2010-06-17,5.58,2004-02-23
1718,2009-05-28,272000.0,1999-12-06,2010-06-17,5.59,2004-03-01
1719,2009-05-28,287000.0,1999-12-13,2010-06-17,5.41,2004-03-08
1720,2009-05-28,268000.0,1999-12-20,2010-06-17,5.38,2004-03-15
1721,2009-05-28,286000.0,1999-12-27,2010-06-17,5.4,2004-03-22
1722,2009-05-28,298000.0,2000-01-03,2010-06-17,5.52,2004-03-29
1723,2009-05-28,289000.0,2000-01-10,2010-06-17,5.79,2004-04-05
1724,2009-05-28,284000.0,2000-01-17,2010-06-17,5.89,2004-04-12
1725,2009-05-28,285000.0,2000-01-24,2010-06-17,5.94,2004-04-19
1726,2009-05-28,312000.0,2000-01-31,2010-06-17,6.01,2004-04-26
1727,2009-05-28,300000.0,2000-02-07,2010-06-17,6.12,2004-05-03
1728,2009-05-28,283000.0,2000-02-14,2010-06-17,6.34,2004-05-10
1729,2009-05-28,280000.0,2000-02-21,2010-06-17,6.3,2004-05-17
1730,2009-05-28,286000.0,2000-02-28,2010-06-17,6.32,2004-05-24
1731,2009-05-28,270000.0,2000-03-06,2010-06-17,6.28,2004-05-31
1732,2009-05-28,271000.0,2000-03-13,2010-06-17,6.3,2004-06-07
1733,2009-05-28,272000.0,2000-03-20,2010-06-17,6.32,2004-06-14
1734,2009-05-28,266000.0,2000-03-27,2010-06-17,6.25,2004-06-21
1735,2009-05-28,268000.0,2000-04-03,2010-06-17,6.21,2004-06-28
1736,2009-05-28,259000.0,2000-04-10,2010-06-17,6.01,2004-07-05
1737,2009-05-28,274000.0,2000-04-17,2010-06-17,6.0,2004-07-12
1738,2009-05-28,291000.0,2000-04-24,2010-06-17,5.98,2004-07-19
1739,2009-05-28,293000.0,2000-05-01,2010-06-17,6.08,2004-07-26
1740,2009-05-28,276000.0,2000-05-08,2010-06-17,5.99,2004-08-02
1741,2009-05-28,280000.0,2000-05-15,2010-06-17,5.85,2004-08-09
1742,2009-05-28,280000.0,2000-05-22,2010-06-17,5.81,2004-08-16
1743,2009-05-28,290000.0,2000-05-29,2010-06-17,5.82,2004-08-23
1744,2009-05-28,284000.0,2000-06-05,2010-06-17,5.77,2004-08-30
1745,2009-05-28,294000.0,2000-06-12,2010-06-17,5.83,2004-09-06
1746,2009-05-28,296000.0,2000-06-19,2010-06-17,5.75,2004-09-13
1747,2009-05-28,281000.0,2000-06-26,2010-06-17,5.7,2004-09-20
1748,2009-05-28,293000.0,2000-07-03,2010-06-17,5.72,2004-09-27
1749,2009-05-28,303000.0,2000-07-10,2010-06-17,5.82,2004-10-04
1750,2009-05-28,300000.0,2000-07-17,2010-06-17,5.74,2004-10-11
1751,2009-05-28,298000.0,2000-07-24,2010-06-17,5.69,2004-10-18
1752,2009-05-28,306000.0,2000-07-31,2010-06-17,5.64,2004-10-25
1753,2009-05-28,315000.0,2000-08-07,2010-06-17,5.7,2004-11-01
1754,2009-05-28,318000.0,2000-08-14,2010-06-17,5.76,2004-11-08
1755,2009-05-28,312000.0,2000-08-21,2010-06-17,5.74,2004-11-15
1756,2009-05-28,301000.0,2000-08-28,2010-06-17,5.72,2004-11-22
1757,2009-05-28,309000.0,2000-09-04,2010-06-17,5.81,2004-11-29
1758,2009-05-28,311000.0,2000-09-11,2010-06-17,5.71,2004-12-06
1759,2009-05-28,288000.0,2000-09-18,2010-06-17,5.68,2004-12-13
1760,2009-05-28,292000.0,2000-09-25,2010-06-17,5.75,2004-12-20
1761,2009-05-28,309000.0,2000-10-02,2010-06-17,5.81,2004-12-27
1762,2009-05-28,299000.0,2000-10-09,2010-06-17,5.77,2005-01-03
1763,2009-05-28,295000.0,2000-10-16,2010-06-17,5.74,2005-01-10
1764,2009-05-28,301000.0,2000-10-23,2010-06-17,5.67,2005-01-17
1765,2009-05-28,331000.0,2000-10-30,2010-06-17,5.66,2005-01-24
1766,2009-05-28,318000.0,2000-11-06,2010-06-17,5.63,2005-01-31
1767,2009-05-28,332000.0,2000-11-13,2010-06-17,5.57,2005-02-07
1768,2009-05-28,356000.0,2000-11-20,2010-06-17,5.62,2005-02-14
1769,2009-05-28,338000.0,2000-11-27,2010-06-17,5.69,2005-02-21
1770,2009-05-28,321000.0,2000-12-04,2010-06-17,5.79,2005-02-28
1771,2009-05-28,354000.0,2000-12-11,2010-06-17,5.85,2005-03-07
1772,2009-05-28,364000.0,2000-12-18,2010-06-17,5.95,2005-03-14
1773,2009-05-28,353000.0,2000-12-25,2010-06-17,6.01,2005-03-21
1774,2009-05-28,337000.0,2001-01-01,2010-06-17,6.04,2005-03-28
1775,2009-05-28,318000.0,2001-01-08,2010-06-17,5.93,2005-04-04
1776,2009-05-28,343000.0,2001-01-15,2010-06-17,5.91,2005-04-11
1777,2009-05-28,362000.0,2001-01-22,2010-06-17,5.8,2005-04-18
1778,2009-05-28,376000.0,2001-01-29,2010-06-17,5.78,2005-04-25
1779,2009-05-28,365000.0,2001-02-05,2010-06-17,5.75,2005-05-02
1780,2009-05-28,358000.0,2001-02-12,2010-06-17,5.77,2005-05-09
1781,2009-05-28,386000.0,2001-02-19,2010-06-17,5.71,2005-05-16
1782,2009-05-28,384000.0,2001-02-26,2010-06-17,5.65,2005-05-23
1783,2009-05-28,393000.0,2001-03-05,2010-06-17,5.62,2005-05-30
1784,2009-05-28,393000.0,2001-03-12,2010-06-17,5.56,2005-06-06
1785,2009-05-28,378000.0,2001-03-19,2010-06-17,5.63,2005-06-13
1786,2009-05-28,388000.0,2001-03-26,2010-06-17,5.57,2005-06-20
1787,2009-05-28,398000.0,2001-04-02,2010-06-17,5.53,2005-06-27
1788,2009-05-28,383000.0,2001-04-09,2010-06-17,5.62,2005-07-04
1789,2009-05-28,400000.0,2001-04-16,2010-06-17,5.66,2005-07-11
1790,2009-05-28,406000.0,2001-04-23,2010-06-17,5.73,2005-07-18
1791,2009-05-28,381000.0,2001-04-30,2010-06-17,5.77,2005-07-25
1792,2009-05-28,390000.0,2001-05-07,2010-06-17,5.82,2005-08-01
1793,2009-05-28,402000.0,2001-05-14,2010-06-17,5.89,2005-08-08
1794,2009-05-28,405000.0,2001-05-21,2010-06-17,5.8,2005-08-15
1795,2009-05-28,406000.0,2001-05-28,2010-06-17,5.77,2005-08-22
1796,2009-05-28,411000.0,2001-06-04,2010-06-17,5.71,2005-08-29
1797,2009-05-28,394000.0,2001-06-11,2010-06-17,5.71,2005-09-05
1798,2009-05-28,381000.0,2001-06-18,2010-06-17,5.74,2005-09-12
1799,2009-05-28,394000.0,2001-06-25,2010-06-17,5.8,2005-09-19
1800,2009-05-28,401000.0,2001-07-02,2010-06-17,5.91,2005-09-26
1801,2009-05-28,405000.0,2001-07-09,2010-06-17,5.98,2005-10-03
1802,2009-05-28,398000.0,2001-07-16,2010-06-17,6.03,2005-10-10
1803,2009-05-28,388000.0,2001-07-23,2010-06-17,6.1,2005-10-17
1804,2009-05-28,401000.0,2001-07-30,2010-06-17,6.15,2005-10-24
1805,2009-05-28,394000.0,2001-08-06,2010-06-17,6.31,2005-10-31
1806,2009-05-28,402000.0,2001-08-13,2010-06-17,6.36,2005-11-07
1807,2009-05-28,395000.0,2001-08-20,2010-06-17,6.37,2005-11-14
1808,2009-05-28,402000.0,2001-08-27,2010-06-17,6.28,2005-11-21
1809,2009-05-28,408000.0,2001-09-03,2010-06-17,6.26,2005-11-28
1810,2009-05-28,395000.0,2001-09-10,2010-06-17,6.32,2005-12-05
1811,2009-05-28,453000.0,2001-09-17,2010-06-17,6.3,2005-12-12
1812,2009-05-28,517000.0,2001-09-24,2010-06-17,6.26,2005-12-19
1813,2009-05-28,476000.0,2001-10-01,2010-06-17,6.22,2005-12-26
1814,2009-05-28,482000.0,2001-10-08,2010-06-17,6.21,2006-01-02
1815,2009-05-28,482000.0,2001-10-15,2010-06-17,6.15,2006-01-09
1816,2009-05-28,483000.0,2001-10-22,2010-06-17,6.1,2006-01-16
1817,2009-05-28,440000.0,2001-10-29,2010-06-17,6.12,2006-01-23
1818,2009-05-28,428000.0,2001-11-05,2010-06-17,6.23,2006-01-30
1819,2009-05-28,431000.0,2001-11-12,2010-06-17,6.24,2006-02-06
1820,2009-05-28,491000.0,2001-11-19,2010-06-17,6.28,2006-02-13
1821,2009-05-28,465000.0,2001-11-26,2010-06-17,6.26,2006-02-20
1822,2009-05-28,393000.0,2001-12-03,2010-06-17,6.24,2006-02-27
1823,2009-05-28,389000.0,2001-12-10,2010-06-17,6.37,2006-03-06
1824,2009-05-28,416000.0,2001-12-17,2010-06-17,6.34,2006-03-13
1825,2009-05-28,421000.0,2001-12-24,2010-06-17,6.32,2006-03-20
1826,2009-05-28,397000.0,2001-12-31,2010-06-17,6.35,2006-03-27
1827,2009-05-28,418000.0,2002-01-07,2010-06-17,6.43,2006-04-03
1828,2009-05-28,405000.0,2002-01-14,2010-06-17,6.49,2006-04-10
1829,2009-05-28,414000.0,2002-01-21,2010-06-17,6.53,2006-04-17
1830,2009-05-28,404000.0,2002-01-28,2010-06-17,6.58,2006-04-24
1831,2009-05-28,397000.0,2002-02-04,2010-06-17,6.59,2006-05-01
1832,2009-05-28,397000.0,2002-02-11,2010-06-17,6.58,2006-05-08
1833,2009-05-28,398000.0,2002-02-18,2010-06-17,6.6,2006-05-15
1834,2009-05-28,392000.0,2002-02-25,2010-06-17,6.62,2006-05-22
1835,2009-05-28,399000.0,2002-03-04,2010-06-17,6.67,2006-05-29
1836,2009-05-28,392000.0,2002-03-11,2010-06-17,6.62,2006-06-05
1837,2009-05-28,415000.0,2002-03-18,2010-06-17,6.63,2006-06-12
1838,2009-05-28,479000.0,2002-03-25,2010-06-17,6.71,2006-06-19
1839,2009-05-28,445000.0,2002-04-01,2010-06-17,6.78,2006-06-26
1840,2009-05-28,442000.0,2002-04-08,2010-06-17,6.79,2006-07-03
1841,2009-05-28,416000.0,2002-04-15,2010-06-17,6.74,2006-07-10
1842,2009-05-28,414000.0,2002-04-22,2010-06-17,6.8,2006-07-17
1843,2009-05-28,409000.0,2002-04-29,2010-06-17,6.72,2006-07-24
1844,2009-05-28,413000.0,2002-05-06,2010-06-17,6.63,2006-07-31
1845,2009-05-28,411000.0,2002-05-13,2010-06-17,6.55,2006-08-07
1846,2009-05-28,403000.0,2002-05-20,2010-06-17,6.52,2006-08-14
1847,2009-05-28,378000.0,2002-05-27,2010-06-17,6.48,2006-08-21
1848,2009-05-28,388000.0,2002-06-03,2010-06-17,6.44,2006-08-28
1849,2009-05-28,396000.0,2002-06-10,2010-06-17,6.47,2006-09-04
1850,2009-05-28,388000.0,2002-06-17,2010-06-17,6.43,2006-09-11
1851,2009-05-28,386000.0,2002-06-24,2010-06-17,6.4,2006-09-18
1852,2009-05-28,391000.0,2002-07-01,2010-06-17,6.31,2006-09-25
1853,2009-05-28,384000.0,2002-07-08,2010-06-17,6.3,2006-10-02
1854,2009-05-28,379000.0,2002-07-15,2010-06-17,6.37,2006-10-09
1855,2009-05-28,390000.0,2002-07-22,2010-06-17,6.36,2006-10-16
1856,2009-05-28,388000.0,2002-07-29,2010-06-17,6.4,2006-10-23
1857,2009-05-28,389000.0,2002-08-05,2010-06-17,6.31,2006-10-30
1858,2009-05-28,399000.0,2002-08-12,2010-06-17,6.33,2006-11-06
1859,2009-05-28,398000.0,2002-08-19,2010-06-17,6.24,2006-11-13
1860,2009-05-28,394000.0,2002-08-26,2010-06-17,6.18,2006-11-20
1861,2009-05-28,416000.0,2002-09-02,2010-06-17,6.14,2006-11-27
1862,2009-05-28,412000.0,2002-09-09,2010-06-17,6.11,2006-12-04
1863,2009-05-28,401000.0,2002-09-16,2010-06-17,6.12,2006-12-11
1864,2009-05-28,409000.0,2002-09-23,2010-06-17,6.13,2006-12-18
1865,2009-05-28,404000.0,2002-09-30,2010-06-17,6.18,2006-12-25
1866,2009-05-28,405000.0,2002-10-07,2010-06-17,6.18,2007-01-01
1867,2009-05-28,412000.0,2002-10-14,2010-06-17,6.21,2007-01-08
1868,2009-05-28,409000.0,2002-10-21,2010-06-17,6.23,2007-01-15
1869,2009-05-28,405000.0,2002-10-28,2010-06-17,6.25,2007-01-22
1870,2009-05-28,400000.0,2002-11-04,2010-06-17,6.34,2007-01-29
1871,2009-05-28,389000.0,2002-11-11,2010-06-17,6.28,2007-02-05
1872,2009-05-28,390000.0,2002-11-18,2010-06-17,6.3,2007-02-12
1873,2009-05-28,377000.0,2002-11-25,2010-06-17,6.22,2007-02-19
1874,2009-05-28,425000.0,2002-12-02,2010-06-17,6.18,2007-02-26
1875,2009-05-28,429000.0,2002-12-09,2010-06-17,6.14,2007-03-05
1876,2009-05-28,394000.0,2002-12-16,2010-06-17,6.14,2007-03-12
1877,2009-05-28,409000.0,2002-12-23,2010-06-17,6.16,2007-03-19
1878,2009-05-28,393000.0,2002-12-30,2010-06-17,6.16,2007-03-26
1879,2009-05-28,378000.0,2003-01-06,2010-06-17,6.17,2007-04-02
1880,2009-05-28,402000.0,2003-01-13,2010-06-17,6.22,2007-04-09
1881,2009-05-28,407000.0,2003-01-20,2010-06-17,6.17,2007-04-16
1882,2009-05-28,413000.0,2003-01-27,2010-06-17,6.16,2007-04-23
1883,2009-05-28,390000.0,2003-02-03,2010-06-17,6.16,2007-04-30
1884,2009-05-28,420000.0,2003-02-10,2010-06-17,6.15,2007-05-07
1885,2009-05-28,421000.0,2003-02-17,2010-06-17,6.21,2007-05-14
1886,2009-05-28,436000.0,2003-02-24,2010-06-17,6.37,2007-05-21
1887,2009-05-28,424000.0,2003-03-03,2010-06-17,6.42,2007-05-28
1888,2009-05-28,430000.0,2003-03-10,2010-06-17,6.53,2007-06-04
1889,2009-05-28,411000.0,2003-03-17,2010-06-17,6.74,2007-06-11
1890,2009-05-28,436000.0,2003-03-24,2010-06-17,6.69,2007-06-18
1891,2009-05-28,417000.0,2003-03-31,2010-06-17,6.67,2007-06-25
1892,2009-05-28,434000.0,2003-04-07,2010-06-17,6.63,2007-07-02
1893,2009-05-28,450000.0,2003-04-14,2010-06-17,6.73,2007-07-09
1894,2009-05-28,444000.0,2003-04-21,2010-06-17,6.73,2007-07-16
1895,2009-05-28,428000.0,2003-04-28,2010-06-17,6.69,2007-07-23
1896,2009-05-28,417000.0,2003-05-05,2010-06-17,6.68,2007-07-30
1897,2009-05-28,425000.0,2003-05-12,2010-06-17,6.59,2007-08-06
1898,2009-05-28,419000.0,2003-05-19,2010-06-17,6.62,2007-08-13
1899,2009-05-28,431000.0,2003-05-26,2010-06-17,6.52,2007-08-20
1900,2009-05-28,429000.0,2003-06-02,2010-06-17,6.45,2007-08-27
1901,2009-05-28,421000.0,2003-06-09,2010-06-17,6.46,2007-09-03
1902,2009-05-28,408000.0,2003-06-16,2010-06-17,6.31,2007-09-10
1903,2009-05-28,429000.0,2003-06-23,2010-06-17,6.34,2007-09-17
1904,2009-05-28,433000.0,2003-06-30,2010-06-17,6.42,2007-09-24
1905,2009-05-28,412000.0,2003-07-07,2010-06-17,6.37,2007-10-01
1906,2009-05-28,403000.0,2003-07-14,2010-06-17,6.4,2007-10-08
1907,2009-05-28,398000.0,2003-07-21,2010-06-17,6.4,2007-10-15
1908,2009-05-28,401000.0,2003-07-28,2010-06-17,6.33,2007-10-22
1909,2009-05-28,404000.0,2003-08-04,2010-06-17,6.26,2007-10-29
1910,2009-05-28,398000.0,2003-08-11,2010-06-17,6.24,2007-11-05
1911,2009-05-28,391000.0,2003-08-18,2010-06-17,6.24,2007-11-12
1912,2009-05-28,407000.0,2003-08-25,2010-06-17,6.2,2007-11-19
1913,2009-05-28,422000.0,2003-09-01,2010-06-17,6.1,2007-11-26
1914,2009-05-28,394000.0,2003-09-08,2010-06-17,5.96,2007-12-03
1915,2009-05-28,379000.0,2003-09-15,2010-06-17,6.11,2007-12-10
1916,2009-05-28,387000.0,2003-09-22,2010-06-17,6.14,2007-12-17
1917,2009-05-28,386000.0,2003-09-29,2010-06-17,6.17,2007-12-24
1918,2009-05-28,376000.0,2003-10-06,2010-06-17,6.07,2007-12-31
1919,2009-05-28,387000.0,2003-10-13,2010-06-17,5.87,2008-01-07
1920,2009-05-28,379000.0,2003-10-20,2010-06-17,5.69,2008-01-14
1921,2009-05-28,363000.0,2003-10-27,2010-06-17,5.48,2008-01-21
1922,2009-05-28,371000.0,2003-11-03,2010-06-17,5.68,2008-01-28
1923,2009-05-28,370000.0,2003-11-10,2010-06-17,5.67,2008-02-04
1924,2009-05-28,354000.0,2003-11-17,2010-06-17,5.72,2008-02-11
1925,2009-05-28,357000.0,2003-11-24,2010-06-17,6.04,2008-02-18
1926,2009-05-28,367000.0,2003-12-01,2010-06-17,6.24,2008-02-25
1927,2009-05-28,363000.0,2003-12-08,2010-06-17,6.03,2008-03-03
1928,2009-05-28,354000.0,2003-12-15,2010-06-17,6.13,2008-03-10
1929,2009-05-28,349000.0,2003-12-22,2010-06-17,5.87,2008-03-17
1930,2009-05-28,356000.0,2003-12-29,2010-06-17,5.85,2008-03-24
1931,2009-05-28,354000.0,2004-01-05,2010-06-17,5.88,2008-03-31
1932,2009-05-28,362000.0,2004-01-12,2010-06-17,5.88,2008-04-07
1933,2009-05-28,353000.0,2004-01-19,2010-06-17,5.88,2008-04-14
1934,2009-05-28,376000.0,2004-01-26,2010-06-17,6.03,2008-04-21
1935,2009-05-28,380000.0,2004-02-02,2010-06-17,6.06,2008-04-28
1936,2009-05-28,356000.0,2004-02-09,2010-06-17,6.05,2008-05-05
1937,2009-05-28,359000.0,2004-02-16,2010-06-17,6.01,2008-05-12
1938,2009-05-28,348000.0,2004-02-23,2010-06-17,5.98,2008-05-19
1939,2009-05-28,344000.0,2004-03-01,2010-06-17,6.08,2008-05-26
1940,2009-05-28,338000.0,2004-03-08,2010-06-17,6.09,2008-06-02
1941,2009-05-28,346000.0,2004-03-15,2010-06-17,6.32,2008-06-09
1942,2009-05-28,340000.0,2004-03-22,2010-06-17,6.42,2008-06-16
1943,2009-05-28,335000.0,2004-03-29,2010-06-17,6.45,2008-06-23
1944,2009-05-28,355000.0,2004-04-05,2010-06-17,6.35,2008-06-30
1945,2009-05-28,364000.0,2004-04-12,2010-06-17,6.37,2008-07-07
1946,2009-05-28,339000.0,2004-04-19,2010-06-17,6.26,2008-07-14
1947,2009-05-28,324000.0,2004-04-26,2010-06-17,6.63,2008-07-21
1948,2009-05-28,329000.0,2004-05-03,2010-06-17,6.52,2008-07-28
1949,2009-05-28,349000.0,2004-05-10,2010-06-17,6.52,2008-08-04
1950,2009-05-28,342000.0,2004-05-17,2010-06-17,6.52,2008-08-11
1951,2009-05-28,337000.0,2004-05-24,2010-06-17,6.47,2008-08-18
1952,2009-05-28,355000.0,2004-05-31,2010-06-17,6.4,2008-08-25
1953,2009-05-28,339000.0,2004-06-07,2010-06-17,6.35,2008-09-01
1954,2009-05-28,354000.0,2004-06-14,2010-06-17,5.93,2008-09-08
1955,2009-05-28,348000.0,2004-06-21,2010-06-17,5.78,2008-09-15
1956,2009-05-28,326000.0,2004-06-28,2010-06-17,6.09,2008-09-22
1957,2009-05-28,345000.0,2004-07-05,2010-06-17,6.1,2008-09-29
1958,2009-05-28,355000.0,2004-07-12,2010-06-17,5.94,2008-10-06
1959,2009-05-28,348000.0,2004-07-19,2010-06-17,6.46,2008-10-13
1960,2009-05-28,341000.0,2004-07-26,2010-06-17,6.04,2008-10-20
1961,2009-05-28,336000.0,2004-08-02,2010-06-17,6.46,2008-10-27
1962,2009-05-28,332000.0,2004-08-09,2010-06-17,6.2,2008-11-03
1963,2009-05-28,343000.0,2004-08-16,2010-06-17,6.14,2008-11-10
1964,2009-05-28,352000.0,2004-08-23,2010-06-17,6.04,2008-11-17
1965,2009-05-28,326000.0,2004-08-30,2010-06-17,5.97,2008-11-24
1966,2009-05-28,331000.0,2004-09-06,2010-06-17,5.53,2008-12-01
1967,2009-05-28,341000.0,2004-09-13,2010-06-17,5.47,2008-12-08
1968,2009-05-28,351000.0,2004-09-20,2010-06-17,5.19,2008-12-15
1969,2009-05-28,335000.0,2004-09-27,2010-06-17,5.14,2008-12-22
1970,2009-05-28,338000.0,2004-10-04,2010-06-17,5.1,2008-12-29
1971,2009-05-28,327000.0,2004-10-11,2010-06-17,5.01,2009-01-05
1972,2009-05-28,338000.0,2004-10-18,2010-06-17,4.96,2009-01-12
1973,2009-05-28,332000.0,2004-10-25,2010-06-17,5.12,2009-01-19
1974,2009-05-28,330000.0,2004-11-01,2010-06-17,5.1,2009-01-26
1975,2009-05-28,337000.0,2004-11-08,2010-06-17,5.25,2009-02-02
1976,2009-05-28,313000.0,2004-11-15,2010-06-17,5.16,2009-02-09
1977,2009-05-28,335000.0,2004-11-22,2010-06-17,5.04,2009-02-16
1978,2009-05-28,343000.0,2004-11-29,2010-06-17,5.07,2009-02-23
1979,2009-05-28,316000.0,2004-12-06,2010-06-17,5.15,2009-03-02
1980,2009-05-28,322000.0,2004-12-13,2010-06-17,5.03,2009-03-09
1981,2009-05-28,320000.0,2004-12-20,2010-06-17,4.98,2009-03-16
1982,2009-05-28,354000.0,2004-12-27,2010-06-17,4.85,2009-03-23
1983,2010-03-25,356000.0,2004-12-27,2010-06-17,4.78,2009-03-30
1984,2009-05-28,361000.0,2005-01-03,2010-06-17,4.87,2009-04-06
1985,2010-03-25,369000.0,2005-01-03,2010-06-17,4.82,2009-04-13
1986,2009-05-28,335000.0,2005-01-10,2010-06-17,4.8,2009-04-20
1987,2010-03-25,332000.0,2005-01-10,2010-06-17,4.78,2009-04-27
1988,2009-05-28,328000.0,2005-01-17,2010-06-17,4.84,2009-05-04
1989,2010-03-25,329000.0,2005-01-17,2010-06-17,4.86,2009-05-11
1990,2009-05-28,330000.0,2005-01-24,2010-06-17,4.82,2009-05-18
1991,2010-03-25,331000.0,2005-01-24,2010-06-17,4.91,2009-05-25
1992,2009-05-28,307000.0,2005-01-31,2010-06-17,5.29,2009-06-01
1993,2009-05-28,308000.0,2005-02-07,2010-06-17,5.59,2009-06-08
1994,2009-05-28,320000.0,2005-02-14,2010-06-17,5.38,2009-06-15
1995,2010-03-25,318000.0,2005-02-14,2010-06-17,5.42,2009-06-22
1996,2009-05-28,314000.0,2005-02-21,2010-06-17,5.32,2009-06-29
1997,2009-05-28,335000.0,2005-02-28,2010-06-17,5.2,2009-07-06
1998,2010-03-25,333000.0,2005-02-28,2010-06-17,5.14,2009-07-13
1999,2009-05-28,325000.0,2005-03-07,2010-06-17,5.2,2009-07-20
2000,2010-03-25,324000.0,2005-03-07,2010-06-17,5.25,2009-07-27
2001,2009-05-28,331000.0,2005-03-14,2010-06-17,5.22,2009-08-03
2002,2010-03-25,329000.0,2005-03-14,2010-06-17,5.29,2009-08-10
2003,2009-05-28,343000.0,2005-03-21,2010-06-17,5.12,2009-08-17
2004,2010-03-25,342000.0,2005-03-21,2010-06-17,5.14,2009-08-24
2005,2009-05-28,338000.0,2005-03-28,2010-06-17,5.08,2009-08-31
2006,2010-03-25,335000.0,2005-03-28,2010-06-17,5.07,2009-09-07
2007,2009-05-28,324000.0,2005-04-04,2010-06-17,5.04,2009-09-14
2008,2010-03-25,323000.0,2005-04-04,2010-06-17,5.04,2009-09-21
2009,2009-05-28,309000.0,2005-04-11,2010-06-17,4.94,2009-09-28
2010,2010-03-25,307000.0,2005-04-11,2010-06-17,4.87,2009-10-05
2011,2009-05-28,319000.0,2005-04-18,2010-06-17,4.92,2009-10-12
2012,2010-03-25,317000.0,2005-04-18,2010-06-17,5.0,2009-10-19
2013,2009-05-28,335000.0,2005-04-25,2010-06-17,5.03,2009-10-26
2014,2010-03-25,334000.0,2005-04-25,2010-06-17,4.98,2009-11-02
2015,2009-05-28,328000.0,2005-05-02,2010-06-17,4.91,2009-11-09
2016,2010-03-25,327000.0,2005-05-02,2010-06-17,4.83,2009-11-16
2017,2009-05-28,324000.0,2005-05-09,2010-06-17,4.78,2009-11-23
2018,2010-03-25,321000.0,2005-05-09,2010-06-17,4.71,2009-11-30
2019,2009-05-28,322000.0,2005-05-16,2010-06-17,4.81,2009-12-07
2020,2010-03-25,320000.0,2005-05-16,2010-06-17,4.94,2009-12-14
2021,2009-05-28,342000.0,2005-05-23,2010-06-17,5.05,2009-12-21
2022,2010-03-25,340000.0,2005-05-23,2010-06-17,5.14,2009-12-28
2023,2009-05-28,339000.0,2005-05-30,2010-06-17,5.09,2010-01-04
2024,2010-03-25,338000.0,2005-05-30,2010-06-17,5.06,2010-01-11
2025,2009-05-28,334000.0,2005-06-06,2010-06-17,4.99,2010-01-18
2026,2010-03-25,333000.0,2005-06-06,2010-06-17,4.98,2010-01-25
2027,2009-05-28,323000.0,2005-06-13,2010-06-17,5.01,2010-02-01
2028,2010-03-25,321000.0,2005-06-13,2010-06-17,4.97,2010-02-08
2029,2009-05-28,312000.0,2005-06-20,2010-06-17,4.93,2010-02-15
2030,2010-03-25,311000.0,2005-06-20,2010-06-17,5.05,2010-02-22
2031,2009-05-28,328000.0,2005-06-27,2010-06-17,4.97,2010-03-01
2032,2010-03-25,327000.0,2005-06-27,2010-06-17,4.95,2010-03-08
2033,2009-05-28,337000.0,2005-07-04,2010-06-17,4.96,2010-03-15
2034,2010-03-25,338000.0,2005-07-04,2010-06-17,4.99,2010-03-22
2035,2009-05-28,323000.0,2005-07-11,2010-06-17,5.08,2010-03-29
2036,2009-05-28,319000.0,2005-07-18,2010-06-17,5.21,2010-04-05
2037,2010-03-25,318000.0,2005-07-18,2010-06-17,5.07,2010-04-12
2038,2009-05-28,316000.0,2005-07-25,2010-06-17,5.07,2010-04-19
2039,2009-05-28,311000.0,2005-08-01,2010-06-17,5.06,2010-04-26
2040,2009-05-28,319000.0,2005-08-08,2010-06-17,5.0,2010-05-03
2041,2009-05-28,317000.0,2005-08-15,2010-06-17,4.93,2010-05-10
2042,2010-03-25,315000.0,2005-08-15,2010-06-17,4.84,2010-05-17
2043,2009-05-28,319000.0,2005-08-22,2010-06-17,4.78,2010-05-24
2044,2010-03-25,318000.0,2005-08-22,2010-06-17,4.79,2010-05-31
2045,2009-05-28,328000.0,2005-08-29,2010-06-17,4.72,2010-06-07
2046,2010-03-25,326000.0,2005-08-29,2010-06-17,4.75,2010-06-14
2047,2009-05-28,423000.0,2005-09-05,2010-06-24,4.69,2010-06-21
2048,2010-03-25,422000.0,2005-09-05,2010-07-01,4.58,2010-06-28
2049,2009-05-28,423000.0,2005-09-12,2010-07-08,4.57,2010-07-05
2050,2010-03-25,424000.0,2005-09-12,2010-07-15,4.57,2010-07-12
2051,2009-05-28,360000.0,2005-09-19,2010-07-22,4.56,2010-07-19
2052,2010-03-25,359000.0,2005-09-19,2010-07-29,4.54,2010-07-26
2053,2009-05-28,384000.0,2005-09-26,2010-08-05,4.49,2010-08-02
2054,2009-05-28,382000.0,2005-10-03,2010-08-12,4.44,2010-08-09
2055,2010-03-25,383000.0,2005-10-03,2010-08-19,4.42,2010-08-16
2056,2009-05-28,348000.0,2005-10-10,2010-08-26,4.36,2010-08-23
2057,2009-05-28,325000.0,2005-10-17,2010-09-02,4.32,2010-08-30
2058,2010-03-25,324000.0,2005-10-17,2010-09-09,4.35,2010-09-06
2059,2009-05-28,322000.0,2005-10-24,2010-09-16,4.37,2010-09-13
2060,2009-05-28,325000.0,2005-10-31,2010-09-23,4.37,2010-09-20
2061,2009-05-28,308000.0,2005-11-07,2010-09-30,4.32,2010-09-27
2062,2010-03-25,309000.0,2005-11-07,2010-10-07,4.27,2010-10-04
2063,2009-05-28,322000.0,2005-11-14,2010-10-14,4.19,2010-10-11
2064,2010-03-25,324000.0,2005-11-14,2010-10-21,4.21,2010-10-18
2065,2009-05-28,308000.0,2005-11-21,2010-10-28,4.23,2010-10-25
2066,2010-03-25,311000.0,2005-11-21,2010-11-04,4.24,2010-11-01
2067,2009-05-28,319000.0,2005-11-28,2010-11-11,4.17,2010-11-08
2068,2010-03-25,321000.0,2005-11-28,2010-11-18,4.39,2010-11-15
2069,2009-05-28,325000.0,2005-12-05,2010-11-24,4.4,2010-11-22
2070,2010-03-25,327000.0,2005-12-05,2010-12-02,4.46,2010-11-29
2071,2009-05-28,311000.0,2005-12-12,2010-12-09,4.61,2010-12-06
2072,2010-03-25,312000.0,2005-12-12,2010-12-16,4.83,2010-12-13
2073,2009-05-28,318000.0,2005-12-19,2010-12-23,4.81,2010-12-20
2074,2010-03-25,320000.0,2005-12-19,2010-12-30,4.86,2010-12-27
2075,2009-05-28,304000.0,2005-12-26,2011-01-06,4.77,2011-01-03
2076,2010-03-25,302000.0,2005-12-26,2011-01-13,4.71,2011-01-10
2077,2009-05-28,318000.0,2006-01-02,2011-01-20,4.74,2011-01-17
2078,2010-03-25,327000.0,2006-01-02,2011-01-27,4.8,2011-01-24
2079,2011-03-31,326000.0,2006-01-02,2011-02-03,4.81,2011-01-31
2080,2009-05-28,284000.0,2006-01-09,2011-02-10,5.05,2011-02-07
2081,2011-03-31,285000.0,2006-01-09,2011-02-17,5.0,2011-02-14
2082,2009-05-28,290000.0,2006-01-16,2011-02-24,4.95,2011-02-21
2083,2010-03-25,292000.0,2006-01-16,2011-03-03,4.87,2011-02-28
2084,2011-03-31,290000.0,2006-01-16,2011-03-10,4.88,2011-03-07
2085,2009-05-28,282000.0,2006-01-23,2011-03-17,4.76,2011-03-14
2086,2009-05-28,288000.0,2006-01-30,2011-03-24,4.81,2011-03-21
2087,2011-03-31,289000.0,2006-01-30,2011-03-31,4.86,2011-03-28
2088,2009-05-28,296000.0,2006-02-06,2011-04-07,4.87,2011-04-04
2089,2010-03-25,297000.0,2006-02-06,2011-04-14,4.91,2011-04-11
2090,2011-03-31,298000.0,2006-02-06,2011-04-21,4.8,2011-04-18
2091,2009-05-28,286000.0,2006-02-13,2011-04-28,4.78,2011-04-25
2092,2010-03-25,284000.0,2006-02-13,2011-05-05,4.71,2011-05-02
2093,2011-03-31,283000.0,2006-02-13,2011-05-12,4.63,2011-05-09
2094,2009-05-28,293000.0,2006-02-20,2011-05-19,4.61,2011-05-16
2095,2010-03-25,292000.0,2006-02-20,2011-05-26,4.6,2011-05-23
2096,2011-03-31,293000.0,2006-02-20,2011-06-02,4.55,2011-05-30
2097,2009-05-28,303000.0,2006-02-27,2011-06-09,4.49,2011-06-06
2098,2010-03-25,301000.0,2006-02-27,2011-06-16,4.5,2011-06-13
2099,2011-03-31,302000.0,2006-02-27,2011-06-23,4.5,2011-06-20
2100,2009-05-28,308000.0,2006-03-06,2011-06-30,4.51,2011-06-27
2101,2010-03-25,306000.0,2006-03-06,2011-07-07,4.6,2011-07-04
2102,2011-03-31,307000.0,2006-03-06,2011-07-14,4.51,2011-07-11
2103,2009-05-28,304000.0,2006-03-13,2011-07-21,4.52,2011-07-18
2104,2010-03-25,301000.0,2006-03-13,2011-07-28,4.55,2011-07-25
2105,2011-03-31,303000.0,2006-03-13,2011-08-04,4.39,2011-08-01
2106,2009-05-28,296000.0,2006-03-20,2011-08-11,4.32,2011-08-08
2107,2010-03-25,293000.0,2006-03-20,2011-08-18,4.15,2011-08-15
2108,2011-03-31,295000.0,2006-03-20,2011-08-25,4.22,2011-08-22
2109,2009-05-28,294000.0,2006-03-27,2011-09-01,4.22,2011-08-29
2110,2010-03-25,290000.0,2006-03-27,2011-09-08,4.12,2011-09-05
2111,2011-03-31,291000.0,2006-03-27,2011-09-15,4.09,2011-09-12
2112,2009-05-28,301000.0,2006-04-03,2011-09-22,4.09,2011-09-19
2113,2010-03-25,300000.0,2006-04-03,2011-09-29,4.01,2011-09-26
2114,2011-03-31,299000.0,2006-04-03,2011-10-06,3.94,2011-10-03
2115,2009-05-28,299000.0,2006-04-10,2011-10-13,4.12,2011-10-10
2116,2010-03-25,298000.0,2006-04-10,2011-10-20,4.11,2011-10-17
2117,2011-03-31,299000.0,2006-04-10,2011-10-27,4.1,2011-10-24
2118,2009-05-28,309000.0,2006-04-17,2011-11-03,4.0,2011-10-31
2119,2010-03-25,307000.0,2006-04-17,2011-11-10,3.99,2011-11-07
2120,2011-03-31,308000.0,2006-04-17,2011-11-17,4.0,2011-11-14
2121,2009-05-28,321000.0,2006-04-24,2011-11-23,3.98,2011-11-21
2122,2010-03-25,320000.0,2006-04-24,2011-12-01,4.0,2011-11-28
2123,2011-03-31,321000.0,2006-04-24,2011-12-08,3.99,2011-12-05
2124,2009-05-28,347000.0,2006-05-01,2011-12-15,3.94,2011-12-12
2125,2010-03-25,346000.0,2006-05-01,2011-12-22,3.91,2011-12-19
2126,2011-03-31,347000.0,2006-05-01,2011-12-29,3.95,2011-12-26
2127,2009-05-28,338000.0,2006-05-08,2012-01-05,3.91,2012-01-02
2128,2010-03-25,334000.0,2006-05-08,2012-01-12,3.89,2012-01-09
2129,2011-03-31,335000.0,2006-05-08,2012-01-19,3.88,2012-01-16
2130,2009-05-28,322000.0,2006-05-15,2012-01-26,3.98,2012-01-23
2131,2010-03-25,320000.0,2006-05-15,2012-02-02,3.87,2012-01-30
2132,2011-03-31,319000.0,2006-05-15,2012-02-09,3.87,2012-02-06
2133,2009-05-28,332000.0,2006-05-22,2012-02-16,3.87,2012-02-13
2134,2010-03-25,329000.0,2006-05-22,2012-02-23,3.95,2012-02-20
2135,2011-03-31,330000.0,2006-05-22,2012-03-01,3.9,2012-02-27
2136,2009-05-28,309000.0,2006-05-29,2012-03-08,3.88,2012-03-05
2137,2010-03-25,307000.0,2006-05-29,2012-03-15,3.92,2012-03-12
2138,2009-05-28,300000.0,2006-06-05,2012-03-22,4.08,2012-03-19
2139,2010-03-25,299000.0,2006-06-05,2012-03-29,3.99,2012-03-26
2140,2011-03-31,298000.0,2006-06-05,2012-04-05,3.98,2012-04-02
2141,2009-05-28,311000.0,2006-06-12,2012-04-12,3.88,2012-04-09
2142,2010-03-25,308000.0,2006-06-12,2012-04-19,3.9,2012-04-16
2143,2009-05-28,313000.0,2006-06-19,2012-04-26,3.88,2012-04-23
2144,2010-03-25,310000.0,2006-06-19,2012-05-03,3.84,2012-04-30
2145,2011-03-31,309000.0,2006-06-19,2012-05-10,3.83,2012-05-07
2146,2009-05-28,318000.0,2006-06-26,2012-05-17,3.79,2012-05-14
2147,2010-03-25,316000.0,2006-06-26,2012-05-24,3.78,2012-05-21
2148,2009-05-28,340000.0,2006-07-03,2012-05-31,3.75,2012-05-28
2149,2010-03-25,342000.0,2006-07-03,2012-06-07,3.67,2012-06-04
2150,2011-03-31,343000.0,2006-07-03,2012-06-14,3.71,2012-06-11
2151,2009-05-28,317000.0,2006-07-10,2012-06-21,3.66,2012-06-18
2152,2010-03-25,319000.0,2006-07-10,2012-06-28,3.66,2012-06-25
2153,2011-03-31,318000.0,2006-07-10,2012-07-05,3.62,2012-07-02
2154,2009-05-28,308000.0,2006-07-17,2012-07-12,3.56,2012-07-09
2155,2010-03-25,306000.0,2006-07-17,2012-07-19,3.53,2012-07-16
2156,2009-05-28,313000.0,2006-07-24,2012-07-26,3.49,2012-07-23
2157,2010-03-25,312000.0,2006-07-24,2012-08-02,3.55,2012-07-30
2158,2011-03-31,311000.0,2006-07-24,2012-08-09,3.59,2012-08-06
2159,2009-05-28,320000.0,2006-07-31,2012-08-16,3.62,2012-08-13
2160,2011-03-31,318000.0,2006-07-31,2012-08-23,3.66,2012-08-20
2161,2009-05-28,314000.0,2006-08-07,2012-08-30,3.59,2012-08-27
2162,2010-03-25,313000.0,2006-08-07,2012-09-06,3.55,2012-09-03
2163,2011-03-31,310000.0,2006-08-07,2012-09-13,3.55,2012-09-10
2164,2009-05-28,319000.0,2006-08-14,2012-09-20,3.49,2012-09-17
2165,2010-03-25,317000.0,2006-08-14,2012-09-27,3.4,2012-09-24
2166,2011-03-31,315000.0,2006-08-14,2012-10-04,3.36,2012-10-01
2167,2009-05-28,317000.0,2006-08-21,2012-10-11,3.39,2012-10-08
2168,2010-03-25,315000.0,2006-08-21,2012-10-18,3.37,2012-10-15
2169,2011-03-31,314000.0,2006-08-21,2012-10-25,3.41,2012-10-22
2170,2009-05-28,317000.0,2006-08-28,2012-11-01,3.39,2012-10-29
2171,2010-03-25,316000.0,2006-08-28,2012-11-08,3.4,2012-11-05
2172,2011-03-31,315000.0,2006-08-28,2012-11-15,3.34,2012-11-12
2173,2009-05-28,315000.0,2006-09-04,2012-11-21,3.31,2012-11-19
2174,2011-03-31,314000.0,2006-09-04,2012-11-29,3.32,2012-11-26
2175,2009-05-28,324000.0,2006-09-11,2012-12-06,3.34,2012-12-03
2176,2009-05-28,320000.0,2006-09-18,2012-12-13,3.32,2012-12-10
2177,2011-03-31,319000.0,2006-09-18,2012-12-20,3.37,2012-12-17
2178,2009-05-28,309000.0,2006-09-25,2012-12-27,3.35,2012-12-24
2179,2009-05-28,317000.0,2006-10-02,2013-01-03,3.34,2012-12-31
2180,2010-03-25,318000.0,2006-10-02,2013-01-10,3.4,2013-01-07
2181,2011-03-31,316000.0,2006-10-02,2013-01-17,3.38,2013-01-14
2182,2009-05-28,306000.0,2006-10-09,2013-01-24,3.42,2013-01-21
2183,2011-03-31,305000.0,2006-10-09,2013-01-31,3.53,2013-01-28
2184,2009-05-28,314000.0,2006-10-16,2013-02-07,3.53,2013-02-04
2185,2011-03-31,313000.0,2006-10-16,2013-02-14,3.53,2013-02-11
2186,2009-05-28,329000.0,2006-10-23,2013-02-21,3.56,2013-02-18
2187,2011-03-31,328000.0,2006-10-23,2013-02-28,3.51,2013-02-25
2188,2009-05-28,319000.0,2006-10-30,2013-03-07,3.52,2013-03-04
2189,2010-03-25,320000.0,2006-10-30,2013-03-14,3.63,2013-03-11
2190,2011-03-31,319000.0,2006-10-30,2013-03-21,3.54,2013-03-18
2191,2009-05-28,311000.0,2006-11-06,2013-03-28,3.57,2013-03-25
2192,2010-03-25,312000.0,2006-11-06,2013-04-04,3.54,2013-04-01
2193,2011-03-31,311000.0,2006-11-06,2013-04-11,3.43,2013-04-08
2194,2009-05-28,323000.0,2006-11-13,2013-04-18,3.41,2013-04-15
2195,2010-03-25,325000.0,2006-11-13,2013-04-25,3.4,2013-04-22
2196,2011-03-31,326000.0,2006-11-13,2013-05-02,3.35,2013-04-29
2197,2009-05-28,343000.0,2006-11-20,2013-05-09,3.42,2013-05-06
2198,2010-03-25,349000.0,2006-11-20,2013-05-16,3.51,2013-05-13
2199,2009-05-28,324000.0,2006-11-27,2013-05-23,3.59,2013-05-20
2200,2010-03-25,327000.0,2006-11-27,2013-05-30,3.81,2013-05-27
2201,2009-05-28,309000.0,2006-12-04,2013-06-06,3.91,2013-06-03
2202,2010-03-25,311000.0,2006-12-04,2013-06-13,3.98,2013-06-10
2203,2009-05-28,315000.0,2006-12-11,2013-06-20,3.93,2013-06-17
2204,2010-03-25,318000.0,2006-12-11,2013-06-27,4.46,2013-06-24
2205,2009-05-28,318000.0,2006-12-18,2013-07-03,4.29,2013-07-01
2206,2010-03-25,322000.0,2006-12-18,2013-07-11,4.51,2013-07-08
2207,2011-03-31,323000.0,2006-12-18,2013-07-18,4.37,2013-07-15
2208,2009-05-28,337000.0,2006-12-25,2013-07-25,4.31,2013-07-22
2209,2010-03-25,339000.0,2006-12-25,2013-08-01,4.39,2013-07-29
2210,2011-03-31,341000.0,2006-12-25,2013-08-08,4.4,2013-08-05
2211,2009-05-28,322000.0,2007-01-01,2013-08-15,4.4,2013-08-12
2212,2010-03-25,331000.0,2007-01-01,2013-08-22,4.58,2013-08-19
2213,2011-03-31,332000.0,2007-01-01,2013-08-29,4.51,2013-08-26
2214,2012-03-29,330000.0,2007-01-01,2013-09-05,4.57,2013-09-02
2215,2009-05-28,295000.0,2007-01-08,2013-09-12,4.57,2013-09-09
2216,2010-03-25,296000.0,2007-01-08,2013-09-19,4.5,2013-09-16
2217,2009-05-28,337000.0,2007-01-15,2013-09-26,4.32,2013-09-23
2218,2010-03-25,338000.0,2007-01-15,2013-10-03,4.22,2013-09-30
2219,2011-03-31,336000.0,2007-01-15,2013-10-10,4.23,2013-10-07
2220,2012-03-29,335000.0,2007-01-15,2013-10-17,4.28,2013-10-14
2221,2009-05-28,309000.0,2007-01-22,2013-10-24,4.13,2013-10-21
2222,2010-03-25,310000.0,2007-01-22,2013-10-31,4.1,2013-10-28
2223,2012-03-29,308000.0,2007-01-22,2013-11-07,4.16,2013-11-04
2224,2009-05-28,307000.0,2007-01-29,2013-11-14,4.35,2013-11-11
2225,2010-03-25,308000.0,2007-01-29,2013-11-21,4.22,2013-11-18
2226,2011-03-31,309000.0,2007-01-29,2013-11-27,4.29,2013-11-25
2227,2012-03-29,310000.0,2007-01-29,2013-12-05,4.46,2013-12-02
2228,2009-05-28,332000.0,2007-02-05,2013-12-12,4.42,2013-12-09
2229,2010-03-25,334000.0,2007-02-05,2013-12-19,4.47,2013-12-16
2230,2011-03-31,337000.0,2007-02-05,2013-12-26,4.48,2013-12-23
2231,2012-03-29,338000.0,2007-02-05,2014-01-02,4.53,2013-12-30
2232,2009-05-28,323000.0,2007-02-12,2014-01-09,4.51,2014-01-06
2233,2010-03-25,321000.0,2007-02-12,2014-01-16,4.41,2014-01-13
2234,2011-03-31,320000.0,2007-02-12,2014-01-23,4.39,2014-01-20
2235,2012-03-29,321000.0,2007-02-12,2014-01-30,4.32,2014-01-27
2236,2009-05-28,319000.0,2007-02-19,2014-02-06,4.23,2014-02-03
2237,2010-03-25,317000.0,2007-02-19,2014-02-13,4.28,2014-02-10
2238,2011-03-31,318000.0,2007-02-19,2014-02-20,4.33,2014-02-17
2239,2012-03-29,322000.0,2007-02-19,2014-02-27,4.37,2014-02-24
2240,2009-05-28,321000.0,2007-02-26,2014-03-06,4.28,2014-03-03
2241,2010-03-25,318000.0,2007-02-26,2014-03-13,4.37,2014-03-10
2242,2011-03-31,319000.0,2007-02-26,2014-03-20,4.32,2014-03-17
2243,2012-03-29,320000.0,2007-02-26,2014-03-27,4.4,2014-03-24
2244,2009-05-28,308000.0,2007-03-05,2014-04-03,4.41,2014-03-31
2245,2010-03-25,305000.0,2007-03-05,2014-04-10,4.34,2014-04-07
2246,2011-03-31,308000.0,2007-03-05,2014-04-17,4.27,2014-04-14
2247,2009-05-28,308000.0,2007-03-12,2014-04-24,4.33,2014-04-21
2248,2010-03-25,305000.0,2007-03-12,2014-05-01,4.29,2014-04-28
2249,2011-03-31,307000.0,2007-03-12,2014-05-08,4.21,2014-05-05
2250,2012-03-29,309000.0,2007-03-12,2014-05-15,4.2,2014-05-12
2251,2009-05-28,303000.0,2007-03-19,2014-05-22,4.14,2014-05-19
2252,2010-03-25,299000.0,2007-03-19,2014-05-29,4.12,2014-05-26
2253,2011-03-31,302000.0,2007-03-19,2014-06-05,4.14,2014-06-02
2254,2012-03-29,303000.0,2007-03-19,2014-06-12,4.2,2014-06-09
2255,2009-05-28,309000.0,2007-03-26,2014-06-19,4.17,2014-06-16
2256,2010-03-25,303000.0,2007-03-26,2014-06-26,4.14,2014-06-23
2257,2011-03-31,305000.0,2007-03-26,2014-07-03,4.12,2014-06-30
2258,2012-03-29,307000.0,2007-03-26,2014-07-10,4.15,2014-07-07
2259,2009-05-28,333000.0,2007-04-02,2014-07-17,4.13,2014-07-14
2260,2010-03-25,332000.0,2007-04-02,2014-07-24,4.13,2014-07-21
2261,2009-05-28,329000.0,2007-04-09,2014-07-31,4.12,2014-07-28
2262,2010-03-25,326000.0,2007-04-09,2014-08-07,4.14,2014-08-04
2263,2012-03-29,327000.0,2007-04-09,2014-08-14,4.12,2014-08-11
2264,2009-05-28,324000.0,2007-04-16,2014-08-21,4.1,2014-08-18
2265,2010-03-25,320000.0,2007-04-16,2014-08-28,4.1,2014-08-25
2266,2011-03-31,322000.0,2007-04-16,2014-09-04,4.1,2014-09-01
2267,2012-03-29,321000.0,2007-04-16,2014-09-11,4.12,2014-09-08
2268,2009-05-28,305000.0,2007-04-23,2014-09-18,4.23,2014-09-15
2269,2010-03-25,302000.0,2007-04-23,2014-09-25,4.2,2014-09-22
2270,2011-03-31,304000.0,2007-04-23,2014-10-02,4.19,2014-09-29
2271,2012-03-29,301000.0,2007-04-23,2014-10-09,4.12,2014-10-06
2272,2009-05-28,301000.0,2007-04-30,2014-10-16,3.97,2014-10-13
2273,2011-03-31,302000.0,2007-04-30,2014-10-23,3.92,2014-10-20
2274,2012-03-29,300000.0,2007-04-30,2014-10-30,3.98,2014-10-27
2275,2009-05-28,302000.0,2007-05-07,2014-11-06,4.02,2014-11-03
2276,2010-03-25,296000.0,2007-05-07,2014-11-13,4.01,2014-11-10
2277,2011-03-31,297000.0,2007-05-07,2014-11-20,3.99,2014-11-17
2278,2009-05-28,314000.0,2007-05-14,2014-11-26,3.97,2014-11-24
2279,2010-03-25,312000.0,2007-05-14,2014-12-04,3.89,2014-12-01
2280,2011-03-31,311000.0,2007-05-14,2014-12-11,3.93,2014-12-08
2281,2012-03-29,310000.0,2007-05-14,2014-12-18,3.8,2014-12-15
2282,2009-05-28,314000.0,2007-05-21,2014-12-24,3.83,2014-12-22
2283,2010-03-25,310000.0,2007-05-21,2014-12-31,3.87,2014-12-29
2284,2009-05-28,318000.0,2007-05-28,2015-01-08,3.73,2015-01-05
2285,2010-03-25,314000.0,2007-05-28,2015-01-15,3.66,2015-01-12
2286,2012-03-29,313000.0,2007-05-28,2015-01-22,3.63,2015-01-19
2287,2009-05-28,316000.0,2007-06-04,2015-01-29,3.66,2015-01-26
2288,2010-03-25,314000.0,2007-06-04,2015-02-05,3.59,2015-02-02
2289,2011-03-31,313000.0,2007-06-04,2015-02-12,3.69,2015-02-09
2290,2009-05-28,327000.0,2007-06-11,2015-02-19,3.76,2015-02-16
2291,2010-03-25,322000.0,2007-06-11,2015-02-26,3.8,2015-02-23
2292,2011-03-31,321000.0,2007-06-11,2015-03-05,3.75,2015-03-02
2293,2012-03-29,320000.0,2007-06-11,2015-03-12,3.86,2015-03-09
2294,2009-05-28,318000.0,2007-06-18,2015-03-19,3.78,2015-03-16
2295,2010-03-25,315000.0,2007-06-18,2015-03-26,3.69,2015-03-23
2296,2011-03-31,314000.0,2007-06-18,2015-04-02,3.7,2015-03-30
2297,2012-03-29,313000.0,2007-06-18,2015-04-09,3.66,2015-04-06
2298,2009-05-28,323000.0,2007-06-25,2015-04-16,3.67,2015-04-13
2299,2010-03-25,319000.0,2007-06-25,2015-04-23,3.65,2015-04-20
2300,2011-03-31,318000.0,2007-06-25,2015-04-30,3.68,2015-04-27
2301,2012-03-29,317000.0,2007-06-25,2015-05-07,3.8,2015-05-04
2302,2009-05-28,318000.0,2007-07-02,2015-05-14,3.85,2015-05-11
2303,2010-03-25,320000.0,2007-07-02,2015-05-21,3.84,2015-05-18
2304,2011-03-31,322000.0,2007-07-02,2015-05-28,3.87,2015-05-25
2305,2012-03-29,321000.0,2007-07-02,2015-06-04,3.87,2015-06-01
2306,2009-05-28,316000.0,2007-07-09,2015-06-11,4.04,2015-06-08
2307,2010-03-25,318000.0,2007-07-09,2015-06-18,4.0,2015-06-15
2308,2011-03-31,319000.0,2007-07-09,2015-06-25,4.02,2015-06-22
2309,2012-03-29,317000.0,2007-07-09,2015-07-02,4.08,2015-06-29
2310,2009-05-28,312000.0,2007-07-16,2015-07-09,4.04,2015-07-06
2311,2010-03-25,311000.0,2007-07-16,2015-07-16,4.09,2015-07-13
2312,2011-03-31,310000.0,2007-07-16,2015-07-23,4.04,2015-07-20
2313,2009-05-28,308000.0,2007-07-23,2015-07-30,3.98,2015-07-27
2314,2010-03-25,306000.0,2007-07-23,2015-08-06,3.91,2015-08-03
2315,2011-03-31,305000.0,2007-07-23,2015-08-13,3.94,2015-08-10
2316,2009-05-28,315000.0,2007-07-30,2015-08-20,3.93,2015-08-17
2317,2010-03-25,316000.0,2007-07-30,2015-08-27,3.84,2015-08-24
2318,2011-03-31,314000.0,2007-07-30,2015-09-03,3.89,2015-08-31
2319,2009-05-28,321000.0,2007-08-06,2015-09-10,3.9,2015-09-07
2320,2010-03-25,320000.0,2007-08-06,2015-09-17,3.91,2015-09-14
2321,2011-03-31,316000.0,2007-08-06,2015-09-24,3.86,2015-09-21
2322,2009-05-28,328000.0,2007-08-13,2015-10-01,3.85,2015-09-28
2323,2010-03-25,325000.0,2007-08-13,2015-10-08,3.76,2015-10-05
2324,2011-03-31,322000.0,2007-08-13,2015-10-15,3.82,2015-10-12
2325,2012-03-29,321000.0,2007-08-13,2015-10-22,3.79,2015-10-19
2326,2009-05-28,334000.0,2007-08-20,2015-10-29,3.76,2015-10-26
2327,2010-03-25,332000.0,2007-08-20,2015-11-05,3.87,2015-11-02
2328,2011-03-31,330000.0,2007-08-20,2015-11-12,3.98,2015-11-09
2329,2012-03-29,329000.0,2007-08-20,2015-11-19,3.97,2015-11-16
2330,2009-05-28,319000.0,2007-08-27,2015-11-25,3.95,2015-11-23
2331,2010-03-25,316000.0,2007-08-27,2015-12-03,3.93,2015-11-30
2332,2011-03-31,315000.0,2007-08-27,2015-12-10,3.95,2015-12-07
2333,2012-03-29,314000.0,2007-08-27,2015-12-17,3.97,2015-12-14
2334,2009-05-28,323000.0,2007-09-03,2015-12-24,3.96,2015-12-21
2335,2012-03-29,321000.0,2007-09-03,2015-12-31,4.01,2015-12-28
2336,2009-05-28,317000.0,2007-09-10,2016-01-07,3.97,2016-01-04
2337,2011-03-31,315000.0,2007-09-10,2016-01-14,3.92,2016-01-11
2338,2012-03-29,313000.0,2007-09-10,2016-01-21,3.81,2016-01-18
2339,2009-05-28,303000.0,2007-09-17,2016-01-28,3.79,2016-01-25
2340,2010-03-25,304000.0,2007-09-17,2016-02-04,3.72,2016-02-01
2341,2011-03-31,302000.0,2007-09-17,2016-02-11,3.65,2016-02-08
2342,2009-05-28,319000.0,2007-09-24,2016-02-18,3.65,2016-02-15
2343,2010-03-25,317000.0,2007-09-24,2016-02-25,3.62,2016-02-22
2344,2009-05-28,317000.0,2007-10-01,2016-03-03,3.64,2016-02-29
2345,2010-03-25,319000.0,2007-10-01,2016-03-10,3.68,2016-03-07
2346,2011-03-31,317000.0,2007-10-01,2016-03-17,3.73,2016-03-14
2347,2012-03-29,316000.0,2007-10-01,2016-03-24,3.71,2016-03-21
2348,2009-05-28,338000.0,2007-10-08,2016-03-31,3.71,2016-03-28
2349,2011-03-31,336000.0,2007-10-08,2016-04-07,3.59,2016-04-04
2350,2012-03-29,335000.0,2007-10-08,2016-04-14,3.58,2016-04-11
2351,2009-05-28,336000.0,2007-10-15,2016-04-21,3.59,2016-04-18
2352,2012-03-29,334000.0,2007-10-15,2016-04-28,3.66,2016-04-25
2353,2009-05-28,330000.0,2007-10-22,2016-05-05,3.61,2016-05-02
2354,2010-03-25,329000.0,2007-10-22,2016-05-12,3.57,2016-05-09
2355,2011-03-31,328000.0,2007-10-22,2016-05-19,3.58,2016-05-16
2356,2009-05-28,327000.0,2007-10-29,2016-05-26,3.64,2016-05-23
2357,2010-03-25,329000.0,2007-10-29,2016-06-02,3.66,2016-05-30
2358,2011-03-31,327000.0,2007-10-29,2016-06-09,3.6,2016-06-06
2359,2009-05-28,331000.0,2007-11-05,2016-06-16,3.54,2016-06-13
2360,2010-03-25,332000.0,2007-11-05,2016-06-23,3.56,2016-06-20
2361,2012-03-29,333000.0,2007-11-05,2016-06-30,3.48,2016-06-27
2362,2009-05-28,329000.0,2007-11-12,2016-07-07,3.41,2016-07-04
2363,2010-03-25,332000.0,2007-11-12,2016-07-14,3.42,2016-07-11
2364,2011-03-31,333000.0,2007-11-12,2016-07-21,3.45,2016-07-18
2365,2012-03-29,332000.0,2007-11-12,2016-07-28,3.48,2016-07-25
2366,2009-05-28,344000.0,2007-11-19,2016-08-04,3.43,2016-08-01
2367,2010-03-25,351000.0,2007-11-19,2016-08-11,3.45,2016-08-08
2368,2011-03-31,353000.0,2007-11-19,2016-08-18,3.43,2016-08-15
2369,2012-03-29,352000.0,2007-11-19,2016-08-25,3.43,2016-08-22
2370,2009-05-28,340000.0,2007-11-26,2016-09-01,3.46,2016-08-29
2371,2010-03-25,346000.0,2007-11-26,2016-09-08,3.44,2016-09-05
2372,2011-03-31,344000.0,2007-11-26,2016-09-15,3.5,2016-09-12
2373,2009-05-28,327000.0,2007-12-03,2016-09-22,3.48,2016-09-19
2374,2010-03-25,331000.0,2007-12-03,2016-09-29,3.42,2016-09-26
2375,2012-03-29,332000.0,2007-12-03,2016-10-06,3.42,2016-10-03
2376,2009-05-28,344000.0,2007-12-10,2016-10-13,3.47,2016-10-10
2377,2010-03-25,348000.0,2007-12-10,2016-10-20,3.52,2016-10-17
2378,2012-03-29,350000.0,2007-12-10,2016-10-27,3.47,2016-10-24
2379,2009-05-28,346000.0,2007-12-17,2016-11-03,3.54,2016-10-31
2380,2010-03-25,352000.0,2007-12-17,2016-11-10,3.57,2016-11-07
2381,2011-03-31,355000.0,2007-12-17,2016-11-17,3.94,2016-11-14
2382,2009-05-28,349000.0,2007-12-24,2016-11-23,4.03,2016-11-21
2383,2010-03-25,352000.0,2007-12-24,2016-12-01,4.08,2016-11-28
2384,2011-03-31,356000.0,2007-12-24,2016-12-08,4.13,2016-12-05
2385,2012-03-29,360000.0,2007-12-24,2016-12-15,4.16,2016-12-12
2386,2009-05-28,338000.0,2007-12-31,2016-12-22,4.3,2016-12-19
2387,2010-03-25,352000.0,2007-12-31,2016-12-29,4.32,2016-12-26
2388,2011-03-31,350000.0,2007-12-31,2017-01-05,4.2,2017-01-02
2389,2012-03-29,348000.0,2007-12-31,2017-01-12,4.12,2017-01-09
2390,2013-03-28,346000.0,2007-12-31,2017-01-19,4.09,2017-01-16
2391,2009-05-28,314000.0,2008-01-07,2017-01-26,4.19,2017-01-23
2392,2010-03-25,317000.0,2008-01-07,2017-02-02,4.19,2017-01-30
2393,2012-03-29,320000.0,2008-01-07,2017-02-09,4.17,2017-02-06
2394,2013-03-28,322000.0,2008-01-07,2017-02-16,4.15,2017-02-13
2395,2009-05-28,318000.0,2008-01-14,2017-02-23,4.16,2017-02-20
2396,2010-03-25,321000.0,2008-01-14,2017-03-02,4.1,2017-02-27
2397,2011-03-31,318000.0,2008-01-14,2017-03-09,4.21,2017-03-06
2398,2013-03-28,321000.0,2008-01-14,2017-03-16,4.3,2017-03-13
2399,2009-05-28,367000.0,2008-01-21,2017-03-23,4.23,2017-03-20
2400,2010-03-25,369000.0,2008-01-21,2017-03-30,4.14,2017-03-27
2401,2011-03-31,368000.0,2008-01-21,2017-04-06,4.1,2017-04-03
2402,2012-03-29,367000.0,2008-01-21,2017-04-13,4.08,2017-04-10
2403,2013-03-28,366000.0,2008-01-21,2017-04-20,3.97,2017-04-17
2404,2009-05-28,347000.0,2008-01-28,2017-04-27,4.03,2017-04-24
2405,2010-03-25,349000.0,2008-01-28,2017-05-04,4.02,2017-05-01
2406,2011-03-31,351000.0,2008-01-28,2017-05-11,4.05,2017-05-08
2407,2012-03-29,352000.0,2008-01-28,2017-05-18,4.02,2017-05-15
2408,2013-03-28,350000.0,2008-01-28,2017-05-25,3.95,2017-05-22
2409,2009-05-28,334000.0,2008-02-04,2017-06-01,3.94,2017-05-29
2410,2010-03-25,335000.0,2008-02-04,2017-06-08,3.89,2017-06-05
2411,2011-03-31,341000.0,2008-02-04,2017-06-15,3.91,2017-06-12
2412,2012-03-29,343000.0,2008-02-04,2017-06-22,3.9,2017-06-19
2413,2013-03-28,344000.0,2008-02-04,2017-06-29,3.88,2017-06-26
2414,2009-05-28,341000.0,2008-02-11,2017-07-06,3.96,2017-07-03
2415,2011-03-31,339000.0,2008-02-11,2017-07-13,4.03,2017-07-10
2416,2009-05-28,352000.0,2008-02-18,2017-07-20,3.96,2017-07-17
2417,2010-03-25,348000.0,2008-02-18,2017-07-27,3.92,2017-07-24
2418,2011-03-31,349000.0,2008-02-18,2017-08-03,3.93,2017-07-31
2419,2012-03-29,354000.0,2008-02-18,2017-08-10,3.9,2017-08-07
2420,2009-05-28,344000.0,2008-02-25,2017-08-17,3.89,2017-08-14
2421,2010-03-25,341000.0,2008-02-25,2017-08-24,3.86,2017-08-21
2422,2011-03-31,343000.0,2008-02-25,2017-08-31,3.82,2017-08-28
2423,2012-03-29,345000.0,2008-02-25,2017-09-07,3.78,2017-09-04
2424,2009-05-28,348000.0,2008-03-03,2017-09-14,3.78,2017-09-11
2425,2010-03-25,343000.0,2008-03-03,2017-09-21,3.83,2017-09-18
2426,2011-03-31,347000.0,2008-03-03,2017-09-28,3.83,2017-09-25
2427,2012-03-29,348000.0,2008-03-03,2017-10-05,3.85,2017-10-02
2428,2009-05-28,367000.0,2008-03-10,2017-10-12,3.91,2017-10-09
2429,2010-03-25,363000.0,2008-03-10,2017-10-19,3.88,2017-10-16
2430,2011-03-31,365000.0,2008-03-10,2017-10-26,3.94,2017-10-23
2431,2012-03-29,368000.0,2008-03-10,2017-11-02,3.94,2017-10-30
2432,2013-03-28,369000.0,2008-03-10,2017-11-09,3.9,2017-11-06
2433,2009-05-28,367000.0,2008-03-17,2017-11-16,3.95,2017-11-13
2434,2010-03-25,362000.0,2008-03-17,2017-11-22,3.92,2017-11-20
2435,2011-03-31,367000.0,2008-03-17,2017-11-30,3.9,2017-11-27
2436,2012-03-29,369000.0,2008-03-17,2017-12-07,3.94,2017-12-04
2437,2013-03-28,368000.0,2008-03-17,2017-12-14,3.93,2017-12-11
2438,2009-05-28,389000.0,2008-03-24,2017-12-21,3.94,2017-12-18
2439,2010-03-25,379000.0,2008-03-24,2017-12-28,3.99,2017-12-25
2440,2011-03-31,382000.0,2008-03-24,2018-01-04,3.95,2018-01-01
2441,2012-03-29,386000.0,2008-03-24,2018-01-11,3.99,2018-01-08
2442,2013-03-28,387000.0,2008-03-24,2018-01-18,4.04,2018-01-15
2443,2009-05-28,358000.0,2008-03-31,2018-01-25,4.15,2018-01-22
2444,2010-03-25,354000.0,2008-03-31,2018-02-01,4.22,2018-01-29
2445,2011-03-31,355000.0,2008-03-31,2018-02-08,4.32,2018-02-05
2446,2012-03-29,356000.0,2008-03-31,2018-02-15,4.38,2018-02-12
2447,2013-03-28,354000.0,2008-03-31,2018-02-22,4.4,2018-02-19
2448,2009-05-28,369000.0,2008-04-07,2018-03-01,4.43,2018-02-26
2449,2010-03-25,365000.0,2008-04-07,2018-03-08,4.46,2018-03-05
2450,2009-05-28,353000.0,2008-04-14,2018-03-15,4.44,2018-03-12
2451,2010-03-25,349000.0,2008-04-14,2018-03-22,4.45,2018-03-19
2452,2011-03-31,352000.0,2008-04-14,2018-03-29,4.44,2018-03-26
2453,2013-03-28,349000.0,2008-04-14,2018-04-05,4.4,2018-04-02
2454,2009-05-28,378000.0,2008-04-21,2018-04-12,4.42,2018-04-09
2455,2010-03-25,372000.0,2008-04-21,2018-04-19,4.47,2018-04-16
2456,2011-03-31,374000.0,2008-04-21,2018-04-26,4.58,2018-04-23
2457,2012-03-29,369000.0,2008-04-21,2018-05-03,4.55,2018-04-30
2458,2013-03-28,370000.0,2008-04-21,2018-05-10,4.55,2018-05-07
2459,2009-05-28,372000.0,2008-04-28,2018-05-17,4.61,2018-05-14
2460,2011-03-31,376000.0,2008-04-28,2018-05-24,4.66,2018-05-21
2461,2012-03-29,370000.0,2008-04-28,2018-05-31,4.56,2018-05-28
2462,2009-05-28,375000.0,2008-05-05,2018-06-07,4.54,2018-06-04
2463,2010-03-25,365000.0,2008-05-05,2018-06-14,4.62,2018-06-11
2464,2011-03-31,366000.0,2008-05-05,2018-06-21,4.57,2018-06-18
2465,2009-05-28,374000.0,2008-05-12,2018-06-28,4.55,2018-06-25
2466,2010-03-25,370000.0,2008-05-12,2018-07-05,4.52,2018-07-02
2467,2011-03-31,369000.0,2008-05-12,2018-07-12,4.53,2018-07-09
2468,2012-03-29,368000.0,2008-05-12,2018-07-19,4.52,2018-07-16
2469,2013-03-28,367000.0,2008-05-12,2018-07-26,4.54,2018-07-23
2470,2009-05-28,378000.0,2008-05-19,2018-08-02,4.6,2018-07-30
2471,2010-03-25,371000.0,2008-05-19,2018-08-09,4.59,2018-08-06
2472,2011-03-31,372000.0,2008-05-19,2018-08-16,4.53,2018-08-13
2473,2012-03-29,371000.0,2008-05-19,2018-08-23,4.51,2018-08-20
2474,2013-03-28,369000.0,2008-05-19,2018-08-30,4.52,2018-08-27
2475,2009-05-28,370000.0,2008-05-26,2018-09-06,4.54,2018-09-03
2476,2010-03-25,365000.0,2008-05-26,2018-09-13,4.6,2018-09-10
2477,2012-03-29,363000.0,2008-05-26,2018-09-20,4.65,2018-09-17
2478,2013-03-28,362000.0,2008-05-26,2018-09-27,4.72,2018-09-24
2479,2009-05-28,388000.0,2008-06-02,2018-10-04,4.71,2018-10-01
2480,2010-03-25,385000.0,2008-06-02,2018-10-11,4.9,2018-10-08
2481,2012-03-29,383000.0,2008-06-02,2018-10-18,4.85,2018-10-15
2482,2013-03-28,382000.0,2008-06-02,2018-10-25,4.86,2018-10-22
2483,2009-05-28,390000.0,2008-06-09,2018-11-01,4.83,2018-10-29
2484,2010-03-25,383000.0,2008-06-09,2018-11-08,4.94,2018-11-05
2485,2011-03-31,381000.0,2008-06-09,2018-11-15,4.94,2018-11-12
2486,2012-03-29,380000.0,2008-06-09,2018-11-23,4.81,2018-11-19
2487,2013-03-28,378000.0,2008-06-09,2018-11-29,4.81,2018-11-26
2488,2009-05-28,392000.0,2008-06-16,2018-12-06,4.75,2018-12-03
2489,2010-03-25,386000.0,2008-06-16,2018-12-13,4.63,2018-12-10
2490,2012-03-29,383000.0,2008-06-16,2018-12-20,4.62,2018-12-17
2491,2013-03-28,381000.0,2008-06-16,2018-12-27,4.55,2018-12-24
2492,2009-05-28,405000.0,2008-06-23,2019-01-03,4.51,2018-12-31
2493,2010-03-25,398000.0,2008-06-23,2019-01-10,4.45,2019-01-07
2494,2011-03-31,395000.0,2008-06-23,2019-01-17,4.45,2019-01-14
2495,2012-03-29,392000.0,2008-06-23,2019-01-24,4.45,2019-01-21
2496,2009-05-28,367000.0,2008-06-30,2019-01-31,4.46,2019-01-28
2497,2010-03-25,371000.0,2008-06-30,2019-02-07,4.41,2019-02-04
2498,2011-03-31,373000.0,2008-06-30,2019-02-14,4.37,2019-02-11
2499,2012-03-29,372000.0,2008-06-30,2019-02-21,4.35,2019-02-18
2500,2013-03-28,371000.0,2008-06-30,2019-02-28,4.35,2019-02-25
2501,2009-05-28,387000.0,2008-07-07,2019-03-07,4.41,2019-03-04
2502,2010-03-25,385000.0,2008-07-07,2019-03-14,4.31,2019-03-11
2503,2011-03-31,386000.0,2008-07-07,2019-03-21,4.28,2019-03-18
2504,2012-03-29,385000.0,2008-07-07,2019-03-28,4.06,2019-03-25
2505,2009-05-28,413000.0,2008-07-14,2019-04-04,4.08,2019-04-01
2506,2010-03-25,405000.0,2008-07-14,2019-04-11,4.12,2019-04-08
2507,2011-03-31,403000.0,2008-07-14,2019-04-18,4.17,2019-04-15
2508,2012-03-29,402000.0,2008-07-14,2019-04-25,4.2,2019-04-22
2509,2009-05-28,442000.0,2008-07-21,2019-05-02,4.14,2019-04-29
2510,2010-03-25,434000.0,2008-07-21,2019-05-09,4.1,2019-05-06
2511,2011-03-31,433000.0,2008-07-21,2019-05-16,4.07,2019-05-13
2512,2012-03-29,434000.0,2008-07-21,2019-05-23,4.06,2019-05-20
2513,2009-05-28,450000.0,2008-07-28,2019-05-30,3.99,2019-05-27
2514,2010-03-25,452000.0,2008-07-28,2019-06-06,3.82,2019-06-03
2515,2011-03-31,447000.0,2008-07-28,2019-06-13,3.82,2019-06-10
2516,2013-03-28,448000.0,2008-07-28,2019-06-20,3.84,2019-06-17
2517,2009-05-28,440000.0,2008-08-04,2019-06-27,3.73,2019-06-24
2518,2010-03-25,437000.0,2008-08-04,2019-07-05,3.75,2019-07-01
2519,2011-03-31,430000.0,2008-08-04,2019-07-11,3.75,2019-07-08
2520,2009-05-28,438000.0,2008-08-11,2019-07-18,3.81,2019-07-15
2521,2010-03-25,433000.0,2008-08-11,2019-07-25,3.75,2019-07-22
2522,2011-03-31,425000.0,2008-08-11,2019-08-01,3.75,2019-07-29
2523,2012-03-29,423000.0,2008-08-11,2019-08-08,3.6,2019-08-05
2524,2013-03-28,424000.0,2008-08-11,2019-08-15,3.6,2019-08-12
2525,2009-05-28,433000.0,2008-08-18,2019-08-22,3.55,2019-08-19
2526,2010-03-25,428000.0,2008-08-18,2019-08-29,3.58,2019-08-26
2527,2011-03-31,424000.0,2008-08-18,2019-09-05,3.49,2019-09-02
2528,2012-03-29,422000.0,2008-08-18,2019-09-12,3.56,2019-09-09
2529,2013-03-28,421000.0,2008-08-18,2019-09-19,3.73,2019-09-16
2530,2009-05-28,450000.0,2008-08-25,2019-09-26,3.64,2019-09-23
2531,2010-03-25,447000.0,2008-08-25,2019-10-03,3.65,2019-09-30
2532,2011-03-31,443000.0,2008-08-25,2019-10-10,3.57,2019-10-07
2533,2012-03-29,442000.0,2008-08-25,2019-10-17,3.69,2019-10-14
2534,2009-05-28,447000.0,2008-09-01,2019-10-24,3.75,2019-10-21
2535,2010-03-25,446000.0,2008-09-01,2019-10-31,3.78,2019-10-28
2536,2011-03-31,445000.0,2008-09-01,2019-11-07,3.69,2019-11-04
2537,2012-03-29,442000.0,2008-09-01,2019-11-14,3.75,2019-11-11
2538,2013-03-28,441000.0,2008-09-01,2019-11-21,3.66,2019-11-18
2539,2009-05-28,459000.0,2008-09-08,2019-11-29,3.68,2019-11-25
2540,2010-03-25,457000.0,2008-09-08,2019-12-05,3.68,2019-12-02
2541,2011-03-31,454000.0,2008-09-08,2019-12-12,3.73,2019-12-09
2542,2012-03-29,450000.0,2008-09-08,2019-12-19,3.73,2019-12-16
2543,2013-03-28,449000.0,2008-09-08,2019-12-26,3.74,2019-12-23
2544,2009-05-28,485000.0,2008-09-15,2020-01-02,3.72,2019-12-30
2545,2010-03-25,488000.0,2008-09-15,2020-01-09,3.64,2020-01-06
2546,2011-03-31,484000.0,2008-09-15,2020-01-16,3.65,2020-01-13
2547,2012-03-29,483000.0,2008-09-15,2020-01-23,3.6,2020-01-20
2548,2009-05-28,490000.0,2008-09-22,2020-01-30,3.51,2020-01-27
2549,2010-03-25,484000.0,2008-09-22,2020-02-06,3.45,2020-02-03
2550,2011-03-31,483000.0,2008-09-22,2020-02-13,3.47,2020-02-10
2551,2012-03-29,484000.0,2008-09-22,2020-02-20,3.49,2020-02-17
2552,2013-03-28,483000.0,2008-09-22,2020-02-27,3.45,2020-02-24
2553,2009-05-28,478000.0,2008-09-29,2020-03-05,3.29,2020-03-02
2554,2010-03-25,484000.0,2008-09-29,2020-03-12,3.36,2020-03-09
2555,2011-03-31,481000.0,2008-09-29,2020-03-19,3.65,2020-03-16
2556,2012-03-29,480000.0,2008-09-29,2020-03-26,3.5,2020-03-23
2557,2013-03-28,482000.0,2008-09-29,2020-04-02,3.33,2020-03-30
2558,2009-05-28,469000.0,2008-10-06,2020-04-09,3.33,2020-04-06
2559,2011-03-31,462000.0,2008-10-06,2020-04-16,3.31,2020-04-13
2560,2012-03-29,461000.0,2008-10-06,2020-04-23,3.33,2020-04-20
2561,2009-05-28,479000.0,2008-10-13,2020-04-30,3.23,2020-04-27
2562,2010-03-25,481000.0,2008-10-13,2020-05-07,3.26,2020-05-04
2563,2012-03-29,479000.0,2008-10-13,2020-05-14,3.28,2020-05-11
2564,2013-03-28,478000.0,2008-10-13,2020-05-21,3.24,2020-05-18
2565,2009-05-28,485000.0,2008-10-20,2020-05-28,3.15,2020-05-25
2566,2010-03-25,482000.0,2008-10-20,2020-06-04,3.18,2020-06-01
2567,2011-03-31,481000.0,2008-10-20,2020-06-11,3.21,2020-06-08
2568,2012-03-29,480000.0,2008-10-20,2020-06-18,3.13,2020-06-15
2569,2009-05-28,488000.0,2008-10-27,2020-06-25,3.13,2020-06-22
2570,2010-03-25,494000.0,2008-10-27,2020-07-02,3.07,2020-06-29
2571,2011-03-31,490000.0,2008-10-27,2020-07-09,3.03,2020-07-06
2572,2012-03-29,489000.0,2008-10-27,2020-07-16,2.98,2020-07-13
2573,2013-03-28,490000.0,2008-10-27,2020-07-23,3.01,2020-07-20
2574,2009-05-28,509000.0,2008-11-03,2020-07-30,2.99,2020-07-27
2575,2010-03-25,510000.0,2008-11-03,2020-08-06,2.88,2020-08-03
2576,2012-03-29,511000.0,2008-11-03,2020-08-13,2.96,2020-08-10
2577,2013-03-28,512000.0,2008-11-03,2020-08-20,2.99,2020-08-17
2578,2009-05-28,533000.0,2008-11-10,2020-08-27,2.91,2020-08-24
2579,2010-03-25,542000.0,2008-11-10,2020-09-03,2.93,2020-08-31
2580,2012-03-29,541000.0,2008-11-10,2020-09-10,2.86,2020-09-07
2581,2013-03-28,536000.0,2008-11-10,2020-09-17,2.87,2020-09-14
2582,2009-05-28,520000.0,2008-11-17,2020-09-24,2.9,2020-09-21
2583,2010-03-25,532000.0,2008-11-17,2020-10-01,2.88,2020-09-28
2584,2011-03-31,536000.0,2008-11-17,2020-10-08,2.87,2020-10-05
2585,2013-03-28,532000.0,2008-11-17,2020-10-15,2.81,2020-10-12
2586,2009-05-28,517000.0,2008-11-24,2020-10-22,2.8,2020-10-19
2587,2010-03-25,535000.0,2008-11-24,2020-10-29,2.81,2020-10-26
2588,2011-03-31,532000.0,2008-11-24,2020-11-05,2.78,2020-11-02
2589,2012-03-29,530000.0,2008-11-24,2020-11-12,2.84,2020-11-09
2590,2013-03-28,529000.0,2008-11-24,2020-11-19,2.72,2020-11-16
2591,2009-05-28,552000.0,2008-12-01,2020-11-25,2.72,2020-11-23
2592,2010-03-25,561000.0,2008-12-01,2020-12-03,2.71,2020-11-30
2593,2011-03-31,563000.0,2008-12-01,2020-12-10,2.71,2020-12-07
2594,2012-03-29,567000.0,2008-12-01,2020-12-17,2.67,2020-12-14
2595,2013-03-28,570000.0,2008-12-01,2020-12-24,2.66,2020-12-21
2596,2009-05-28,552000.0,2008-12-08,2020-12-31,2.67,2020-12-28
2597,2010-03-25,560000.0,2008-12-08,2021-01-07,2.65,2021-01-04
2598,2012-03-29,565000.0,2008-12-08,2021-01-14,2.79,2021-01-11
2599,2013-03-28,566000.0,2008-12-08,2021-01-21,2.77,2021-01-18
2600,2009-05-28,564000.0,2008-12-15,2021-01-28,2.73,2021-01-25
2601,2010-03-25,581000.0,2008-12-15,2021-02-04,2.73,2021-02-01
2602,2011-03-31,584000.0,2008-12-15,2021-02-11,2.73,2021-02-08
2603,2012-03-29,586000.0,2008-12-15,2021-02-18,2.81,2021-02-15
2604,2013-03-28,587000.0,2008-12-15,2021-02-25,2.97,2021-02-22
2605,2009-05-28,508000.0,2008-12-22,2021-03-04,3.02,2021-03-01
2606,2010-03-25,514000.0,2008-12-22,2021-03-11,3.05,2021-03-08
2607,2011-03-31,524000.0,2008-12-22,2021-03-18,3.09,2021-03-15
2608,2012-03-29,532000.0,2008-12-22,2021-03-25,3.17,2021-03-22
2609,2013-03-28,533000.0,2008-12-22,2021-04-01,3.18,2021-03-29
2610,2009-05-28,488000.0,2008-12-29,2021-04-08,3.13,2021-04-05
2611,2010-03-25,509000.0,2008-12-29,2021-04-15,3.04,2021-04-12
2612,2011-03-31,507000.0,2008-12-29,2021-04-22,2.97,2021-04-19
2613,2012-03-29,504000.0,2008-12-29,2021-04-29,2.98,2021-04-26
2614,2014-04-03,503000.0,2008-12-29,2021-05-06,2.96,2021-05-03
2615,2009-05-28,535000.0,2009-01-05,2021-05-13,2.94,2021-05-10
2616,2010-03-25,547000.0,2009-01-05,2021-05-20,3.0,2021-05-17
2617,2011-03-31,543000.0,2009-01-05,2021-05-27,2.95,2021-05-24
2618,2012-03-29,546000.0,2009-01-05,2021-06-03,2.99,2021-05-31
2619,2013-03-28,551000.0,2009-01-05,2021-06-10,2.96,2021-06-07
2620,2009-05-28,575000.0,2009-01-12,2021-06-17,2.93,2021-06-14
2621,2010-03-25,581000.0,2009-01-12,2021-06-24,3.02,2021-06-21
2622,2011-03-31,582000.0,2009-01-12,2021-07-01,2.98,2021-06-28
2623,2012-03-29,586000.0,2009-01-12,2021-07-08,2.9,2021-07-05
2624,2013-03-28,591000.0,2009-01-12,2021-07-15,2.88,2021-07-12
2625,2009-05-28,590000.0,2009-01-19,2021-07-22,2.78,2021-07-19
2626,2010-03-25,593000.0,2009-01-19,2021-07-29,2.8,2021-07-26
2627,2011-03-31,586000.0,2009-01-19,2021-08-05,2.77,2021-08-02
2628,2012-03-29,585000.0,2009-01-19,2021-08-12,2.87,2021-08-09
2629,2013-03-28,588000.0,2009-01-19,2021-08-19,2.86,2021-08-16
2630,2014-04-03,586000.0,2009-01-19,2021-08-26,2.87,2021-08-23
2631,2009-05-28,624000.0,2009-01-26,2021-09-02,2.87,2021-08-30
2632,2010-03-25,633000.0,2009-01-26,2021-09-09,2.88,2021-09-06
2633,2011-03-31,638000.0,2009-01-26,2021-09-16,2.86,2021-09-13
2634,2013-03-28,632000.0,2009-01-26,2021-09-23,2.88,2021-09-20
2635,2014-04-03,629000.0,2009-01-26,2021-09-30,3.01,2021-09-27
2636,2009-05-28,617000.0,2009-02-02,2021-10-07,2.99,2021-10-04
2637,2010-03-25,614000.0,2009-02-02,2021-10-14,3.05,2021-10-11
2638,2011-03-31,625000.0,2009-02-02,2021-10-21,3.09,2021-10-18
2639,2012-03-29,635000.0,2009-02-02,2021-10-28,3.14,2021-10-25
2640,2013-03-28,637000.0,2009-02-02,2021-11-04,3.09,2021-11-01
2641,2009-05-28,631000.0,2009-02-09,2021-11-10,2.98,2021-11-08
2642,2010-03-25,635000.0,2009-02-09,2021-11-18,3.1,2021-11-15
2643,2014-04-03,632000.0,2009-02-09,2021-11-24,3.1,2021-11-22
2644,2009-05-28,656000.0,2009-02-16,2021-12-02,3.11,2021-11-29
2645,2010-03-25,640000.0,2009-02-16,2021-12-09,3.1,2021-12-06
2646,2011-03-31,641000.0,2009-02-16,2021-12-16,3.12,2021-12-13
2647,2012-03-29,655000.0,2009-02-16,2021-12-23,3.05,2021-12-20
2648,2009-05-28,643000.0,2009-02-23,2021-12-30,3.11,2021-12-27
2649,2010-03-25,639000.0,2009-02-23,2022-01-06,3.22,2022-01-03
2650,2011-03-31,644000.0,2009-02-23,2022-01-13,3.45,2022-01-10
2651,2012-03-29,653000.0,2009-02-23,2022-01-20,3.56,2022-01-17
2652,2013-03-28,651000.0,2009-02-23,2022-01-27,3.55,2022-01-24
2653,2014-04-03,652000.0,2009-02-23,2022-02-03,3.55,2022-01-31
2654,2009-05-28,657000.0,2009-03-02,2022-02-10,3.69,2022-02-07
2655,2010-03-25,642000.0,2009-03-02,2022-02-17,3.92,2022-02-14
2656,2011-03-31,655000.0,2009-03-02,2022-02-24,3.89,2022-02-21
2657,2012-03-29,659000.0,2009-03-02,2022-03-03,3.76,2022-02-28
2658,2014-04-03,660000.0,2009-03-02,2022-03-10,3.85,2022-03-07
2659,2009-05-28,644000.0,2009-03-09,2022-03-17,4.16,2022-03-14
2660,2010-03-25,636000.0,2009-03-09,2022-03-24,4.42,2022-03-21
2661,2011-03-31,640000.0,2009-03-09,2022-03-31,4.67,2022-03-28
2662,2012-03-29,649000.0,2009-03-09,2022-04-07,4.72,2022-04-04
2663,2013-03-28,650000.0,2009-03-09,2022-04-14,5.0,2022-04-11
2664,2014-04-03,651000.0,2009-03-09,2022-04-21,5.11,2022-04-18
2665,2009-05-28,657000.0,2009-03-16,2022-04-28,5.1,2022-04-25
2666,2010-03-25,642000.0,2009-03-16,2022-05-05,5.27,2022-05-02
2667,2011-03-31,656000.0,2009-03-16,2022-05-12,5.3,2022-05-09
2668,2012-03-29,662000.0,2009-03-16,2022-05-19,5.25,2022-05-16
2669,2014-04-03,661000.0,2009-03-16,2022-05-26,5.1,2022-05-23
2670,2009-05-28,674000.0,2009-03-23,2022-06-02,5.09,2022-05-30
2671,2010-03-25,651000.0,2009-03-23,2022-06-09,5.23,2022-06-06
2672,2011-03-31,659000.0,2009-03-23,2022-06-16,5.78,2022-06-13
2673,2012-03-29,667000.0,2009-03-23,2022-06-23,5.81,2022-06-20
2674,2013-03-28,670000.0,2009-03-23,2022-06-30,5.7,2022-06-27
2675,2014-04-03,665000.0,2009-03-23,2022-07-07,5.3,2022-07-04
2676,2009-05-28,660000.0,2009-03-30,2022-07-14,5.51,2022-07-11
2677,2010-03-25,643000.0,2009-03-30,2022-07-21,5.54,2022-07-18
2678,2011-03-31,650000.0,2009-03-30,2022-07-28,5.3,2022-07-25
2679,2012-03-29,657000.0,2009-03-30,2022-08-04,4.99,2022-08-01
2680,2013-03-28,655000.0,2009-03-30,2022-08-11,5.22,2022-08-08
2681,2014-04-03,653000.0,2009-03-30,2022-08-18,5.13,2022-08-15
2682,2009-05-28,613000.0,2009-04-06,2022-08-25,5.55,2022-08-22
2683,2010-03-25,609000.0,2009-04-06,2022-09-01,5.66,2022-08-29
2684,2011-03-31,604000.0,2009-04-06,2022-09-08,5.89,2022-09-05
2685,2012-03-29,603000.0,2009-04-06,2022-09-15,6.02,2022-09-12
2686,2013-03-28,600000.0,2009-04-06,2022-09-22,6.29,2022-09-19
2687,2014-04-03,599000.0,2009-04-06,2022-09-29,6.7,2022-09-26
2688,2009-05-28,645000.0,2009-04-13,2022-10-06,6.66,2022-10-03
2689,2010-03-25,633000.0,2009-04-13,2022-10-13,6.92,2022-10-10
2690,2011-03-31,642000.0,2009-04-13,2022-10-20,6.94,2022-10-17
2691,2012-03-29,646000.0,2009-04-13,2022-10-27,7.08,2022-10-24
2692,2013-03-28,641000.0,2009-04-13,2022-11-03,6.95,2022-10-31
2693,2014-04-03,639000.0,2009-04-13,2022-11-10,7.08,2022-11-07
2694,2009-05-28,635000.0,2009-04-20,2022-11-17,6.61,2022-11-14
2695,2010-03-25,623000.0,2009-04-20,2022-11-23,6.58,2022-11-21
2696,2011-03-31,627000.0,2009-04-20,2022-12-01,6.49,2022-11-28
2697,2012-03-29,618000.0,2009-04-20,2022-12-08,6.33,2022-12-05
2698,2013-03-28,617000.0,2009-04-20,2022-12-15,6.31,2022-12-12
2699,2014-04-03,620000.0,2009-04-20,2022-12-22,6.27,2022-12-19
2700,2009-05-28,605000.0,2009-04-27,2022-12-29,6.42,2022-12-26
2701,2010-03-25,604000.0,2009-04-27,2023-01-05,6.48,2023-01-02
2702,2011-03-31,613000.0,2009-04-27,2023-01-12,6.33,2023-01-09
2703,2012-03-29,601000.0,2009-04-27,2023-01-19,6.15,2023-01-16
2704,2013-03-28,600000.0,2009-04-27,2023-01-26,6.13,2023-01-23
2705,2014-04-03,602000.0,2009-04-27,2023-02-02,6.09,2023-01-30
2706,2009-05-28,643000.0,2009-05-04,2023-02-09,6.12,2023-02-06
2707,2010-03-25,625000.0,2009-05-04,2023-02-16,6.32,2023-02-13
2708,2011-03-31,629000.0,2009-05-04,2023-02-23,6.5,2023-02-20
2709,2012-03-29,626000.0,2009-05-04,2023-03-02,6.65,2023-02-27
2710,2013-03-28,627000.0,2009-05-04,2023-03-09,6.73,2023-03-06
2711,2014-04-03,625000.0,2009-05-04,2023-03-16,6.6,2023-03-13
2712,2009-05-28,636000.0,2009-05-11,2023-03-23,6.42,2023-03-20
2713,2010-03-25,625000.0,2009-05-11,2023-03-30,6.32,2023-03-27
2714,2011-03-31,624000.0,2009-05-11,2023-04-06,6.28,2023-04-03
2715,2012-03-29,622000.0,2009-05-11,2023-04-13,6.27,2023-04-10
2716,2013-03-28,621000.0,2009-05-11,2023-04-20,6.39,2023-04-17
2717,2014-04-03,620000.0,2009-05-11,2023-04-27,6.43,2023-04-24
2718,2009-05-28,623000.0,2009-05-18,2023-05-04,6.39,2023-05-01
2719,2009-06-04,625000.0,2009-05-18,2023-05-11,6.35,2023-05-08
2720,2010-03-25,611000.0,2009-05-18,2023-05-18,6.39,2023-05-15
2721,2011-03-31,612000.0,2009-05-18,2023-05-25,6.57,2023-05-22
2722,2012-03-29,608000.0,2009-05-18,2023-06-01,6.79,2023-05-29
2723,2013-03-28,607000.0,2009-05-18,2023-06-08,6.71,2023-06-05
2724,2014-04-03,606000.0,2009-05-18,2023-06-15,6.69,2023-06-12
2725,2009-06-04,621000.0,2009-05-25,2023-06-22,6.67,2023-06-19
2726,2009-06-11,625000.0,2009-05-25,2023-06-29,6.71,2023-06-26
2727,2010-03-25,616000.0,2009-05-25,2023-07-06,6.81,2023-07-03
2728,2011-03-31,617000.0,2009-05-25,2023-07-13,6.96,2023-07-10
2729,2012-03-29,612000.0,2009-05-25,2023-07-20,6.78,2023-07-17
2730,2013-03-28,609000.0,2009-05-25,2023-07-27,6.81,2023-07-24
2731,2014-04-03,607000.0,2009-05-25,2023-08-03,6.9,2023-07-31
2732,2009-06-11,601000.0,2009-06-01,2023-08-10,6.96,2023-08-07
2733,2009-06-18,605000.0,2009-06-01,2023-08-17,7.09,2023-08-14
2734,2010-03-25,597000.0,2009-06-01,2023-08-24,7.23,2023-08-21
2735,2011-03-31,599000.0,2009-06-01,2023-08-31,7.18,2023-08-28
2736,2012-03-29,596000.0,2009-06-01,2023-09-07,7.12,2023-09-04
2737,2013-03-28,594000.0,2009-06-01,2023-09-14,7.18,2023-09-11
2738,2014-04-03,596000.0,2009-06-01,2023-09-21,7.19,2023-09-18
2739,2009-06-18,608000.0,2009-06-08,2023-09-28,7.31,2023-09-25
2740,2009-06-25,612000.0,2009-06-08,2023-10-05,7.49,2023-10-02
2741,2010-03-25,604000.0,2009-06-08,2023-10-12,7.57,2023-10-09
2742,2011-03-31,602000.0,2009-06-08,2023-10-19,7.63,2023-10-16
2743,2012-03-29,599000.0,2009-06-08,2023-10-26,7.79,2023-10-23
2744,2013-03-28,595000.0,2009-06-08,2023-11-02,7.76,2023-10-30
2745,2009-06-25,627000.0,2009-06-15,2023-11-09,7.5,2023-11-06
2746,2009-07-02,630000.0,2009-06-15,2023-11-16,7.44,2023-11-13
2747,2010-03-25,613000.0,2009-06-15,2023-11-22,7.29,2023-11-20
2748,2011-03-31,618000.0,2009-06-15,2023-11-30,7.22,2023-11-27
2749,2012-03-29,614000.0,2009-06-15,2023-12-07,7.03,2023-12-04
2750,2013-03-28,609000.0,2009-06-15,2023-12-14,6.95,2023-12-11
2751,2014-04-03,608000.0,2009-06-15,2023-12-21,6.67,2023-12-18
2752,2009-07-02,614000.0,2009-06-22,2023-12-28,6.61,2023-12-25
2753,2009-07-09,617000.0,2009-06-22,2024-01-04,6.62,2024-01-01
2754,2010-03-25,604000.0,2009-06-22,2024-01-11,6.66,2024-01-08
2755,2011-03-31,601000.0,2009-06-22,2024-01-18,6.6,2024-01-15
2756,2012-03-29,595000.0,2009-06-22,2024-01-25,6.69,2024-01-22
2757,2013-03-28,594000.0,2009-06-22,2024-02-01,6.63,2024-01-29
2758,2009-07-09,565000.0,2009-06-29,2024-02-08,6.64,2024-02-05
2759,2009-07-16,569000.0,2009-06-29,2024-02-15,6.77,2024-02-12
2760,2010-03-25,571000.0,2009-06-29,2024-02-22,6.9,2024-02-19
2761,2011-03-31,579000.0,2009-06-29,2024-02-29,6.94,2024-02-26
2762,2012-03-29,576000.0,2009-06-29,2024-03-07,6.88,2024-03-04
2763,2013-03-28,575000.0,2009-06-29,2024-03-14,6.74,2024-03-11
2764,2014-04-03,573000.0,2009-06-29,2024-03-21,6.87,2024-03-18
2765,2009-07-16,522000.0,2009-07-06,2024-03-28,6.79,2024-03-25
2766,2009-07-23,524000.0,2009-07-06,2024-04-04,6.82,2024-04-01
2767,2010-03-25,538000.0,2009-07-06,2024-04-11,6.88,2024-04-08
2768,2011-03-31,547000.0,2009-07-06,2024-04-18,7.1,2024-04-15
2769,2012-03-29,546000.0,2009-07-06,2024-04-25,7.17,2024-04-22
2770,2009-07-23,554000.0,2009-07-13,2024-05-02,7.22,2024-04-29
2771,2009-07-30,559000.0,2009-07-13,2024-05-09,7.09,2024-05-06
2772,2010-03-25,564000.0,2009-07-13,2024-05-16,7.02,2024-05-13
2773,2011-03-31,565000.0,2009-07-13,2024-05-23,6.94,2024-05-20
2774,2012-03-29,562000.0,2009-07-13,2024-05-30,7.03,2024-05-27
2775,2013-03-28,560000.0,2009-07-13,2024-06-06,6.99,2024-06-03
2776,2009-07-30,584000.0,2009-07-20,2024-06-13,6.95,2024-06-10
2777,2009-08-06,588000.0,2009-07-20,2024-06-20,6.87,2024-06-17
2778,2009-08-13,589000.0,2009-07-20,2024-06-27,6.86,2024-06-24
2779,2010-03-25,578000.0,2009-07-20,2024-07-03,6.95,2024-07-01
2780,2011-03-31,581000.0,2009-07-20,2024-07-11,6.89,2024-07-08
2781,2012-03-29,584000.0,2009-07-20,2024-07-18,6.77,2024-07-15
2782,2013-03-28,587000.0,2009-07-20,2024-07-25,6.78,2024-07-22
2783,2009-08-06,550000.0,2009-07-27,2024-08-01,6.73,2024-07-29
2784,2009-08-13,554000.0,2009-07-27,2024-08-08,6.47,2024-08-05
2785,2010-03-25,559000.0,2009-07-27,2024-08-15,6.49,2024-08-12
2786,2011-03-31,555000.0,2009-07-27,2024-08-22,6.46,2024-08-19
2787,2009-08-13,558000.0,2009-08-03,2024-08-29,6.35,2024-08-26
2788,2009-08-20,561000.0,2009-08-03,2024-09-05,6.35,2024-09-02
2789,2010-03-25,557000.0,2009-08-03,2024-09-12,6.2,2024-09-09
2790,2011-03-31,551000.0,2009-08-03,2024-09-19,6.09,2024-09-16
2791,2012-03-29,552000.0,2009-08-03,2024-09-26,6.08,2024-09-23
2792,2013-03-28,553000.0,2009-08-03,2024-10-03,6.12,2024-09-30
2793,2014-04-03,555000.0,2009-08-03,2024-10-10,6.32,2024-10-07
2794,2009-08-20,576000.0,2009-08-10,2024-10-17,6.44,2024-10-14
2795,2009-08-27,580000.0,2009-08-10,2024-10-24,6.54,2024-10-21
2796,2010-03-25,575000.0,2009-08-10,2024-10-31,6.72,2024-10-28
2797,2011-03-31,565000.0,2009-08-10,2024-11-07,6.79,2024-11-04
2798,2012-03-29,562000.0,2009-08-10,2024-11-14,6.78,2024-11-11
2799,2009-08-27,570000.0,2009-08-17,2024-11-21,6.84,2024-11-18
2800,2009-09-03,574000.0,2009-08-17,2024-11-27,6.81,2024-11-25
2801,2010-03-25,567000.0,2009-08-17,2024-12-05,6.69,2024-12-02
2802,2011-03-31,565000.0,2009-08-17,2024-12-12,6.6,2024-12-09
2803,2012-03-29,561000.0,2009-08-17,2024-12-19,6.72,2024-12-16
2804,2013-03-28,559000.0,2009-08-17,2024-12-26,6.85,2024-12-23
2805,2014-04-03,560000.0,2009-08-17,2025-01-02,6.91,2024-12-30
2806,2009-09-03,570000.0,2009-08-24,2025-01-09,6.93,2025-01-06
2807,2009-09-10,576000.0,2009-08-24,2025-01-16,7.04,2025-01-13
2808,2010-03-25,568000.0,2009-08-24,2025-01-23,6.96,2025-01-20
2809,2011-03-31,564000.0,2009-08-24,2025-01-30,6.95,2025-01-27
2810,2012-03-29,562000.0,2009-08-24,2025-02-06,6.89,2025-02-03
2811,2013-03-28,564000.0,2009-08-24,2025-02-13,6.87,2025-02-10
2812,2009-09-10,550000.0,2009-08-31,2025-02-20,6.85,2025-02-17
2813,2009-09-17,557000.0,2009-08-31,2025-02-27,6.76,2025-02-24
2814,2010-03-25,556000.0,2009-08-31,2025-03-06,6.63,2025-03-03
2815,2011-03-31,559000.0,2009-08-31,2025-03-13,6.65,2025-03-10
2816,2012-03-29,554000.0,2009-08-31,2025-03-20,6.67,2025-03-17
2817,2013-03-28,553000.0,2009-08-31,2025-03-27,6.65,2025-03-24
2818,2014-04-03,558000.0,2009-08-31,2025-04-03,6.64,2025-03-31
2819,2009-09-17,545000.0,2009-09-07,2025-04-10,6.62,2025-04-07
2820,2009-09-24,551000.0,2009-09-07,2025-04-17,6.83,2025-04-14
2821,2009-10-01,550000.0,2009-09-07,2025-04-24,6.81,2025-04-21
2822,2010-03-25,547000.0,2009-09-07,2025-05-01,6.76,2025-04-28
2823,2011-03-31,548000.0,2009-09-07,2025-05-08,6.76,2025-05-05
2824,2012-03-29,540000.0,2009-09-07,2025-05-15,6.81,2025-05-12
2825,2013-03-28,537000.0,2009-09-07,2025-05-22,6.86,2025-05-19
2826,2014-04-03,542000.0,2009-09-07,2025-05-29,6.89,2025-05-26
2827,2009-09-24,530000.0,2009-09-14,2025-06-05,6.85,2025-06-02
2828,2009-10-01,534000.0,2009-09-14,2025-06-12,6.84,2025-06-09
2829,2010-03-25,538000.0,2009-09-14,2025-06-18,6.81,2025-06-16
2830,2011-03-31,537000.0,2009-09-14,2025-06-26,6.77,2025-06-23
2831,2012-03-29,532000.0,2009-09-14,2025-07-03,6.67,2025-06-30
2832,2014-04-03,536000.0,2009-09-14,2025-07-10,6.72,2025-07-07
2833,2009-10-01,551000.0,2009-09-21,2025-07-17,6.75,2025-07-14
2834,2009-10-08,554000.0,2009-09-21,2025-07-24,6.74,2025-07-21
2835,2010-03-25,546000.0,2009-09-21,2025-07-31,6.72,2025-07-28
2836,2011-03-31,548000.0,2009-09-21,2025-08-07,6.63,2025-08-04
2837,2014-04-03,554000.0,2009-09-21,2025-08-14,6.58,2025-08-11
2838,2009-10-08,521000.0,2009-09-28,2025-08-21,6.58,2025-08-18
2839,2009-10-15,524000.0,2009-09-28,2025-08-28,6.56,2025-08-25
2840,2010-03-25,531000.0,2009-09-28,2025-09-04,6.5,2025-09-01
2841,2011-03-31,535000.0,2009-09-28,2025-09-11,6.35,2025-09-08
2842,2012-03-29,532000.0,2009-09-28,2025-09-18,6.26,2025-09-15
2843,2013-03-28,535000.0,2009-09-28,2025-09-25,6.3,2025-09-22
2844,2014-04-03,533000.0,2009-09-28,2025-10-02,6.34,2025-09-29
2845,2009-10-15,514000.0,2009-10-05,2025-10-09,6.3,2025-10-06
2846,2009-10-22,520000.0,2009-10-05,2025-10-16,6.27,2025-10-13
2847,2010-03-25,521000.0,2009-10-05,2025-10-23,6.19,2025-10-20
2848,2011-03-31,515000.0,2009-10-05,2025-10-30,6.17,2025-10-27
2849,2012-03-29,512000.0,2009-10-05,2025-11-06,6.22,2025-11-03
2850,2013-03-28,514000.0,2009-10-05,2025-11-13,6.24,2025-11-10
2851,2014-04-03,511000.0,2009-10-05,2025-11-20,6.26,2025-11-17
2852,2009-10-22,531000.0,2009-10-12,2025-11-26,6.23,2025-11-24
2853,2010-03-25,535000.0,2009-10-12,2025-12-04,6.19,2025-12-01
2854,2011-03-31,538000.0,2009-10-12,2025-12-11,6.22,2025-12-08
2855,2012-03-29,537000.0,2009-10-12,2025-12-18,6.21,2025-12-15
2856,2013-03-28,534000.0,2009-10-12,2025-12-24,6.18,2025-12-22
2857,2014-04-03,531000.0,2009-10-12,2025-12-31,6.15,2025-12-29
2858,2009-10-29,530000.0,2009-10-19,2026-01-08,6.16,2026-01-05
2859,2009-11-05,532000.0,2009-10-19,2026-01-15,6.06,2026-01-12
2860,2010-03-25,528000.0,2009-10-19,2026-01-22,6.09,2026-01-19
2861,2011-03-31,531000.0,2009-10-19,2026-01-29,6.1,2026-01-26
2862,2012-03-29,528000.0,2009-10-19,2026-02-05,6.11,2026-02-02
2863,2013-03-28,530000.0,2009-10-19,2026-02-12,6.09,2026-02-09
2864,2009-11-05,512000.0,2009-10-26,2026-02-19,6.01,2026-02-16
2865,2009-11-12,514000.0,2009-10-26,2026-02-26,5.98,2026-02-23
2866,2010-03-25,522000.0,2009-10-26,2026-03-05,6.0,2026-03-02
2867,2011-03-31,523000.0,2009-10-26,2026-03-12,6.11,2026-03-09
2868,2012-03-29,522000.0,2009-10-26,2026-03-19,6.22,2026-03-16
2869,2013-03-28,523000.0,2009-10-26,2026-03-26,6.38,2026-03-23
2870,2014-04-03,522000.0,2009-10-26,2026-04-02,6.46,2026-03-30
2871,2009-11-12,502000.0,2009-11-02,2026-04-09,6.37,2026-04-06
2872,2009-11-19,505000.0,2009-11-02,2026-04-16,6.3,2026-04-13
2873,2010-03-25,507000.0,2009-11-02,2026-04-23,6.23,2026-04-20
2874,2011-03-31,511000.0,2009-11-02,2026-04-30,6.3,2026-04-27
2875,2013-03-28,513000.0,2009-11-02,,,
2876,2014-04-03,512000.0,2009-11-02,,,
2877,2009-11-19,505000.0,2009-11-09,,,
2878,2009-11-25,501000.0,2009-11-09,,,
2879,2010-03-25,509000.0,2009-11-09,,,
2880,2011-03-31,513000.0,2009-11-09,,,
2881,2012-03-29,512000.0,2009-11-09,,,
2882,2013-03-28,507000.0,2009-11-09,,,
2883,2009-11-25,466000.0,2009-11-16,,,
2884,2009-12-03,462000.0,2009-11-16,,,
2885,2009-12-10,463000.0,2009-11-16,,,
2886,2010-03-25,477000.0,2009-11-16,,,
2887,2011-03-31,486000.0,2009-11-16,,,
2888,2012-03-29,485000.0,2009-11-16,,,
2889,2013-03-28,481000.0,2009-11-16,,,
2890,2014-04-03,482000.0,2009-11-16,,,
2891,2009-12-03,457000.0,2009-11-23,,,
2892,2009-12-17,454000.0,2009-11-23,,,
2893,2010-03-25,475000.0,2009-11-23,,,
2894,2011-03-31,477000.0,2009-11-23,,,
2895,2012-03-29,473000.0,2009-11-23,,,
2896,2013-03-28,472000.0,2009-11-23,,,
2897,2014-04-03,475000.0,2009-11-23,,,
2898,2009-12-10,474000.0,2009-11-30,,,
2899,2009-12-17,473000.0,2009-11-30,,,
2900,2009-12-24,475000.0,2009-11-30,,,
2901,2010-03-25,483000.0,2009-11-30,,,
2902,2011-03-31,491000.0,2009-11-30,,,
2903,2012-03-29,494000.0,2009-11-30,,,
2904,2013-03-28,498000.0,2009-11-30,,,
2905,2014-04-03,497000.0,2009-11-30,,,
2906,2009-12-17,480000.0,2009-12-07,,,
2907,2010-03-25,490000.0,2009-12-07,,,
2908,2011-03-31,496000.0,2009-12-07,,,
2909,2012-03-29,500000.0,2009-12-07,,,
2910,2013-03-28,503000.0,2009-12-07,,,
2911,2014-04-03,498000.0,2009-12-07,,,
2912,2009-12-24,452000.0,2009-12-14,,,
2913,2009-12-31,454000.0,2009-12-14,,,
2914,2010-03-25,469000.0,2009-12-14,,,
2915,2011-03-31,477000.0,2009-12-14,,,
2916,2012-03-29,479000.0,2009-12-14,,,
2917,2013-03-28,481000.0,2009-12-14,,,
2918,2014-04-03,479000.0,2009-12-14,,,
2919,2009-12-31,432000.0,2009-12-21,,,
2920,2010-01-07,433000.0,2009-12-21,,,
2921,2010-01-14,432000.0,2009-12-21,,,
2922,2010-03-25,454000.0,2009-12-21,,,
2923,2011-03-31,465000.0,2009-12-21,,,
2924,2012-03-29,467000.0,2009-12-21,,,
2925,2013-03-28,469000.0,2009-12-21,,,
2926,2014-04-03,468000.0,2009-12-21,,,
2927,2010-01-07,434000.0,2009-12-28,,,
2928,2010-01-14,433000.0,2009-12-28,,,
2929,2010-03-25,456000.0,2009-12-28,,,
2930,2011-03-31,462000.0,2009-12-28,,,
2931,2012-03-29,461000.0,2009-12-28,,,
2932,2014-04-03,460000.0,2009-12-28,,,
2933,2015-04-02,456000.0,2009-12-28,,,
2934,2010-01-14,444000.0,2010-01-04,,,
2935,2010-01-21,446000.0,2010-01-04,,,
2936,2010-01-28,444000.0,2010-01-04,,,
2937,2010-03-25,470000.0,2010-01-04,,,
2938,2011-03-31,468000.0,2010-01-04,,,
2939,2012-03-29,467000.0,2010-01-04,,,
2940,2013-03-28,473000.0,2010-01-04,,,
2941,2014-04-03,474000.0,2010-01-04,,,
2942,2015-04-02,469000.0,2010-01-04,,,
2943,2010-01-21,482000.0,2010-01-11,,,
2944,2010-01-28,478000.0,2010-01-11,,,
2945,2010-02-04,479000.0,2010-01-11,,,
2946,2010-03-25,489000.0,2010-01-11,,,
2947,2011-03-31,501000.0,2010-01-11,,,
2948,2012-03-29,507000.0,2010-01-11,,,
2949,2013-03-28,513000.0,2010-01-11,,,
2950,2015-04-02,507000.0,2010-01-11,,,
2951,2010-01-28,470000.0,2010-01-18,,,
2952,2010-02-04,472000.0,2010-01-18,,,
2953,2010-03-25,476000.0,2010-01-18,,,
2954,2011-03-31,470000.0,2010-01-18,,,
2955,2012-03-29,465000.0,2010-01-18,,,
2956,2013-03-28,473000.0,2010-01-18,,,
2957,2014-04-03,471000.0,2010-01-18,,,
2958,2010-02-04,480000.0,2010-01-25,,,
2959,2010-02-11,483000.0,2010-01-25,,,
2960,2010-03-25,490000.0,2010-01-25,,,
2961,2011-03-31,501000.0,2010-01-25,,,
2962,2012-03-29,505000.0,2010-01-25,,,
2963,2013-03-28,498000.0,2010-01-25,,,
2964,2014-04-03,493000.0,2010-01-25,,,
2965,2015-04-02,496000.0,2010-01-25,,,
2966,2010-02-11,440000.0,2010-02-01,,,
2967,2010-02-18,442000.0,2010-02-01,,,
2968,2010-03-25,439000.0,2010-02-01,,,
2969,2011-03-31,452000.0,2010-02-01,,,
2970,2012-03-29,463000.0,2010-02-01,,,
2971,2013-03-28,464000.0,2010-02-01,,,
2972,2014-04-03,465000.0,2010-02-01,,,
2973,2015-04-02,466000.0,2010-02-01,,,
2974,2010-02-18,473000.0,2010-02-08,,,
2975,2010-02-25,474000.0,2010-02-08,,,
2976,2010-03-25,479000.0,2010-02-08,,,
2977,2011-03-31,487000.0,2010-02-08,,,
2978,2012-03-29,490000.0,2010-02-08,,,
2979,2013-03-28,489000.0,2010-02-08,,,
2980,2014-04-03,486000.0,2010-02-08,,,
2981,2015-04-02,489000.0,2010-02-08,,,
2982,2010-02-25,496000.0,2010-02-15,,,
2983,2010-03-04,498000.0,2010-02-15,,,
2984,2010-03-25,486000.0,2010-02-15,,,
2985,2011-03-31,485000.0,2010-02-15,,,
2986,2012-03-29,501000.0,2010-02-15,,,
2987,2014-04-03,500000.0,2010-02-15,,,
2988,2010-03-04,469000.0,2010-02-22,,,
2989,2010-03-11,468000.0,2010-02-22,,,
2990,2010-03-25,466000.0,2010-02-22,,,
2991,2011-03-31,475000.0,2010-02-22,,,
2992,2012-03-29,488000.0,2010-02-22,,,
2993,2013-03-28,485000.0,2010-02-22,,,
2994,2014-04-03,486000.0,2010-02-22,,,
2995,2015-04-02,488000.0,2010-02-22,,,
2996,2010-03-11,462000.0,2010-03-01,,,
2997,2010-03-25,451000.0,2010-03-01,,,
2998,2011-03-31,462000.0,2010-03-01,,,
2999,2012-03-29,469000.0,2010-03-01,,,
3000,2013-03-28,468000.0,2010-03-01,,,
3001,2014-04-03,469000.0,2010-03-01,,,
3002,2015-04-02,472000.0,2010-03-01,,,
3003,2010-03-18,457000.0,2010-03-08,,,
3004,2010-03-25,456000.0,2010-03-08,,,
3005,2010-04-01,454000.0,2010-03-08,,,
3006,2011-03-31,464000.0,2010-03-08,,,
3007,2012-03-29,473000.0,2010-03-08,,,
3008,2013-03-28,474000.0,2010-03-08,,,
3009,2014-04-03,475000.0,2010-03-08,,,
3010,2015-04-02,478000.0,2010-03-08,,,
3011,2010-03-25,442000.0,2010-03-15,,,
3012,2010-04-01,445000.0,2010-03-15,,,
3013,2011-03-31,460000.0,2010-03-15,,,
3014,2012-03-29,469000.0,2010-03-15,,,
3015,2014-04-03,468000.0,2010-03-15,,,
3016,2015-04-02,472000.0,2010-03-15,,,
3017,2010-04-01,439000.0,2010-03-22,,,
3018,2010-04-08,442000.0,2010-03-22,,,
3019,2011-03-31,452000.0,2010-03-22,,,
3020,2012-03-29,460000.0,2010-03-22,,,
3021,2013-03-28,461000.0,2010-03-22,,,
3022,2014-04-03,458000.0,2010-03-22,,,
3023,2015-04-02,459000.0,2010-03-22,,,
3024,2010-04-08,460000.0,2010-03-29,,,
3025,2010-04-22,463000.0,2010-03-29,,,
3026,2011-03-31,472000.0,2010-03-29,,,
3027,2012-03-29,484000.0,2010-03-29,,,
3028,2013-03-28,482000.0,2010-03-29,,,
3029,2014-04-03,476000.0,2010-03-29,,,
3030,2015-04-02,479000.0,2010-03-29,,,
3031,2010-04-15,484000.0,2010-04-05,,,
3032,2010-04-22,480000.0,2010-04-05,,,
3033,2011-03-31,477000.0,2010-04-05,,,
3034,2013-03-28,473000.0,2010-04-05,,,
3035,2014-04-03,474000.0,2010-04-05,,,
3036,2015-04-02,479000.0,2010-04-05,,,
3037,2010-04-22,456000.0,2010-04-12,,,
3038,2010-04-29,459000.0,2010-04-12,,,
3039,2011-03-31,469000.0,2010-04-12,,,
3040,2012-03-29,476000.0,2010-04-12,,,
3041,2013-03-28,470000.0,2010-04-12,,,
3042,2014-04-03,467000.0,2010-04-12,,,
3043,2015-04-02,469000.0,2010-04-12,,,
3044,2010-04-29,448000.0,2010-04-19,,,
3045,2010-05-06,451000.0,2010-04-19,,,
3046,2011-03-31,457000.0,2010-04-19,,,
3047,2012-03-29,450000.0,2010-04-19,,,
3048,2013-03-28,447000.0,2010-04-19,,,
3049,2014-04-03,450000.0,2010-04-19,,,
3050,2015-04-02,449000.0,2010-04-19,,,
3051,2010-05-06,444000.0,2010-04-26,,,
3052,2010-05-13,448000.0,2010-04-26,,,
3053,2010-05-20,446000.0,2010-04-26,,,
3054,2011-03-31,460000.0,2010-04-26,,,
3055,2012-03-29,448000.0,2010-04-26,,,
3056,2014-04-03,450000.0,2010-04-26,,,
3057,2015-04-02,451000.0,2010-04-26,,,
3058,2010-05-13,444000.0,2010-05-03,,,
3059,2010-05-20,446000.0,2010-05-03,,,
3060,2011-03-31,455000.0,2010-05-03,,,
3061,2012-03-29,451000.0,2010-05-03,,,
3062,2014-04-03,450000.0,2010-05-03,,,
3063,2015-04-02,451000.0,2010-05-03,,,
3064,2010-05-20,471000.0,2010-05-10,,,
3065,2010-05-27,474000.0,2010-05-10,,,
3066,2011-03-31,477000.0,2010-05-10,,,
3067,2012-03-29,478000.0,2010-05-10,,,
3068,2013-03-28,476000.0,2010-05-10,,,
3069,2014-04-03,474000.0,2010-05-10,,,
3070,2010-05-27,460000.0,2010-05-17,,,
3071,2010-06-03,463000.0,2010-05-17,,,
3072,2011-03-31,467000.0,2010-05-17,,,
3073,2012-03-29,463000.0,2010-05-17,,,
3074,2013-03-28,462000.0,2010-05-17,,,
3075,2014-04-03,461000.0,2010-05-17,,,
3076,2015-04-02,463000.0,2010-05-17,,,
3077,2010-06-03,453000.0,2010-05-24,,,
3078,2010-06-10,459000.0,2010-05-24,,,
3079,2011-03-31,464000.0,2010-05-24,,,
3080,2012-03-29,461000.0,2010-05-24,,,
3081,2013-03-28,457000.0,2010-05-24,,,
3082,2014-04-03,456000.0,2010-05-24,,,
3083,2015-04-02,458000.0,2010-05-24,,,
3084,2010-06-10,456000.0,2010-05-31,,,
3085,2010-06-17,460000.0,2010-05-31,,,
3086,2010-06-24,459000.0,2010-05-31,,,
3087,2011-03-31,464000.0,2010-05-31,,,
3088,2012-03-29,460000.0,2010-05-31,,,
3089,2013-03-28,458000.0,2010-05-31,,,
3090,2015-04-02,459000.0,2010-05-31,,,
3091,2010-06-17,472000.0,2010-06-07,,,
3092,2010-06-24,476000.0,2010-06-07,,,
3093,2011-03-31,474000.0,2010-06-07,,,
3094,2012-03-29,472000.0,2010-06-07,,,
3095,2013-03-28,466000.0,2010-06-07,,,
3096,2015-04-02,467000.0,2010-06-07,,,
3097,2010-06-24,457000.0,2010-06-14,,,
3098,2010-07-01,459000.0,2010-06-14,,,
3099,2011-03-31,463000.0,2010-06-14,,,
3100,2012-03-29,458000.0,2010-06-14,,,
3101,2013-03-28,454000.0,2010-06-14,,,
3102,2014-04-03,452000.0,2010-06-14,,,
3103,2010-07-01,472000.0,2010-06-21,,,
3104,2010-07-08,475000.0,2010-06-21,,,
3105,2011-03-31,472000.0,2010-06-21,,,
3106,2012-03-29,466000.0,2010-06-21,,,
3107,2013-03-28,464000.0,2010-06-21,,,
3108,2010-07-08,454000.0,2010-06-28,,,
3109,2010-07-15,458000.0,2010-06-28,,,
3110,2011-03-31,460000.0,2010-06-28,,,
3111,2012-03-29,457000.0,2010-06-28,,,
3112,2013-03-28,456000.0,2010-06-28,,,
3113,2014-04-03,454000.0,2010-06-28,,,
3114,2010-07-15,429000.0,2010-07-05,,,
3115,2010-07-22,427000.0,2010-07-05,,,
3116,2011-03-31,440000.0,2010-07-05,,,
3117,2012-03-29,439000.0,2010-07-05,,,
3118,2013-03-28,440000.0,2010-07-05,,,
3119,2014-04-03,438000.0,2010-07-05,,,
3120,2015-04-02,439000.0,2010-07-05,,,
3121,2010-07-22,464000.0,2010-07-12,,,
3122,2010-07-29,468000.0,2010-07-12,,,
3123,2011-03-31,466000.0,2010-07-12,,,
3124,2012-03-29,462000.0,2010-07-12,,,
3125,2013-03-28,458000.0,2010-07-12,,,
3126,2014-04-03,459000.0,2010-07-12,,,
3127,2015-04-02,462000.0,2010-07-12,,,
3128,2010-07-29,457000.0,2010-07-19,,,
3129,2010-08-05,460000.0,2010-07-19,,,
3130,2011-03-31,457000.0,2010-07-19,,,
3131,2012-03-29,459000.0,2010-07-19,,,
3132,2013-03-28,464000.0,2010-07-19,,,
3133,2015-04-02,465000.0,2010-07-19,,,
3134,2010-08-05,479000.0,2010-07-26,,,
3135,2010-08-12,482000.0,2010-07-26,,,
3136,2011-03-31,474000.0,2010-07-26,,,
3137,2013-03-28,473000.0,2010-07-26,,,
3138,2014-04-03,474000.0,2010-07-26,,,
3139,2015-04-02,476000.0,2010-07-26,,,
3140,2010-08-12,484000.0,2010-08-02,,,
3141,2010-08-19,488000.0,2010-08-02,,,
3142,2011-03-31,478000.0,2010-08-02,,,
3143,2012-03-29,479000.0,2010-08-02,,,
3144,2013-03-28,481000.0,2010-08-02,,,
3145,2014-04-03,484000.0,2010-08-02,,,
3146,2015-04-02,483000.0,2010-08-02,,,
3147,2010-08-19,500000.0,2010-08-09,,,
3148,2010-08-26,504000.0,2010-08-09,,,
3149,2011-03-31,488000.0,2010-08-09,,,
3150,2012-03-29,484000.0,2010-08-09,,,
3151,2013-03-28,485000.0,2010-08-09,,,
3152,2014-04-03,486000.0,2010-08-09,,,
3153,2010-08-26,473000.0,2010-08-16,,,
3154,2010-09-02,478000.0,2010-08-16,,,
3155,2011-03-31,469000.0,2010-08-16,,,
3156,2012-03-29,464000.0,2010-08-16,,,
3157,2013-03-28,463000.0,2010-08-16,,,
3158,2014-04-03,464000.0,2010-08-16,,,
3159,2010-09-02,472000.0,2010-08-23,,,
3160,2010-09-09,478000.0,2010-08-23,,,
3161,2011-03-31,468000.0,2010-08-23,,,
3162,2012-03-29,465000.0,2010-08-23,,,
3163,2013-03-28,466000.0,2010-08-23,,,
3164,2014-04-03,467000.0,2010-08-23,,,
3165,2010-09-09,451000.0,2010-08-30,,,
3166,2010-09-16,453000.0,2010-08-30,,,
3167,2010-09-23,457000.0,2010-08-30,,,
3168,2011-03-31,455000.0,2010-08-30,,,
3169,2012-03-29,450000.0,2010-08-30,,,
3170,2013-03-28,449000.0,2010-08-30,,,
3171,2014-04-03,455000.0,2010-08-30,,,
3172,2015-04-02,452000.0,2010-08-30,,,
3173,2010-09-16,450000.0,2010-09-06,,,
3174,2010-09-23,453000.0,2010-09-06,,,
3175,2011-03-31,450000.0,2010-09-06,,,
3176,2012-03-29,440000.0,2010-09-06,,,
3177,2013-03-28,438000.0,2010-09-06,,,
3178,2014-04-03,444000.0,2010-09-06,,,
3179,2010-09-23,465000.0,2010-09-13,,,
3180,2010-09-30,469000.0,2010-09-13,,,
3181,2011-03-31,463000.0,2010-09-13,,,
3182,2012-03-29,457000.0,2010-09-13,,,
3183,2013-03-28,455000.0,2010-09-13,,,
3184,2014-04-03,460000.0,2010-09-13,,,
3185,2015-04-02,459000.0,2010-09-13,,,
3186,2010-09-30,453000.0,2010-09-20,,,
3187,2010-10-07,456000.0,2010-09-20,,,
3188,2011-03-31,450000.0,2010-09-20,,,
3189,2012-03-29,449000.0,2010-09-20,,,
3190,2013-03-28,452000.0,2010-09-20,,,
3191,2014-04-03,458000.0,2010-09-20,,,
3192,2015-04-02,459000.0,2010-09-20,,,
3193,2010-10-07,445000.0,2010-09-27,,,
3194,2010-10-14,449000.0,2010-09-27,,,
3195,2012-03-29,446000.0,2010-09-27,,,
3196,2013-03-28,449000.0,2010-09-27,,,
3197,2014-04-03,446000.0,2010-09-27,,,
3198,2010-10-14,462000.0,2010-10-04,,,
3199,2010-10-21,475000.0,2010-10-04,,,
3200,2011-03-31,463000.0,2010-10-04,,,
3201,2012-03-29,457000.0,2010-10-04,,,
3202,2013-03-28,462000.0,2010-10-04,,,
3203,2014-04-03,457000.0,2010-10-04,,,
3204,2015-04-02,459000.0,2010-10-04,,,
3205,2010-10-21,452000.0,2010-10-11,,,
3206,2010-10-28,455000.0,2010-10-11,,,
3207,2011-03-31,452000.0,2010-10-11,,,
3208,2012-03-29,451000.0,2010-10-11,,,
3209,2013-03-28,446000.0,2010-10-11,,,
3210,2014-04-03,443000.0,2010-10-11,,,
3211,2015-04-02,444000.0,2010-10-11,,,
3212,2010-10-28,434000.0,2010-10-18,,,
3213,2010-11-04,437000.0,2010-10-18,,,
3214,2011-03-31,435000.0,2010-10-18,,,
3215,2012-03-29,430000.0,2010-10-18,,,
3216,2013-03-28,433000.0,2010-10-18,,,
3217,2015-04-02,432000.0,2010-10-18,,,
3218,2010-11-04,457000.0,2010-10-25,,,
3219,2010-11-10,459000.0,2010-10-25,,,
3220,2011-03-31,454000.0,2010-10-25,,,
3221,2013-03-28,455000.0,2010-10-25,,,
3222,2014-04-03,453000.0,2010-10-25,,,
3223,2010-11-10,435000.0,2010-11-01,,,
3224,2010-11-18,437000.0,2010-11-01,,,
3225,2011-03-31,436000.0,2010-11-01,,,
3226,2012-03-29,433000.0,2010-11-01,,,
3227,2013-03-28,436000.0,2010-11-01,,,
3228,2015-04-02,434000.0,2010-11-01,,,
3229,2010-11-18,439000.0,2010-11-08,,,
3230,2010-11-24,441000.0,2010-11-08,,,
3231,2012-03-29,440000.0,2010-11-08,,,
3232,2013-03-28,435000.0,2010-11-08,,,
3233,2014-04-03,434000.0,2010-11-08,,,
3234,2015-04-02,432000.0,2010-11-08,,,
3235,2010-11-24,407000.0,2010-11-15,,,
3236,2010-12-02,410000.0,2010-11-15,,,
3237,2011-03-31,416000.0,2010-11-15,,,
3238,2012-03-29,413000.0,2010-11-15,,,
3239,2013-03-28,408000.0,2010-11-15,,,
3240,2014-04-03,410000.0,2010-11-15,,,
3241,2015-04-02,407000.0,2010-11-15,,,
3242,2010-12-02,436000.0,2010-11-22,,,
3243,2010-12-09,438000.0,2010-11-22,,,
3244,2011-03-31,439000.0,2010-11-22,,,
3245,2012-03-29,434000.0,2010-11-22,,,
3246,2013-03-28,431000.0,2010-11-22,,,
3247,2014-04-03,435000.0,2010-11-22,,,
3248,2015-04-02,432000.0,2010-11-22,,,
3249,2010-12-09,421000.0,2010-11-29,,,
3250,2010-12-16,423000.0,2010-11-29,,,
3251,2011-03-31,425000.0,2010-11-29,,,
3252,2012-03-29,427000.0,2010-11-29,,,
3253,2013-03-28,431000.0,2010-11-29,,,
3254,2015-04-02,428000.0,2010-11-29,,,
3255,2010-12-16,420000.0,2010-12-06,,,
3256,2010-12-23,423000.0,2010-12-06,,,
3257,2011-03-31,427000.0,2010-12-06,,,
3258,2012-03-29,430000.0,2010-12-06,,,
3259,2013-03-28,434000.0,2010-12-06,,,
3260,2014-04-03,428000.0,2010-12-06,,,
3261,2015-04-02,425000.0,2010-12-06,,,
3262,2010-12-23,420000.0,2010-12-13,,,
3263,2010-12-30,422000.0,2010-12-13,,,
3264,2011-01-06,420000.0,2010-12-13,,,
3265,2011-03-31,423000.0,2010-12-13,,,
3266,2012-03-29,427000.0,2010-12-13,,,
3267,2013-03-28,429000.0,2010-12-13,,,
3268,2014-04-03,426000.0,2010-12-13,,,
3269,2015-04-02,424000.0,2010-12-13,,,
3270,2010-12-30,388000.0,2010-12-20,,,
3271,2011-01-06,391000.0,2010-12-20,,,
3272,2011-03-31,404000.0,2010-12-20,,,
3273,2013-03-28,406000.0,2010-12-20,,,
3274,2015-04-02,404000.0,2010-12-20,,,
3275,2011-01-06,409000.0,2010-12-27,,,
3276,2011-01-13,410000.0,2010-12-27,,,
3277,2011-01-20,411000.0,2010-12-27,,,
3278,2011-03-31,418000.0,2010-12-27,,,
3279,2012-03-29,419000.0,2010-12-27,,,
3280,2013-03-28,420000.0,2010-12-27,,,
3281,2014-04-03,418000.0,2010-12-27,,,
3282,2015-04-02,413000.0,2010-12-27,,,
3283,2011-01-13,445000.0,2011-01-03,,,
3284,2011-01-20,441000.0,2011-01-03,,,
3285,2011-01-27,447000.0,2011-01-03,,,
3286,2011-03-31,437000.0,2011-01-03,,,
3287,2012-03-29,430000.0,2011-01-03,,,
3288,2013-03-28,437000.0,2011-01-03,,,
3289,2014-04-03,439000.0,2011-01-03,,,
3290,2015-04-02,434000.0,2011-01-03,,,
3291,2011-01-20,404000.0,2011-01-10,,,
3292,2011-01-27,403000.0,2011-01-10,,,
3293,2011-03-31,415000.0,2011-01-10,,,
3294,2012-03-29,423000.0,2011-01-10,,,
3295,2013-03-28,429000.0,2011-01-10,,,
3296,2014-04-03,428000.0,2011-01-10,,,
3297,2015-04-02,423000.0,2011-01-10,,,
3298,2016-03-24,421000.0,2011-01-10,,,
3299,2011-01-27,454000.0,2011-01-17,,,
3300,2011-02-03,457000.0,2011-01-17,,,
3301,2011-03-31,443000.0,2011-01-17,,,
3302,2012-03-29,435000.0,2011-01-17,,,
3303,2013-03-28,448000.0,2011-01-17,,,
3304,2015-04-02,446000.0,2011-01-17,,,
3305,2011-02-03,415000.0,2011-01-24,,,
3306,2011-02-10,419000.0,2011-01-24,,,
3307,2011-03-31,424000.0,2011-01-24,,,
3308,2012-03-29,433000.0,2011-01-24,,,
3309,2013-03-28,426000.0,2011-01-24,,,
3310,2014-04-03,419000.0,2011-01-24,,,
3311,2015-04-02,420000.0,2011-01-24,,,
3312,2011-02-10,383000.0,2011-01-31,,,
3313,2011-02-17,385000.0,2011-01-31,,,
3314,2011-03-31,391000.0,2011-01-31,,,
3315,2012-03-29,403000.0,2011-01-31,,,
3316,2013-03-28,404000.0,2011-01-31,,,
3317,2015-04-02,405000.0,2011-01-31,,,
3318,2016-03-24,402000.0,2011-01-31,,,
3319,2011-02-17,410000.0,2011-02-07,,,
3320,2011-02-24,413000.0,2011-02-07,,,
3321,2011-03-31,420000.0,2011-02-07,,,
3322,2012-03-29,429000.0,2011-02-07,,,
3323,2013-03-28,428000.0,2011-02-07,,,
3324,2014-04-03,425000.0,2011-02-07,,,
3325,2015-04-02,426000.0,2011-02-07,,,
3326,2016-03-24,425000.0,2011-02-07,,,
3327,2011-02-24,391000.0,2011-02-14,,,
3328,2011-03-03,388000.0,2011-02-14,,,
3329,2011-03-31,384000.0,2011-02-14,,,
3330,2012-03-29,398000.0,2011-02-14,,,
3331,2013-03-28,399000.0,2011-02-14,,,
3332,2014-04-03,397000.0,2011-02-14,,,
3333,2016-03-24,394000.0,2011-02-14,,,
3334,2011-03-03,368000.0,2011-02-21,,,
3335,2011-03-10,371000.0,2011-02-21,,,
3336,2011-03-31,375000.0,2011-02-21,,,
3337,2012-03-29,392000.0,2011-02-21,,,
3338,2013-03-28,389000.0,2011-02-21,,,
3339,2016-03-24,385000.0,2011-02-21,,,
3340,2011-03-10,397000.0,2011-02-28,,,
3341,2011-03-17,401000.0,2011-02-28,,,
3342,2011-03-31,405000.0,2011-02-28,,,
3343,2012-03-29,415000.0,2011-02-28,,,
3344,2013-03-28,413000.0,2011-02-28,,,
3345,2014-04-03,414000.0,2011-02-28,,,
3346,2015-04-02,417000.0,2011-02-28,,,
3347,2016-03-24,414000.0,2011-02-28,,,
3348,2011-03-17,385000.0,2011-03-07,,,
3349,2011-03-24,387000.0,2011-03-07,,,
3350,2011-03-31,390000.0,2011-03-07,,,
3351,2012-03-29,401000.0,2011-03-07,,,
3352,2014-04-03,404000.0,2011-03-07,,,
3353,2015-04-02,405000.0,2011-03-07,,,
3354,2016-03-24,404000.0,2011-03-07,,,
3355,2011-03-24,382000.0,2011-03-14,,,
3356,2011-03-31,394000.0,2011-03-14,,,
3357,2012-03-29,407000.0,2011-03-14,,,
3358,2014-04-03,406000.0,2011-03-14,,,
3359,2015-04-02,408000.0,2011-03-14,,,
3360,2016-03-24,407000.0,2011-03-14,,,
3361,2011-03-31,388000.0,2011-03-21,,,
3362,2011-04-07,392000.0,2011-03-21,,,
3363,2012-03-29,401000.0,2011-03-21,,,
3364,2014-04-03,397000.0,2011-03-21,,,
3365,2015-04-02,399000.0,2011-03-21,,,
3366,2011-04-07,382000.0,2011-03-28,,,
3367,2011-04-14,385000.0,2011-03-28,,,
3368,2012-03-29,400000.0,2011-03-28,,,
3369,2013-03-28,401000.0,2011-03-28,,,
3370,2014-04-03,394000.0,2011-03-28,,,
3371,2015-04-02,395000.0,2011-03-28,,,
3372,2011-04-14,412000.0,2011-04-04,,,
3373,2011-04-21,416000.0,2011-04-04,,,
3374,2013-03-28,410000.0,2011-04-04,,,
3375,2014-04-03,412000.0,2011-04-04,,,
3376,2015-04-02,418000.0,2011-04-04,,,
3377,2016-03-24,416000.0,2011-04-04,,,
3378,2011-04-21,403000.0,2011-04-11,,,
3379,2011-04-28,404000.0,2011-04-11,,,
3380,2012-03-29,414000.0,2011-04-11,,,
3381,2013-03-28,409000.0,2011-04-11,,,
3382,2014-04-03,404000.0,2011-04-11,,,
3383,2015-04-02,405000.0,2011-04-11,,,
3384,2016-03-24,402000.0,2011-04-11,,,
3385,2011-04-28,429000.0,2011-04-18,,,
3386,2011-05-05,431000.0,2011-04-18,,,
3387,2012-03-29,426000.0,2011-04-18,,,
3388,2013-03-28,419000.0,2011-04-18,,,
3389,2014-04-03,423000.0,2011-04-18,,,
3390,2015-04-02,421000.0,2011-04-18,,,
3391,2016-03-24,422000.0,2011-04-18,,,
3392,2011-05-05,474000.0,2011-04-25,,,
3393,2011-05-12,478000.0,2011-04-25,,,
3394,2012-03-29,464000.0,2011-04-25,,,
3395,2013-03-28,466000.0,2011-04-25,,,
3396,2014-04-03,468000.0,2011-04-25,,,
3397,2015-04-02,467000.0,2011-04-25,,,
3398,2016-03-24,468000.0,2011-04-25,,,
3399,2011-05-12,434000.0,2011-05-02,,,
3400,2011-05-19,438000.0,2011-05-02,,,
3401,2012-03-29,430000.0,2011-05-02,,,
3402,2013-03-28,429000.0,2011-05-02,,,
3403,2014-04-03,430000.0,2011-05-02,,,
3404,2015-04-02,431000.0,2011-05-02,,,
3405,2016-03-24,435000.0,2011-05-02,,,
3406,2011-05-19,409000.0,2011-05-09,,,
3407,2011-05-26,414000.0,2011-05-09,,,
3408,2012-03-29,418000.0,2011-05-09,,,
3409,2013-03-28,416000.0,2011-05-09,,,
3410,2014-04-03,413000.0,2011-05-09,,,
3411,2015-04-02,412000.0,2011-05-09,,,
3412,2016-03-24,414000.0,2011-05-09,,,
3413,2011-05-26,424000.0,2011-05-16,,,
3414,2011-06-02,428000.0,2011-05-16,,,
3415,2011-06-09,429000.0,2011-05-16,,,
3416,2012-03-29,424000.0,2011-05-16,,,
3417,2013-03-28,423000.0,2011-05-16,,,
3418,2015-04-02,424000.0,2011-05-16,,,
3419,2016-03-24,423000.0,2011-05-16,,,
3420,2011-06-02,422000.0,2011-05-23,,,
3421,2011-06-09,426000.0,2011-05-23,,,
3422,2012-11-01,424000.0,2011-05-23,,,
3423,2013-03-28,418000.0,2011-05-23,,,
3424,2014-04-03,416000.0,2011-05-23,,,
3425,2015-04-02,418000.0,2011-05-23,,,
3426,2011-06-09,427000.0,2011-05-30,,,
3427,2011-06-16,430000.0,2011-05-30,,,
3428,2012-03-29,425000.0,2011-05-30,,,
3429,2013-03-28,423000.0,2011-05-30,,,
3430,2014-04-03,424000.0,2011-05-30,,,
3431,2015-04-02,423000.0,2011-05-30,,,
3432,2011-06-16,414000.0,2011-06-06,,,
3433,2011-06-23,420000.0,2011-06-06,,,
3434,2012-03-29,418000.0,2011-06-06,,,
3435,2013-03-28,411000.0,2011-06-06,,,
3436,2014-04-03,412000.0,2011-06-06,,,
3437,2016-03-24,413000.0,2011-06-06,,,
3438,2011-06-23,429000.0,2011-06-13,,,
3439,2012-03-29,424000.0,2011-06-13,,,
3440,2013-03-28,419000.0,2011-06-13,,,
3441,2014-04-03,415000.0,2011-06-13,,,
3442,2015-04-02,416000.0,2011-06-13,,,
3443,2011-06-30,428000.0,2011-06-20,,,
3444,2011-07-07,432000.0,2011-06-20,,,
3445,2012-03-29,425000.0,2011-06-20,,,
3446,2013-03-28,421000.0,2011-06-20,,,
3447,2011-07-07,418000.0,2011-06-27,,,
3448,2011-07-14,427000.0,2011-06-27,,,
3449,2012-03-29,422000.0,2011-06-27,,,
3450,2013-03-28,421000.0,2011-06-27,,,
3451,2014-04-03,419000.0,2011-06-27,,,
3452,2015-04-02,420000.0,2011-06-27,,,
3453,2016-03-24,418000.0,2011-06-27,,,
3454,2011-07-14,405000.0,2011-07-04,,,
3455,2011-07-21,408000.0,2011-07-04,,,
3456,2012-03-29,410000.0,2011-07-04,,,
3457,2013-03-28,411000.0,2011-07-04,,,
3458,2014-04-03,409000.0,2011-07-04,,,
3459,2015-04-02,410000.0,2011-07-04,,,
3460,2016-03-24,408000.0,2011-07-04,,,
3461,2011-07-21,418000.0,2011-07-11,,,
3462,2011-07-28,422000.0,2011-07-11,,,
3463,2012-03-29,418000.0,2011-07-11,,,
3464,2013-03-28,413000.0,2011-07-11,,,
3465,2014-04-03,414000.0,2011-07-11,,,
3466,2015-04-02,417000.0,2011-07-11,,,
3467,2016-03-24,420000.0,2011-07-11,,,
3468,2011-07-28,398000.0,2011-07-18,,,
3469,2011-08-04,401000.0,2011-07-18,,,
3470,2012-03-29,402000.0,2011-07-18,,,
3471,2013-03-28,408000.0,2011-07-18,,,
3472,2015-04-02,410000.0,2011-07-18,,,
3473,2016-03-24,411000.0,2011-07-18,,,
3474,2011-08-04,400000.0,2011-07-25,,,
3475,2011-08-11,402000.0,2011-07-25,,,
3476,2013-03-28,400000.0,2011-07-25,,,
3477,2014-04-03,403000.0,2011-07-25,,,
3478,2015-04-02,405000.0,2011-07-25,,,
3479,2016-03-24,406000.0,2011-07-25,,,
3480,2011-08-11,395000.0,2011-08-01,,,
3481,2011-08-18,399000.0,2011-08-01,,,
3482,2013-03-28,403000.0,2011-08-01,,,
3483,2014-04-03,405000.0,2011-08-01,,,
3484,2011-08-18,408000.0,2011-08-08,,,
3485,2011-08-25,412000.0,2011-08-08,,,
3486,2012-03-29,408000.0,2011-08-08,,,
3487,2014-04-03,409000.0,2011-08-08,,,
3488,2011-08-25,417000.0,2011-08-15,,,
3489,2011-09-01,421000.0,2011-08-15,,,
3490,2012-03-29,414000.0,2011-08-15,,,
3491,2013-03-28,413000.0,2011-08-15,,,
3492,2014-04-03,414000.0,2011-08-15,,,
3493,2016-03-24,415000.0,2011-08-15,,,
3494,2011-09-01,409000.0,2011-08-22,,,
3495,2011-09-08,412000.0,2011-08-22,,,
3496,2012-03-29,407000.0,2011-08-22,,,
3497,2014-04-03,408000.0,2011-08-22,,,
3498,2015-04-02,409000.0,2011-08-22,,,
3499,2011-09-08,414000.0,2011-08-29,,,
3500,2011-09-15,417000.0,2011-08-29,,,
3501,2012-03-29,411000.0,2011-08-29,,,
3502,2013-03-28,410000.0,2011-08-29,,,
3503,2014-04-03,417000.0,2011-08-29,,,
3504,2015-04-02,414000.0,2011-08-29,,,
3505,2011-09-15,428000.0,2011-09-05,,,
3506,2011-09-22,432000.0,2011-09-05,,,
3507,2012-03-29,421000.0,2011-09-05,,,
3508,2013-03-28,418000.0,2011-09-05,,,
3509,2014-04-03,427000.0,2011-09-05,,,
3510,2015-04-02,428000.0,2011-09-05,,,
3511,2016-03-24,429000.0,2011-09-05,,,
3512,2011-09-22,423000.0,2011-09-12,,,
3513,2011-09-29,428000.0,2011-09-12,,,
3514,2012-03-29,417000.0,2011-09-12,,,
3515,2013-03-28,414000.0,2011-09-12,,,
3516,2014-04-03,420000.0,2011-09-12,,,
3517,2015-04-02,421000.0,2011-09-12,,,
3518,2016-03-24,422000.0,2011-09-12,,,
3519,2011-09-29,391000.0,2011-09-19,,,
3520,2011-10-06,395000.0,2011-09-19,,,
3521,2012-03-29,393000.0,2011-09-19,,,
3522,2013-03-28,397000.0,2011-09-19,,,
3523,2014-04-03,405000.0,2011-09-19,,,
3524,2015-04-02,406000.0,2011-09-19,,,
3525,2011-10-06,401000.0,2011-09-26,,,
3526,2011-10-13,405000.0,2011-09-26,,,
3527,2012-03-29,402000.0,2011-09-26,,,
3528,2013-03-28,404000.0,2011-09-26,,,
3529,2016-03-24,405000.0,2011-09-26,,,
3530,2011-10-13,404000.0,2011-10-03,,,
3531,2011-10-20,409000.0,2011-10-03,,,
3532,2011-10-27,411000.0,2011-10-03,,,
3533,2012-03-29,402000.0,2011-10-03,,,
3534,2013-03-28,410000.0,2011-10-03,,,
3535,2014-04-03,404000.0,2011-10-03,,,
3536,2015-04-02,408000.0,2011-10-03,,,
3537,2016-03-24,410000.0,2011-10-03,,,
3538,2011-10-20,403000.0,2011-10-10,,,
3539,2011-10-27,404000.0,2011-10-10,,,
3540,2012-03-29,402000.0,2011-10-10,,,
3541,2013-03-28,395000.0,2011-10-10,,,
3542,2014-04-03,391000.0,2011-10-10,,,
3543,2015-04-02,393000.0,2011-10-10,,,
3544,2016-03-24,395000.0,2011-10-10,,,
3545,2011-10-27,402000.0,2011-10-17,,,
3546,2011-11-03,406000.0,2011-10-17,,,
3547,2012-03-29,397000.0,2011-10-17,,,
3548,2013-03-28,401000.0,2011-10-17,,,
3549,2014-04-03,400000.0,2011-10-17,,,
3550,2016-03-24,403000.0,2011-10-17,,,
3551,2011-11-03,397000.0,2011-10-24,,,
3552,2011-11-10,400000.0,2011-10-24,,,
3553,2012-03-29,398000.0,2011-10-24,,,
3554,2013-03-28,400000.0,2011-10-24,,,
3555,2014-04-03,397000.0,2011-10-24,,,
3556,2015-04-02,398000.0,2011-10-24,,,
3557,2016-03-24,399000.0,2011-10-24,,,
3558,2011-11-10,390000.0,2011-10-31,,,
3559,2011-11-17,393000.0,2011-10-31,,,
3560,2012-03-29,388000.0,2011-10-31,,,
3561,2013-03-28,392000.0,2011-10-31,,,
3562,2015-04-02,393000.0,2011-10-31,,,
3563,2016-03-24,392000.0,2011-10-31,,,
3564,2011-11-17,388000.0,2011-11-07,,,
3565,2011-11-23,391000.0,2011-11-07,,,
3566,2011-12-01,392000.0,2011-11-07,,,
3567,2013-03-28,386000.0,2011-11-07,,,
3568,2014-04-03,385000.0,2011-11-07,,,
3569,2015-04-02,383000.0,2011-11-07,,,
3570,2011-11-23,393000.0,2011-11-14,,,
3571,2011-12-01,396000.0,2011-11-14,,,
3572,2012-03-29,391000.0,2011-11-14,,,
3573,2013-03-28,383000.0,2011-11-14,,,
3574,2014-04-03,387000.0,2011-11-14,,,
3575,2015-04-02,384000.0,2011-11-14,,,
3576,2016-03-24,385000.0,2011-11-14,,,
3577,2011-12-01,402000.0,2011-11-21,,,
3578,2011-12-08,404000.0,2011-11-21,,,
3579,2012-03-29,399000.0,2011-11-21,,,
3580,2013-03-28,395000.0,2011-11-21,,,
3581,2014-04-03,399000.0,2011-11-21,,,
3582,2015-04-02,396000.0,2011-11-21,,,
3583,2016-03-24,397000.0,2011-11-21,,,
3584,2011-12-08,381000.0,2011-11-28,,,
3585,2011-12-15,385000.0,2011-11-28,,,
3586,2012-03-29,383000.0,2011-11-28,,,
3587,2013-03-28,388000.0,2011-11-28,,,
3588,2014-04-03,390000.0,2011-11-28,,,
3589,2015-04-02,388000.0,2011-11-28,,,
3590,2016-03-24,387000.0,2011-11-28,,,
3591,2011-12-15,366000.0,2011-12-05,,,
3592,2011-12-22,368000.0,2011-12-05,,,
3593,2012-03-29,371000.0,2011-12-05,,,
3594,2013-03-28,377000.0,2011-12-05,,,
3595,2014-04-03,369000.0,2011-12-05,,,
3596,2015-04-02,367000.0,2011-12-05,,,
3597,2016-03-24,368000.0,2011-12-05,,,
3598,2011-12-22,364000.0,2011-12-12,,,
3599,2011-12-29,366000.0,2011-12-12,,,
3600,2012-03-29,370000.0,2011-12-12,,,
3601,2013-03-28,373000.0,2011-12-12,,,
3602,2014-04-03,368000.0,2011-12-12,,,
3603,2015-04-02,367000.0,2011-12-12,,,
3604,2016-03-24,368000.0,2011-12-12,,,
3605,2011-12-29,381000.0,2011-12-19,,,
3606,2012-01-05,387000.0,2011-12-19,,,
3607,2012-03-29,384000.0,2011-12-19,,,
3608,2013-03-28,387000.0,2011-12-19,,,
3609,2014-04-03,388000.0,2011-12-19,,,
3610,2015-04-02,386000.0,2011-12-19,,,
3611,2012-01-05,372000.0,2011-12-26,,,
3612,2012-01-12,375000.0,2011-12-26,,,
3613,2012-03-29,383000.0,2011-12-26,,,
3614,2014-04-03,381000.0,2011-12-26,,,
3615,2015-04-02,376000.0,2011-12-26,,,
3616,2012-01-12,399000.0,2012-01-02,,,
3617,2012-01-19,402000.0,2012-01-02,,,
3618,2012-03-29,390000.0,2012-01-02,,,
3619,2013-03-28,393000.0,2012-01-02,,,
3620,2014-04-03,396000.0,2012-01-02,,,
3621,2015-04-02,391000.0,2012-01-02,,,
3622,2017-03-23,362000.0,2012-01-02,,,
3623,2017-03-24,391000.0,2012-01-02,,,
3624,2012-01-19,352000.0,2012-01-09,,,
3625,2012-01-26,356000.0,2012-01-09,,,
3626,2012-02-02,355000.0,2012-01-09,,,
3627,2012-03-29,364000.0,2012-01-09,,,
3628,2013-03-28,374000.0,2012-01-09,,,
3629,2015-04-02,367000.0,2012-01-09,,,
3630,2016-03-24,365000.0,2012-01-09,,,
3631,2017-03-23,403000.0,2012-01-09,,,
3632,2017-03-24,367000.0,2012-01-09,,,
3633,2012-01-26,377000.0,2012-01-16,,,
3634,2012-02-02,379000.0,2012-01-16,,,
3635,2012-03-29,372000.0,2012-01-16,,,
3636,2013-03-28,384000.0,2012-01-16,,,
3637,2015-04-02,383000.0,2012-01-16,,,
3638,2016-03-24,382000.0,2012-01-16,,,
3639,2017-03-24,381000.0,2012-01-16,,,
3640,2012-02-02,367000.0,2012-01-23,,,
3641,2012-02-09,373000.0,2012-01-23,,,
3642,2012-03-29,381000.0,2012-01-23,,,
3643,2013-03-28,378000.0,2012-01-23,,,
3644,2014-04-03,370000.0,2012-01-23,,,
3645,2015-04-02,372000.0,2012-01-23,,,
3646,2017-03-23,382000.0,2012-01-23,,,
3647,2017-03-24,372000.0,2012-01-23,,,
3648,2012-02-09,358000.0,2012-01-30,,,
3649,2012-02-16,361000.0,2012-01-30,,,
3650,2012-03-29,371000.0,2012-01-30,,,
3651,2013-03-28,370000.0,2012-01-30,,,
3652,2014-04-03,369000.0,2012-01-30,,,
3653,2015-04-02,372000.0,2012-01-30,,,
3654,2016-03-24,368000.0,2012-01-30,,,
3655,2017-03-23,366000.0,2012-01-30,,,
3656,2017-03-24,368000.0,2012-01-30,,,
3657,2012-02-16,348000.0,2012-02-06,,,
3658,2012-02-23,351000.0,2012-02-06,,,
3659,2012-03-29,361000.0,2012-02-06,,,
3660,2013-03-28,363000.0,2012-02-06,,,
3661,2014-04-03,361000.0,2012-02-06,,,
3662,2015-04-02,360000.0,2012-02-06,,,
3663,2016-03-24,358000.0,2012-02-06,,,
3664,2017-03-23,365000.0,2012-02-06,,,
3665,2017-03-24,361000.0,2012-02-06,,,
3666,2012-02-23,351000.0,2012-02-13,,,
3667,2012-03-01,353000.0,2012-02-13,,,
3668,2012-03-29,362000.0,2012-02-13,,,
3669,2013-03-28,364000.0,2012-02-13,,,
3670,2014-04-03,360000.0,2012-02-13,,,
3671,2015-04-02,361000.0,2012-02-13,,,
3672,2016-03-24,358000.0,2012-02-13,,,
3673,2017-03-24,359000.0,2012-02-13,,,
3674,2012-03-01,351000.0,2012-02-20,,,
3675,2012-03-08,354000.0,2012-02-20,,,
3676,2012-03-29,373000.0,2012-02-20,,,
3677,2013-03-28,372000.0,2012-02-20,,,
3678,2015-04-02,371000.0,2012-02-20,,,
3679,2016-03-24,364000.0,2012-02-20,,,
3680,2017-03-24,365000.0,2012-02-20,,,
3681,2012-03-08,362000.0,2012-02-27,,,
3682,2012-03-15,365000.0,2012-02-27,,,
3683,2012-03-29,374000.0,2012-02-27,,,
3684,2013-03-28,373000.0,2012-02-27,,,
3685,2014-04-03,374000.0,2012-02-27,,,
3686,2015-04-02,377000.0,2012-02-27,,,
3687,2016-03-24,373000.0,2012-02-27,,,
3688,2017-03-23,375000.0,2012-02-27,,,
3689,2012-03-15,351000.0,2012-03-05,,,
3690,2012-03-22,353000.0,2012-03-05,,,
3691,2012-03-29,363000.0,2012-03-05,,,
3692,2013-03-28,364000.0,2012-03-05,,,
3693,2014-04-03,368000.0,2012-03-05,,,
3694,2015-04-02,370000.0,2012-03-05,,,
3695,2016-03-24,368000.0,2012-03-05,,,
3696,2017-03-23,369000.0,2012-03-05,,,
3697,2012-03-22,348000.0,2012-03-12,,,
3698,2012-03-29,364000.0,2012-03-12,,,
3699,2013-03-28,368000.0,2012-03-12,,,
3700,2014-04-03,367000.0,2012-03-12,,,
3701,2015-04-02,369000.0,2012-03-12,,,
3702,2016-03-24,366000.0,2012-03-12,,,
3703,2017-03-23,367000.0,2012-03-12,,,
3704,2017-03-24,368000.0,2012-03-12,,,
3705,2012-03-29,359000.0,2012-03-19,,,
3706,2012-04-05,363000.0,2012-03-19,,,
3707,2014-04-03,359000.0,2012-03-19,,,
3708,2015-04-02,363000.0,2012-03-19,,,
3709,2017-03-23,361000.0,2012-03-19,,,
3710,2017-03-24,363000.0,2012-03-19,,,
3711,2012-04-05,357000.0,2012-03-26,,,
3712,2012-04-12,367000.0,2012-03-26,,,
3713,2012-04-19,362000.0,2012-03-26,,,
3714,2013-03-28,368000.0,2012-03-26,,,
3715,2014-04-03,357000.0,2012-03-26,,,
3716,2015-04-02,356000.0,2012-03-26,,,
3717,2016-03-24,357000.0,2012-03-26,,,
3718,2017-03-23,352000.0,2012-03-26,,,
3719,2017-03-24,358000.0,2012-03-26,,,
3720,2012-04-12,380000.0,2012-04-02,,,
3721,2012-04-19,388000.0,2012-04-02,,,
3722,2013-03-28,378000.0,2012-04-02,,,
3723,2014-04-03,380000.0,2012-04-02,,,
3724,2015-04-02,389000.0,2012-04-02,,,
3725,2016-03-24,386000.0,2012-04-02,,,
3726,2017-03-23,362000.0,2012-04-02,,,
3727,2017-03-24,387000.0,2012-04-02,,,
3728,2012-04-19,386000.0,2012-04-09,,,
3729,2012-04-26,389000.0,2012-04-09,,,
3730,2013-03-28,387000.0,2012-04-09,,,
3731,2014-04-03,381000.0,2012-04-09,,,
3732,2015-04-02,382000.0,2012-04-09,,,
3733,2016-03-24,378000.0,2012-04-09,,,
3734,2017-03-23,390000.0,2012-04-09,,,
3735,2017-03-24,381000.0,2012-04-09,,,
3736,2012-04-26,388000.0,2012-04-16,,,
3737,2012-05-03,392000.0,2012-04-16,,,
3738,2013-03-28,381000.0,2012-04-16,,,
3739,2014-04-03,386000.0,2012-04-16,,,
3740,2015-04-02,385000.0,2012-04-16,,,
3741,2017-03-23,403000.0,2012-04-16,,,
3742,2017-03-24,387000.0,2012-04-16,,,
3743,2012-05-03,365000.0,2012-04-23,,,
3744,2012-05-10,368000.0,2012-04-23,,,
3745,2013-03-28,371000.0,2012-04-23,,,
3746,2014-04-03,374000.0,2012-04-23,,,
3747,2015-04-02,370000.0,2012-04-23,,,
3748,2016-03-24,372000.0,2012-04-23,,,
3749,2017-03-23,375000.0,2012-04-23,,,
3750,2017-03-24,372000.0,2012-04-23,,,
3751,2012-05-10,367000.0,2012-04-30,,,
3752,2012-05-17,370000.0,2012-04-30,,,
3753,2013-03-28,366000.0,2012-04-30,,,
3754,2014-04-03,370000.0,2012-04-30,,,
3755,2015-04-02,372000.0,2012-04-30,,,
3756,2016-03-24,376000.0,2012-04-30,,,
3757,2017-03-23,373000.0,2012-04-30,,,
3758,2012-05-17,370000.0,2012-05-07,,,
3759,2012-05-24,372000.0,2012-05-07,,,
3760,2013-03-28,373000.0,2012-05-07,,,
3761,2014-04-03,367000.0,2012-05-07,,,
3762,2015-04-02,366000.0,2012-05-07,,,
3763,2016-03-24,370000.0,2012-05-07,,,
3764,2017-03-23,372000.0,2012-05-07,,,
3765,2017-03-24,369000.0,2012-05-07,,,
3766,2012-05-24,370000.0,2012-05-14,,,
3767,2012-05-31,373000.0,2012-05-14,,,
3768,2013-03-28,371000.0,2012-05-14,,,
3769,2014-04-03,372000.0,2012-05-14,,,
3770,2015-04-02,373000.0,2012-05-14,,,
3771,2016-03-24,371000.0,2012-05-14,,,
3772,2012-05-31,383000.0,2012-05-21,,,
3773,2012-06-07,389000.0,2012-05-21,,,
3774,2013-03-28,382000.0,2012-05-21,,,
3775,2014-04-03,378000.0,2012-05-21,,,
3776,2015-04-02,381000.0,2012-05-21,,,
3777,2017-03-23,379000.0,2012-05-21,,,
3778,2017-03-24,381000.0,2012-05-21,,,
3779,2012-06-07,377000.0,2012-05-28,,,
3780,2012-06-14,380000.0,2012-05-28,,,
3781,2013-03-28,378000.0,2012-05-28,,,
3782,2016-03-24,377000.0,2012-05-28,,,
3783,2017-03-23,374000.0,2012-05-28,,,
3784,2017-03-24,377000.0,2012-05-28,,,
3785,2012-06-14,386000.0,2012-06-04,,,
3786,2012-06-21,389000.0,2012-06-04,,,
3787,2013-03-28,382000.0,2012-06-04,,,
3788,2015-04-02,383000.0,2012-06-04,,,
3789,2016-03-24,384000.0,2012-06-04,,,
3790,2017-03-23,388000.0,2012-06-04,,,
3791,2017-03-24,383000.0,2012-06-04,,,
3792,2012-06-21,387000.0,2012-06-11,,,
3793,2012-06-28,392000.0,2012-06-11,,,
3794,2013-03-28,386000.0,2012-06-11,,,
3795,2014-04-03,383000.0,2012-06-11,,,
3796,2016-03-24,384000.0,2012-06-11,,,
3797,2017-03-23,385000.0,2012-06-11,,,
3798,2017-03-24,384000.0,2012-06-11,,,
3799,2012-06-28,386000.0,2012-06-18,,,
3800,2012-07-05,388000.0,2012-06-18,,,
3801,2013-03-28,381000.0,2012-06-18,,,
3802,2017-03-23,383000.0,2012-06-18,,,
3803,2017-03-24,380000.0,2012-06-18,,,
3804,2012-07-05,374000.0,2012-06-25,,,
3805,2012-07-12,376000.0,2012-06-25,,,
3806,2013-03-28,374000.0,2012-06-25,,,
3807,2014-04-03,373000.0,2012-06-25,,,
3808,2016-03-24,371000.0,2012-06-25,,,
3809,2017-03-23,363000.0,2012-06-25,,,
3810,2017-03-24,372000.0,2012-06-25,,,
3811,2012-07-12,350000.0,2012-07-02,,,
3812,2012-07-19,352000.0,2012-07-02,,,
3813,2013-03-28,363000.0,2012-07-02,,,
3814,2014-04-03,360000.0,2012-07-02,,,
3815,2015-04-02,361000.0,2012-07-02,,,
3816,2016-03-24,359000.0,2012-07-02,,,
3817,2017-03-23,381000.0,2012-07-02,,,
3818,2017-03-24,360000.0,2012-07-02,,,
3819,2012-07-19,386000.0,2012-07-09,,,
3820,2012-07-26,388000.0,2012-07-09,,,
3821,2013-03-28,382000.0,2012-07-09,,,
3822,2014-04-03,384000.0,2012-07-09,,,
3823,2015-04-02,387000.0,2012-07-09,,,
3824,2016-03-24,389000.0,2012-07-09,,,
3825,2017-03-23,406000.0,2012-07-09,,,
3826,2017-03-24,390000.0,2012-07-09,,,
3827,2012-07-26,353000.0,2012-07-16,,,
3828,2012-08-02,357000.0,2012-07-16,,,
3829,2013-03-28,363000.0,2012-07-16,,,
3830,2014-04-03,361000.0,2012-07-16,,,
3831,2015-04-02,366000.0,2012-07-16,,,
3832,2016-03-24,369000.0,2012-07-16,,,
3833,2017-03-23,379000.0,2012-07-16,,,
3834,2017-03-24,368000.0,2012-07-16,,,
3835,2012-08-02,365000.0,2012-07-23,,,
3836,2012-08-09,367000.0,2012-07-23,,,
3837,2012-08-16,368000.0,2012-07-23,,,
3838,2013-03-28,366000.0,2012-07-23,,,
3839,2014-04-03,371000.0,2012-07-23,,,
3840,2016-03-24,372000.0,2012-07-23,,,
3841,2017-03-23,373000.0,2012-07-23,,,
3842,2017-03-24,372000.0,2012-07-23,,,
3843,2012-08-09,361000.0,2012-07-30,,,
3844,2012-08-16,364000.0,2012-07-30,,,
3845,2013-03-28,368000.0,2012-07-30,,,
3846,2014-04-03,369000.0,2012-07-30,,,
3847,2015-04-02,372000.0,2012-07-30,,,
3848,2016-03-24,373000.0,2012-07-30,,,
3849,2017-03-23,366000.0,2012-07-30,,,
3850,2017-03-24,371000.0,2012-07-30,,,
3851,2012-08-16,366000.0,2012-08-06,,,
3852,2012-08-23,368000.0,2012-08-06,,,
3853,2012-08-30,369000.0,2012-08-06,,,
3854,2013-03-28,367000.0,2012-08-06,,,
3855,2014-04-03,372000.0,2012-08-06,,,
3856,2015-04-02,369000.0,2012-08-06,,,
3857,2017-03-23,376000.0,2012-08-06,,,
3858,2017-03-24,369000.0,2012-08-06,,,
3859,2012-08-23,372000.0,2012-08-13,,,
3860,2012-08-30,374000.0,2012-08-13,,,
3861,2015-04-02,376000.0,2012-08-13,,,
3862,2016-03-24,377000.0,2012-08-13,,,
3863,2017-03-23,375000.0,2012-08-13,,,
3864,2017-03-24,376000.0,2012-08-13,,,
3865,2012-08-30,374000.0,2012-08-20,,,
3866,2012-09-06,377000.0,2012-08-20,,,
3867,2013-03-28,375000.0,2012-08-20,,,
3868,2014-04-03,377000.0,2012-08-20,,,
3869,2017-03-23,379000.0,2012-08-20,,,
3870,2017-03-24,377000.0,2012-08-20,,,
3871,2012-09-06,365000.0,2012-08-27,,,
3872,2012-09-13,367000.0,2012-08-27,,,
3873,2013-03-28,368000.0,2012-08-27,,,
3874,2014-04-03,374000.0,2012-08-27,,,
3875,2015-04-02,372000.0,2012-08-27,,,
3876,2017-03-23,368000.0,2012-08-27,,,
3877,2017-03-24,371000.0,2012-08-27,,,
3878,2012-09-13,382000.0,2012-09-03,,,
3879,2012-09-20,385000.0,2012-09-03,,,
3880,2013-03-28,381000.0,2012-09-03,,,
3881,2014-04-03,394000.0,2012-09-03,,,
3882,2015-04-02,392000.0,2012-09-03,,,
3883,2016-03-24,394000.0,2012-09-03,,,
3884,2017-03-23,391000.0,2012-09-03,,,
3885,2017-03-24,393000.0,2012-09-03,,,
3886,2012-09-20,382000.0,2012-09-10,,,
3887,2012-09-27,385000.0,2012-09-10,,,
3888,2013-03-28,379000.0,2012-09-10,,,
3889,2014-04-03,386000.0,2012-09-10,,,
3890,2015-04-02,390000.0,2012-09-10,,,
3891,2016-03-24,392000.0,2012-09-10,,,
3892,2017-03-23,394000.0,2012-09-10,,,
3893,2017-03-24,392000.0,2012-09-10,,,
3894,2012-09-27,359000.0,2012-09-17,,,
3895,2012-10-04,363000.0,2012-09-17,,,
3896,2013-03-28,367000.0,2012-09-17,,,
3897,2014-04-03,376000.0,2012-09-17,,,
3898,2015-04-02,377000.0,2012-09-17,,,
3899,2017-03-23,376000.0,2012-09-17,,,
3900,2017-03-24,377000.0,2012-09-17,,,
3901,2012-10-04,367000.0,2012-09-24,,,
3902,2012-10-11,369000.0,2012-09-24,,,
3903,2013-03-28,368000.0,2012-09-24,,,
3904,2014-04-03,374000.0,2012-09-24,,,
3905,2015-04-02,375000.0,2012-09-24,,,
3906,2016-03-24,376000.0,2012-09-24,,,
3907,2017-03-23,367000.0,2012-09-24,,,
3908,2017-03-24,376000.0,2012-09-24,,,
3909,2012-10-11,339000.0,2012-10-01,,,
3910,2012-10-18,342000.0,2012-10-01,,,
3911,2013-03-28,352000.0,2012-10-01,,,
3912,2014-04-03,343000.0,2012-10-01,,,
3913,2015-04-02,346000.0,2012-10-01,,,
3914,2016-03-24,349000.0,2012-10-01,,,
3915,2017-03-23,333000.0,2012-10-01,,,
3916,2017-03-24,350000.0,2012-10-01,,,
3917,2012-10-18,388000.0,2012-10-08,,,
3918,2012-10-25,392000.0,2012-10-08,,,
3919,2013-03-28,384000.0,2012-10-08,,,
3920,2014-04-03,379000.0,2012-10-08,,,
3921,2015-04-02,383000.0,2012-10-08,,,
3922,2016-03-24,386000.0,2012-10-08,,,
3923,2017-03-23,401000.0,2012-10-08,,,
3924,2017-03-24,386000.0,2012-10-08,,,
3925,2012-10-25,369000.0,2012-10-15,,,
3926,2012-11-01,372000.0,2012-10-15,,,
3927,2014-04-03,370000.0,2012-10-15,,,
3928,2015-04-02,372000.0,2012-10-15,,,
3929,2016-03-24,375000.0,2012-10-15,,,
3930,2017-03-23,368000.0,2012-10-15,,,
3931,2017-03-24,374000.0,2012-10-15,,,
3932,2012-11-01,363000.0,2012-10-22,,,
3933,2013-03-28,367000.0,2012-10-22,,,
3934,2014-04-03,364000.0,2012-10-22,,,
3935,2015-04-02,363000.0,2012-10-22,,,
3936,2016-03-24,365000.0,2012-10-22,,,
3937,2017-03-23,367000.0,2012-10-22,,,
3938,2017-03-24,364000.0,2012-10-22,,,
3939,2012-11-08,355000.0,2012-10-29,,,
3940,2012-11-15,361000.0,2012-10-29,,,
3941,2013-03-28,363000.0,2012-10-29,,,
3942,2014-04-03,365000.0,2012-10-29,,,
3943,2015-04-02,367000.0,2012-10-29,,,
3944,2017-03-23,353000.0,2012-10-29,,,
3945,2017-03-24,365000.0,2012-10-29,,,
3946,2012-11-15,439000.0,2012-11-05,,,
3947,2012-11-21,451000.0,2012-11-05,,,
3948,2014-04-03,446000.0,2012-11-05,,,
3949,2015-04-02,443000.0,2012-11-05,,,
3950,2017-03-23,505000.0,2012-11-05,,,
3951,2017-03-24,446000.0,2012-11-05,,,
3952,2012-11-21,410000.0,2012-11-12,,,
3953,2012-11-29,416000.0,2012-11-12,,,
3954,2013-03-28,400000.0,2012-11-12,,,
3955,2014-04-03,406000.0,2012-11-12,,,
3956,2015-04-02,404000.0,2012-11-12,,,
3957,2016-03-24,406000.0,2012-11-12,,,
3958,2017-03-23,353000.0,2012-11-12,,,
3959,2017-03-24,406000.0,2012-11-12,,,
3960,2012-11-29,393000.0,2012-11-19,,,
3961,2012-12-06,395000.0,2012-11-19,,,
3962,2013-03-28,390000.0,2012-11-19,,,
3963,2014-04-03,394000.0,2012-11-19,,,
3964,2015-04-02,387000.0,2012-11-19,,,
3965,2016-03-24,390000.0,2012-11-19,,,
3966,2017-03-23,383000.0,2012-11-19,,,
3967,2017-03-24,388000.0,2012-11-19,,,
3968,2012-12-06,370000.0,2012-11-26,,,
3969,2012-12-13,372000.0,2012-11-26,,,
3970,2012-12-20,371000.0,2012-11-26,,,
3971,2013-03-28,370000.0,2012-11-26,,,
3972,2014-04-03,379000.0,2012-11-26,,,
3973,2015-04-02,377000.0,2012-11-26,,,
3974,2017-03-23,366000.0,2012-11-26,,,
3975,2017-03-24,375000.0,2012-11-26,,,
3976,2012-12-13,343000.0,2012-12-03,,,
3977,2012-12-20,344000.0,2012-12-03,,,
3978,2013-03-28,354000.0,2012-12-03,,,
3979,2014-04-03,343000.0,2012-12-03,,,
3980,2015-04-02,340000.0,2012-12-03,,,
3981,2016-03-24,339000.0,2012-12-03,,,
3982,2017-03-23,362000.0,2012-12-03,,,
3983,2017-03-24,340000.0,2012-12-03,,,
3984,2012-12-20,361000.0,2012-12-10,,,
3985,2012-12-27,362000.0,2012-12-10,,,
3986,2013-03-28,366000.0,2012-12-10,,,
3987,2014-04-03,358000.0,2012-12-10,,,
3988,2015-04-02,357000.0,2012-12-10,,,
3989,2016-03-24,359000.0,2012-12-10,,,
3990,2017-03-23,351000.0,2012-12-10,,,
3991,2017-03-24,356000.0,2012-12-10,,,
3992,2012-12-27,350000.0,2012-12-17,,,
3993,2013-01-03,362000.0,2012-12-17,,,
3994,2013-01-10,363000.0,2012-12-17,,,
3995,2013-03-28,366000.0,2012-12-17,,,
3996,2014-04-03,365000.0,2012-12-17,,,
3997,2015-04-02,364000.0,2012-12-17,,,
3998,2016-03-24,365000.0,2012-12-17,,,
3999,2017-03-23,355000.0,2012-12-17,,,
4000,2017-03-24,362000.0,2012-12-17,,,
4001,2013-01-03,372000.0,2012-12-24,,,
4002,2013-01-10,367000.0,2012-12-24,,,
4003,2013-03-28,372000.0,2012-12-24,,,
4004,2014-04-03,369000.0,2012-12-24,,,
4005,2015-04-02,363000.0,2012-12-24,,,
4006,2016-03-24,361000.0,2012-12-24,,,
4007,2017-03-23,342000.0,2012-12-24,,,
4008,2017-03-24,362000.0,2012-12-24,,,
4009,2013-01-10,371000.0,2012-12-31,,,
4010,2013-01-17,372000.0,2012-12-31,,,
4011,2013-01-24,375000.0,2012-12-31,,,
4012,2013-03-28,373000.0,2012-12-31,,,
4013,2014-04-03,375000.0,2012-12-31,,,
4014,2015-04-02,369000.0,2012-12-31,,,
4015,2016-03-24,370000.0,2012-12-31,,,
4016,2017-03-23,338000.0,2012-12-31,,,
4017,2017-03-24,370000.0,2012-12-31,,,
4018,2018-03-29,363000.0,2012-12-31,,,
4019,2013-01-17,335000.0,2013-01-07,,,
4020,2013-03-28,350000.0,2013-01-07,,,
4021,2014-04-03,351000.0,2013-01-07,,,
4022,2015-04-02,341000.0,2013-01-07,,,
4023,2016-03-24,339000.0,2013-01-07,,,
4024,2017-03-23,388000.0,2013-01-07,,,
4025,2017-03-24,340000.0,2013-01-07,,,
4026,2018-03-29,344000.0,2013-01-07,,,
4027,2013-01-24,330000.0,2013-01-14,,,
4028,2013-03-28,343000.0,2013-01-14,,,
4029,2014-04-03,347000.0,2013-01-14,,,
4030,2015-04-02,344000.0,2013-01-14,,,
4031,2016-03-24,342000.0,2013-01-14,,,
4032,2017-03-23,401000.0,2013-01-14,,,
4033,2017-03-24,341000.0,2013-01-14,,,
4034,2018-03-29,339000.0,2013-01-14,,,
4035,2013-01-31,368000.0,2013-01-21,,,
4036,2013-02-07,371000.0,2013-01-21,,,
4037,2013-03-28,374000.0,2013-01-21,,,
4038,2014-04-03,364000.0,2013-01-21,,,
4039,2016-03-24,365000.0,2013-01-21,,,
4040,2017-03-23,326000.0,2013-01-21,,,
4041,2017-03-24,364000.0,2013-01-21,,,
4042,2018-03-29,366000.0,2013-01-21,,,
4043,2013-02-07,366000.0,2013-01-28,,,
4044,2013-02-14,368000.0,2013-01-28,,,
4045,2013-03-28,361000.0,2013-01-28,,,
4046,2014-04-03,357000.0,2013-01-28,,,
4047,2015-04-02,363000.0,2013-01-28,,,
4048,2016-03-24,360000.0,2013-01-28,,,
4049,2017-03-23,357000.0,2013-01-28,,,
4050,2017-03-24,360000.0,2013-01-28,,,
4051,2018-03-29,361000.0,2013-01-28,,,
4052,2013-02-14,341000.0,2013-02-04,,,
4053,2013-02-21,342000.0,2013-02-04,,,
4054,2013-03-28,348000.0,2013-02-04,,,
4055,2014-04-03,349000.0,2013-02-04,,,
4056,2015-04-02,346000.0,2013-02-04,,,
4057,2016-03-24,340000.0,2013-02-04,,,
4058,2017-03-23,355000.0,2013-02-04,,,
4059,2017-03-24,345000.0,2013-02-04,,,
4060,2018-03-29,347000.0,2013-02-04,,,
4061,2013-02-21,362000.0,2013-02-11,,,
4062,2013-02-28,366000.0,2013-02-11,,,
4063,2014-04-03,360000.0,2013-02-11,,,
4064,2015-04-02,364000.0,2013-02-11,,,
4065,2016-03-24,362000.0,2013-02-11,,,
4066,2017-03-23,363000.0,2013-02-11,,,
4067,2018-03-29,362000.0,2013-02-11,,,
4068,2013-02-28,344000.0,2013-02-18,,,
4069,2013-03-07,347000.0,2013-02-18,,,
4070,2013-03-28,348000.0,2013-02-18,,,
4071,2015-04-02,344000.0,2013-02-18,,,
4072,2016-03-24,336000.0,2013-02-18,,,
4073,2017-03-23,338000.0,2013-02-18,,,
4074,2018-03-29,342000.0,2013-02-18,,,
4075,2013-03-07,340000.0,2013-02-25,,,
4076,2013-03-14,342000.0,2013-02-25,,,
4077,2013-03-28,340000.0,2013-02-25,,,
4078,2014-04-03,342000.0,2013-02-25,,,
4079,2015-04-02,345000.0,2013-02-25,,,
4080,2016-03-24,337000.0,2013-02-25,,,
4081,2017-03-23,340000.0,2013-02-25,,,
4082,2013-03-14,332000.0,2013-03-04,,,
4083,2013-03-21,334000.0,2013-03-04,,,
4084,2014-04-03,338000.0,2013-03-04,,,
4085,2015-04-02,342000.0,2013-03-04,,,
4086,2016-03-24,339000.0,2013-03-04,,,
4087,2017-03-23,344000.0,2013-03-04,,,
4088,2017-03-24,342000.0,2013-03-04,,,
4089,2018-03-29,343000.0,2013-03-04,,,
4090,2013-03-21,336000.0,2013-03-11,,,
4091,2013-03-28,341000.0,2013-03-11,,,
4092,2014-04-03,343000.0,2013-03-11,,,
4093,2015-04-02,345000.0,2013-03-11,,,
4094,2016-03-24,340000.0,2013-03-11,,,
4095,2017-03-23,345000.0,2013-03-11,,,
4096,2017-03-24,343000.0,2013-03-11,,,
4097,2013-03-28,357000.0,2013-03-18,,,
4098,2014-04-03,354000.0,2013-03-18,,,
4099,2015-04-02,361000.0,2013-03-18,,,
4100,2016-03-24,360000.0,2013-03-18,,,
4101,2017-03-23,355000.0,2013-03-18,,,
4102,2017-03-24,360000.0,2013-03-18,,,
4103,2018-03-29,358000.0,2013-03-18,,,
4104,2013-04-04,385000.0,2013-03-25,,,
4105,2013-04-11,388000.0,2013-03-25,,,
4106,2014-04-03,375000.0,2013-03-25,,,
4107,2015-04-02,373000.0,2013-03-25,,,
4108,2016-03-24,374000.0,2013-03-25,,,
4109,2017-03-23,359000.0,2013-03-25,,,
4110,2017-03-24,374000.0,2013-03-25,,,
4111,2018-03-29,375000.0,2013-03-25,,,
4112,2013-04-11,346000.0,2013-04-01,,,
4113,2013-04-18,348000.0,2013-04-01,,,
4114,2015-04-02,358000.0,2013-04-01,,,
4115,2016-03-24,356000.0,2013-04-01,,,
4116,2017-03-23,353000.0,2013-04-01,,,
4117,2017-03-24,358000.0,2013-04-01,,,
4118,2018-03-29,359000.0,2013-04-01,,,
4119,2013-04-18,352000.0,2013-04-08,,,
4120,2013-04-25,355000.0,2013-04-08,,,
4121,2014-04-03,353000.0,2013-04-08,,,
4122,2015-04-02,355000.0,2013-04-08,,,
4123,2016-03-24,350000.0,2013-04-08,,,
4124,2017-03-23,367000.0,2013-04-08,,,
4125,2017-03-24,354000.0,2013-04-08,,,
4126,2018-03-29,356000.0,2013-04-08,,,
4127,2013-04-25,339000.0,2013-04-15,,,
4128,2013-05-02,342000.0,2013-04-15,,,
4129,2014-04-03,343000.0,2013-04-15,,,
4130,2016-03-24,341000.0,2013-04-15,,,
4131,2017-03-23,339000.0,2013-04-15,,,
4132,2017-03-24,344000.0,2013-04-15,,,
4133,2018-03-29,343000.0,2013-04-15,,,
4134,2013-05-02,324000.0,2013-04-22,,,
4135,2013-05-09,327000.0,2013-04-22,,,
4136,2014-04-03,332000.0,2013-04-22,,,
4137,2015-04-02,326000.0,2013-04-22,,,
4138,2016-03-24,329000.0,2013-04-22,,,
4139,2017-03-23,336000.0,2013-04-22,,,
4140,2017-03-24,330000.0,2013-04-22,,,
4141,2018-03-29,331000.0,2013-04-22,,,
4142,2013-05-09,323000.0,2013-04-29,,,
4143,2013-05-16,328000.0,2013-04-29,,,
4144,2014-04-03,332000.0,2013-04-29,,,
4145,2015-04-02,334000.0,2013-04-29,,,
4146,2016-03-24,337000.0,2013-04-29,,,
4147,2017-03-23,332000.0,2013-04-29,,,
4148,2017-03-24,335000.0,2013-04-29,,,
4149,2013-05-16,360000.0,2013-05-06,,,
4150,2013-05-23,363000.0,2013-05-06,,,
4151,2014-04-03,355000.0,2013-05-06,,,
4152,2015-04-02,353000.0,2013-05-06,,,
4153,2016-03-24,361000.0,2013-05-06,,,
4154,2017-03-23,364000.0,2013-05-06,,,
4155,2017-03-24,358000.0,2013-05-06,,,
4156,2018-03-29,360000.0,2013-05-06,,,
4157,2013-05-23,340000.0,2013-05-13,,,
4158,2013-05-30,344000.0,2013-05-13,,,
4159,2016-03-24,342000.0,2013-05-13,,,
4160,2017-03-23,341000.0,2013-05-13,,,
4161,2017-03-24,342000.0,2013-05-13,,,
4162,2018-03-29,343000.0,2013-05-13,,,
4163,2013-05-30,354000.0,2013-05-20,,,
4164,2013-06-06,357000.0,2013-05-20,,,
4165,2014-04-03,350000.0,2013-05-20,,,
4166,2015-04-02,355000.0,2013-05-20,,,
4167,2016-03-24,353000.0,2013-05-20,,,
4168,2017-03-23,352000.0,2013-05-20,,,
4169,2017-03-24,354000.0,2013-05-20,,,
4170,2018-03-29,353000.0,2013-05-20,,,
4171,2013-06-06,346000.0,2013-05-27,,,
4172,2014-04-03,347000.0,2013-05-27,,,
4173,2017-03-23,343000.0,2013-05-27,,,
4174,2017-03-24,347000.0,2013-05-27,,,
4175,2018-03-29,346000.0,2013-05-27,,,
4176,2013-06-13,334000.0,2013-06-03,,,
4177,2013-06-20,336000.0,2013-06-03,,,
4178,2014-04-03,337000.0,2013-06-03,,,
4179,2017-03-23,339000.0,2013-06-03,,,
4180,2017-03-24,337000.0,2013-06-03,,,
4181,2013-06-20,354000.0,2013-06-10,,,
4182,2013-06-27,355000.0,2013-06-10,,,
4183,2014-04-03,352000.0,2013-06-10,,,
4184,2016-03-24,354000.0,2013-06-10,,,
4185,2017-03-23,355000.0,2013-06-10,,,
4186,2017-03-24,353000.0,2013-06-10,,,
4187,2013-06-27,346000.0,2013-06-17,,,
4188,2013-07-03,348000.0,2013-06-17,,,
4189,2014-04-03,345000.0,2013-06-17,,,
4190,2015-04-02,346000.0,2013-06-17,,,
4191,2017-03-23,347000.0,2013-06-17,,,
4192,2013-07-03,343000.0,2013-06-24,,,
4193,2013-07-11,344000.0,2013-06-24,,,
4194,2015-04-02,343000.0,2013-06-24,,,
4195,2016-03-24,340000.0,2013-06-24,,,
4196,2017-03-23,336000.0,2013-06-24,,,
4197,2017-03-24,340000.0,2013-06-24,,,
4198,2013-07-11,360000.0,2013-07-01,,,
4199,2013-07-18,358000.0,2013-07-01,,,
4200,2014-04-03,353000.0,2013-07-01,,,
4201,2015-04-02,356000.0,2013-07-01,,,
4202,2016-03-24,352000.0,2013-07-01,,,
4203,2017-03-23,312000.0,2013-07-01,,,
4204,2017-03-24,353000.0,2013-07-01,,,
4205,2018-03-29,351000.0,2013-07-01,,,
4206,2013-07-18,334000.0,2013-07-08,,,
4207,2013-07-25,336000.0,2013-07-08,,,
4208,2014-04-03,339000.0,2013-07-08,,,
4209,2015-04-02,340000.0,2013-07-08,,,
4210,2017-03-23,351000.0,2013-07-08,,,
4211,2017-03-24,342000.0,2013-07-08,,,
4212,2018-03-29,344000.0,2013-07-08,,,
4213,2013-07-25,343000.0,2013-07-15,,,
4214,2013-08-01,345000.0,2013-07-15,,,
4215,2014-04-03,343000.0,2013-07-15,,,
4216,2015-04-02,352000.0,2013-07-15,,,
4217,2016-03-24,357000.0,2013-07-15,,,
4218,2017-03-23,369000.0,2013-07-15,,,
4219,2017-03-24,356000.0,2013-07-15,,,
4220,2018-03-29,355000.0,2013-07-15,,,
4221,2013-08-01,326000.0,2013-07-22,,,
4222,2013-08-08,328000.0,2013-07-22,,,
4223,2014-04-03,333000.0,2013-07-22,,,
4224,2017-03-23,335000.0,2013-07-22,,,
4225,2017-03-24,333000.0,2013-07-22,,,
4226,2018-03-29,334000.0,2013-07-22,,,
4227,2013-08-08,333000.0,2013-07-29,,,
4228,2013-08-15,335000.0,2013-07-29,,,
4229,2015-04-02,341000.0,2013-07-29,,,
4230,2016-03-24,343000.0,2013-07-29,,,
4231,2017-03-23,336000.0,2013-07-29,,,
4232,2017-03-24,341000.0,2013-07-29,,,
4233,2018-03-29,339000.0,2013-07-29,,,
4234,2013-08-15,320000.0,2013-08-05,,,
4235,2013-08-22,323000.0,2013-08-05,,,
4236,2013-08-29,322000.0,2013-08-05,,,
4237,2014-04-03,329000.0,2013-08-05,,,
4238,2015-04-02,325000.0,2013-08-05,,,
4239,2017-03-23,329000.0,2013-08-05,,,
4240,2017-03-24,325000.0,2013-08-05,,,
4241,2018-03-29,327000.0,2013-08-05,,,
4242,2013-08-22,336000.0,2013-08-12,,,
4243,2013-08-29,337000.0,2013-08-12,,,
4244,2014-04-03,338000.0,2013-08-12,,,
4245,2015-04-02,341000.0,2013-08-12,,,
4246,2017-03-23,340000.0,2013-08-12,,,
4247,2013-08-29,331000.0,2013-08-19,,,
4248,2013-09-05,332000.0,2013-08-19,,,
4249,2013-09-12,333000.0,2013-08-19,,,
4250,2014-04-03,336000.0,2013-08-19,,,
4251,2015-04-02,335000.0,2013-08-19,,,
4252,2016-03-24,336000.0,2013-08-19,,,
4253,2017-03-23,338000.0,2013-08-19,,,
4254,2017-03-24,335000.0,2013-08-19,,,
4255,2018-03-29,336000.0,2013-08-19,,,
4256,2013-09-05,323000.0,2013-08-26,,,
4257,2014-04-03,328000.0,2013-08-26,,,
4258,2015-04-02,327000.0,2013-08-26,,,
4259,2016-03-24,326000.0,2013-08-26,,,
4260,2017-03-23,323000.0,2013-08-26,,,
4261,2017-03-24,325000.0,2013-08-26,,,
4262,2013-09-12,292000.0,2013-09-02,,,
4263,2013-09-19,294000.0,2013-09-02,,,
4264,2014-04-03,307000.0,2013-09-02,,,
4265,2015-04-02,303000.0,2013-09-02,,,
4266,2016-03-24,304000.0,2013-09-02,,,
4267,2017-03-23,302000.0,2013-09-02,,,
4268,2017-03-24,303000.0,2013-09-02,,,
4269,2018-03-29,300000.0,2013-09-02,,,
4270,2013-09-19,309000.0,2013-09-09,,,
4271,2013-09-26,310000.0,2013-09-09,,,
4272,2013-10-03,311000.0,2013-09-09,,,
4273,2014-04-03,318000.0,2013-09-09,,,
4274,2015-04-02,323000.0,2013-09-09,,,
4275,2016-03-24,326000.0,2013-09-09,,,
4276,2017-03-23,323000.0,2013-09-09,,,
4277,2017-03-24,325000.0,2013-09-09,,,
4278,2018-03-29,323000.0,2013-09-09,,,
4279,2013-09-26,305000.0,2013-09-16,,,
4280,2013-10-03,307000.0,2013-09-16,,,
4281,2014-04-03,316000.0,2013-09-16,,,
4282,2016-03-24,317000.0,2013-09-16,,,
4283,2018-03-29,314000.0,2013-09-16,,,
4284,2013-10-03,308000.0,2013-09-23,,,
4285,2014-04-03,318000.0,2013-09-23,,,
4286,2015-04-02,320000.0,2013-09-23,,,
4287,2017-03-23,315000.0,2013-09-23,,,
4288,2017-03-24,320000.0,2013-09-23,,,
4289,2018-03-29,319000.0,2013-09-23,,,
4290,2013-10-10,374000.0,2013-09-30,,,
4291,2013-10-17,373000.0,2013-09-30,,,
4292,2014-04-03,362000.0,2013-09-30,,,
4293,2015-04-02,365000.0,2013-09-30,,,
4294,2016-03-24,370000.0,2013-09-30,,,
4295,2017-03-23,355000.0,2013-09-30,,,
4296,2017-03-24,371000.0,2013-09-30,,,
4297,2018-03-29,368000.0,2013-09-30,,,
4298,2013-10-17,358000.0,2013-10-07,,,
4299,2013-10-24,362000.0,2013-10-07,,,
4300,2014-04-03,355000.0,2013-10-07,,,
4301,2015-04-02,363000.0,2013-10-07,,,
4302,2016-03-24,367000.0,2013-10-07,,,
4303,2017-03-23,384000.0,2013-10-07,,,
4304,2017-03-24,366000.0,2013-10-07,,,
4305,2018-03-29,368000.0,2013-10-07,,,
4306,2013-10-24,350000.0,2013-10-14,,,
4307,2014-04-03,347000.0,2013-10-14,,,
4308,2015-04-02,349000.0,2013-10-14,,,
4309,2016-03-24,353000.0,2013-10-14,,,
4310,2017-03-23,339000.0,2013-10-14,,,
4311,2017-03-24,351000.0,2013-10-14,,,
4312,2013-10-31,340000.0,2013-10-21,,,
4313,2013-11-07,345000.0,2013-10-21,,,
4314,2013-11-14,346000.0,2013-10-21,,,
4315,2015-04-02,345000.0,2013-10-21,,,
4316,2016-03-24,348000.0,2013-10-21,,,
4317,2017-03-23,349000.0,2013-10-21,,,
4318,2017-03-24,346000.0,2013-10-21,,,
4319,2018-03-29,347000.0,2013-10-21,,,
4320,2013-11-07,336000.0,2013-10-28,,,
4321,2013-11-14,341000.0,2013-10-28,,,
4322,2015-04-02,345000.0,2013-10-28,,,
4323,2017-03-23,336000.0,2013-10-28,,,
4324,2017-03-24,343000.0,2013-10-28,,,
4325,2018-03-29,342000.0,2013-10-28,,,
4326,2013-11-14,339000.0,2013-11-04,,,
4327,2013-11-21,344000.0,2013-11-04,,,
4328,2014-04-03,342000.0,2013-11-04,,,
4329,2015-04-02,338000.0,2013-11-04,,,
4330,2017-03-23,337000.0,2013-11-04,,,
4331,2017-03-24,340000.0,2013-11-04,,,
4332,2013-11-21,323000.0,2013-11-11,,,
4333,2013-11-27,326000.0,2013-11-11,,,
4334,2014-04-03,332000.0,2013-11-11,,,
4335,2015-04-02,331000.0,2013-11-11,,,
4336,2016-03-24,333000.0,2013-11-11,,,
4337,2017-03-23,329000.0,2013-11-11,,,
4338,2017-03-24,334000.0,2013-11-11,,,
4339,2018-03-29,331000.0,2013-11-11,,,
4340,2013-11-27,316000.0,2013-11-18,,,
4341,2013-12-05,321000.0,2013-11-18,,,
4342,2014-04-03,324000.0,2013-11-18,,,
4343,2015-04-02,314000.0,2013-11-18,,,
4344,2016-03-24,317000.0,2013-11-18,,,
4345,2017-03-23,401000.0,2013-11-18,,,
4346,2017-03-24,316000.0,2013-11-18,,,
4347,2013-12-05,298000.0,2013-11-25,,,
4348,2013-12-12,300000.0,2013-11-25,,,
4349,2013-12-19,305000.0,2013-11-25,,,
4350,2014-04-03,317000.0,2013-11-25,,,
4351,2015-04-02,316000.0,2013-11-25,,,
4352,2016-03-24,317000.0,2013-11-25,,,
4353,2017-03-23,243000.0,2013-11-25,,,
4354,2017-03-24,313000.0,2013-11-25,,,
4355,2018-03-29,312000.0,2013-11-25,,,
4356,2013-12-12,368000.0,2013-12-02,,,
4357,2013-12-19,369000.0,2013-12-02,,,
4358,2014-04-03,358000.0,2013-12-02,,,
4359,2015-04-02,353000.0,2013-12-02,,,
4360,2016-03-24,352000.0,2013-12-02,,,
4361,2017-03-23,366000.0,2013-12-02,,,
4362,2017-03-24,352000.0,2013-12-02,,,
4363,2018-03-29,354000.0,2013-12-02,,,
4364,2013-12-19,379000.0,2013-12-09,,,
4365,2013-12-26,380000.0,2013-12-09,,,
4366,2014-04-03,368000.0,2013-12-09,,,
4367,2016-03-24,370000.0,2013-12-09,,,
4368,2017-03-23,371000.0,2013-12-09,,,
4369,2017-03-24,366000.0,2013-12-09,,,
4370,2018-03-29,364000.0,2013-12-09,,,
4371,2013-12-26,338000.0,2013-12-16,,,
4372,2014-01-02,341000.0,2013-12-16,,,
4373,2014-04-03,339000.0,2013-12-16,,,
4374,2015-04-02,338000.0,2013-12-16,,,
4375,2016-03-24,339000.0,2013-12-16,,,
4376,2017-03-23,333000.0,2013-12-16,,,
4377,2017-03-24,335000.0,2013-12-16,,,
4378,2018-03-29,334000.0,2013-12-16,,,
4379,2014-01-02,339000.0,2013-12-23,,,
4380,2014-01-09,345000.0,2013-12-23,,,
4381,2014-04-03,344000.0,2013-12-23,,,
4382,2015-04-02,337000.0,2013-12-23,,,
4383,2016-03-24,335000.0,2013-12-23,,,
4384,2017-03-23,334000.0,2013-12-23,,,
4385,2017-03-24,335000.0,2013-12-23,,,
4386,2018-03-29,332000.0,2013-12-23,,,
4387,2014-01-09,330000.0,2013-12-30,,,
4388,2014-01-16,328000.0,2013-12-30,,,
4389,2014-01-23,330000.0,2013-12-30,,,
4390,2014-04-03,333000.0,2013-12-30,,,
4391,2015-04-02,326000.0,2013-12-30,,,
4392,2016-03-24,327000.0,2013-12-30,,,
4393,2017-03-23,324000.0,2013-12-30,,,
4394,2017-03-24,327000.0,2013-12-30,,,
4395,2018-03-29,322000.0,2013-12-30,,,
4396,2014-01-16,326000.0,2014-01-06,,,
4397,2014-01-23,325000.0,2014-01-06,,,
4398,2014-04-03,329000.0,2014-01-06,,,
4399,2015-04-02,316000.0,2014-01-06,,,
4400,2016-03-24,314000.0,2014-01-06,,,
4401,2017-03-23,325000.0,2014-01-06,,,
4402,2017-03-24,315000.0,2014-01-06,,,
4403,2018-03-29,316000.0,2014-01-06,,,
4404,2019-03-28,318000.0,2014-01-06,,,
4405,2014-01-23,326000.0,2014-01-13,,,
4406,2014-01-30,329000.0,2014-01-13,,,
4407,2014-04-03,334000.0,2014-01-13,,,
4408,2015-04-02,328000.0,2014-01-13,,,
4409,2016-03-24,327000.0,2014-01-13,,,
4410,2017-03-23,326000.0,2014-01-13,,,
4411,2017-03-24,325000.0,2014-01-13,,,
4412,2018-03-29,324000.0,2014-01-13,,,
4413,2019-03-28,327000.0,2014-01-13,,,
4414,2014-01-30,348000.0,2014-01-20,,,
4415,2014-02-06,351000.0,2014-01-20,,,
4416,2014-02-13,348000.0,2014-01-20,,,
4417,2014-04-03,345000.0,2014-01-20,,,
4418,2015-04-02,344000.0,2014-01-20,,,
4419,2017-03-23,353000.0,2014-01-20,,,
4420,2017-03-24,341000.0,2014-01-20,,,
4421,2018-03-29,343000.0,2014-01-20,,,
4422,2019-03-28,340000.0,2014-01-20,,,
4423,2014-02-06,331000.0,2014-01-27,,,
4424,2014-04-03,328000.0,2014-01-27,,,
4425,2015-04-02,333000.0,2014-01-27,,,
4426,2016-03-24,332000.0,2014-01-27,,,
4427,2017-03-23,331000.0,2014-01-27,,,
4428,2017-03-24,333000.0,2014-01-27,,,
4429,2018-03-29,334000.0,2014-01-27,,,
4430,2019-03-28,331000.0,2014-01-27,,,
4431,2014-02-13,339000.0,2014-02-03,,,
4432,2014-02-27,340000.0,2014-02-03,,,
4433,2014-04-03,343000.0,2014-02-03,,,
4434,2015-04-02,338000.0,2014-02-03,,,
4435,2016-03-24,330000.0,2014-02-03,,,
4436,2017-03-23,339000.0,2014-02-03,,,
4437,2017-03-24,337000.0,2014-02-03,,,
4438,2018-03-29,340000.0,2014-02-03,,,
4439,2019-03-28,337000.0,2014-02-03,,,
4440,2014-02-20,336000.0,2014-02-10,,,
4441,2014-02-27,334000.0,2014-02-10,,,
4442,2014-04-03,330000.0,2014-02-10,,,
4443,2015-04-02,333000.0,2014-02-10,,,
4444,2016-03-24,331000.0,2014-02-10,,,
4445,2017-03-23,332000.0,2014-02-10,,,
4446,2017-03-24,335000.0,2014-02-10,,,
4447,2018-03-29,334000.0,2014-02-10,,,
4448,2019-03-28,332000.0,2014-02-10,,,
4449,2014-02-27,348000.0,2014-02-17,,,
4450,2014-03-06,349000.0,2014-02-17,,,
4451,2014-04-03,351000.0,2014-02-17,,,
4452,2015-04-02,344000.0,2014-02-17,,,
4453,2016-03-24,333000.0,2014-02-17,,,
4454,2017-03-23,338000.0,2014-02-17,,,
4455,2018-03-29,342000.0,2014-02-17,,,
4456,2019-03-28,341000.0,2014-02-17,,,
4457,2014-03-06,323000.0,2014-02-24,,,
4458,2014-03-13,324000.0,2014-02-24,,,
4459,2014-04-03,325000.0,2014-02-24,,,
4460,2015-04-02,328000.0,2014-02-24,,,
4461,2016-03-24,316000.0,2014-02-24,,,
4462,2017-03-23,319000.0,2014-02-24,,,
4463,2017-03-24,320000.0,2014-02-24,,,
4464,2018-03-29,321000.0,2014-02-24,,,
4465,2019-03-28,319000.0,2014-02-24,,,
4466,2014-03-13,315000.0,2014-03-03,,,
4467,2014-04-03,319000.0,2014-03-03,,,
4468,2015-04-02,323000.0,2014-03-03,,,
4469,2016-03-24,319000.0,2014-03-03,,,
4470,2017-03-23,323000.0,2014-03-03,,,
4471,2017-03-24,325000.0,2014-03-03,,,
4472,2019-03-28,322000.0,2014-03-03,,,
4473,2014-03-20,320000.0,2014-03-10,,,
4474,2014-03-27,321000.0,2014-03-10,,,
4475,2014-04-03,323000.0,2014-03-10,,,
4476,2015-04-02,325000.0,2014-03-10,,,
4477,2016-03-24,319000.0,2014-03-10,,,
4478,2017-03-23,323000.0,2014-03-10,,,
4479,2018-03-29,322000.0,2014-03-10,,,
4480,2019-03-28,321000.0,2014-03-10,,,
4481,2014-03-27,311000.0,2014-03-17,,,
4482,2014-04-03,310000.0,2014-03-17,,,
4483,2015-04-02,316000.0,2014-03-17,,,
4484,2016-03-24,315000.0,2014-03-17,,,
4485,2017-03-23,312000.0,2014-03-17,,,
4486,2017-03-24,317000.0,2014-03-17,,,
4487,2018-03-29,314000.0,2014-03-17,,,
4488,2019-03-28,313000.0,2014-03-17,,,
4489,2014-04-03,326000.0,2014-03-24,,,
4490,2014-04-10,332000.0,2014-03-24,,,
4491,2015-04-02,329000.0,2014-03-24,,,
4492,2016-03-24,330000.0,2014-03-24,,,
4493,2017-03-23,347000.0,2014-03-24,,,
4494,2017-03-24,331000.0,2014-03-24,,,
4495,2018-03-29,332000.0,2014-03-24,,,
4496,2019-03-28,330000.0,2014-03-24,,,
4497,2014-04-10,300000.0,2014-03-31,,,
4498,2014-04-17,302000.0,2014-03-31,,,
4499,2014-04-24,301000.0,2014-03-31,,,
4500,2015-04-02,310000.0,2014-03-31,,,
4501,2016-03-24,308000.0,2014-03-31,,,
4502,2017-03-23,298000.0,2014-03-31,,,
4503,2017-03-24,312000.0,2014-03-31,,,
4504,2018-03-29,313000.0,2014-03-31,,,
4505,2019-03-28,311000.0,2014-03-31,,,
4506,2014-04-17,304000.0,2014-04-07,,,
4507,2014-04-24,305000.0,2014-04-07,,,
4508,2015-04-02,309000.0,2014-04-07,,,
4509,2016-03-24,303000.0,2014-04-07,,,
4510,2017-03-23,310000.0,2014-04-07,,,
4511,2017-03-24,308000.0,2014-04-07,,,
4512,2018-03-29,310000.0,2014-04-07,,,
4513,2019-03-28,308000.0,2014-04-07,,,
4514,2014-04-24,329000.0,2014-04-14,,,
4515,2014-05-01,330000.0,2014-04-14,,,
4516,2016-03-24,326000.0,2014-04-14,,,
4517,2017-03-23,313000.0,2014-04-14,,,
4518,2017-03-24,331000.0,2014-04-14,,,
4519,2018-03-29,329000.0,2014-04-14,,,
4520,2019-03-28,327000.0,2014-04-14,,,
4521,2014-05-01,344000.0,2014-04-21,,,
4522,2014-05-08,345000.0,2014-04-21,,,
4523,2015-04-02,337000.0,2014-04-21,,,
4524,2016-03-24,341000.0,2014-04-21,,,
4525,2017-03-23,347000.0,2014-04-21,,,
4526,2017-03-24,343000.0,2014-04-21,,,
4527,2018-03-29,344000.0,2014-04-21,,,
4528,2019-03-28,345000.0,2014-04-21,,,
4529,2014-05-08,319000.0,2014-04-28,,,
4530,2014-05-15,321000.0,2014-04-28,,,
4531,2015-04-02,323000.0,2014-04-28,,,
4532,2016-03-24,326000.0,2014-04-28,,,
4533,2017-03-23,323000.0,2014-04-28,,,
4534,2017-03-24,324000.0,2014-04-28,,,
4535,2018-03-29,325000.0,2014-04-28,,,
4536,2014-05-15,297000.0,2014-05-05,,,
4537,2014-05-22,298000.0,2014-05-05,,,
4538,2015-04-02,296000.0,2014-05-05,,,
4539,2016-03-24,305000.0,2014-05-05,,,
4540,2017-03-24,301000.0,2014-05-05,,,
4541,2018-03-29,303000.0,2014-05-05,,,
4542,2014-05-22,326000.0,2014-05-12,,,
4543,2014-05-29,327000.0,2014-05-12,,,
4544,2015-04-02,325000.0,2014-05-12,,,
4545,2017-03-23,324000.0,2014-05-12,,,
4546,2018-03-29,326000.0,2014-05-12,,,
4547,2019-03-28,324000.0,2014-05-12,,,
4548,2014-05-29,300000.0,2014-05-19,,,
4549,2014-06-05,304000.0,2014-05-19,,,
4550,2015-04-02,307000.0,2014-05-19,,,
4551,2016-03-24,305000.0,2014-05-19,,,
4552,2017-03-24,306000.0,2014-05-19,,,
4553,2019-03-28,305000.0,2014-05-19,,,
4554,2014-06-05,312000.0,2014-05-26,,,
4555,2014-06-12,313000.0,2014-05-26,,,
4556,2015-04-02,314000.0,2014-05-26,,,
4557,2017-03-23,311000.0,2014-05-26,,,
4558,2017-03-24,314000.0,2014-05-26,,,
4559,2018-03-29,313000.0,2014-05-26,,,
4560,2019-03-28,312000.0,2014-05-26,,,
4561,2014-06-12,317000.0,2014-06-02,,,
4562,2014-06-19,318000.0,2014-06-02,,,
4563,2015-04-02,317000.0,2014-06-02,,,
4564,2016-03-24,316000.0,2014-06-02,,,
4565,2017-03-23,317000.0,2014-06-02,,,
4566,2018-03-29,318000.0,2014-06-02,,,
4567,2019-03-28,317000.0,2014-06-02,,,
4568,2014-06-19,312000.0,2014-06-09,,,
4569,2014-06-26,314000.0,2014-06-09,,,
4570,2015-04-02,313000.0,2014-06-09,,,
4571,2016-03-24,316000.0,2014-06-09,,,
4572,2017-03-24,314000.0,2014-06-09,,,
4573,2014-06-26,312000.0,2014-06-16,,,
4574,2014-07-03,313000.0,2014-06-16,,,
4575,2016-03-24,314000.0,2014-06-16,,,
4576,2017-03-23,313000.0,2014-06-16,,,
4577,2017-03-24,316000.0,2014-06-16,,,
4578,2019-03-28,315000.0,2014-06-16,,,
4579,2014-07-03,315000.0,2014-06-23,,,
4580,2014-07-17,316000.0,2014-06-23,,,
4581,2015-04-02,313000.0,2014-06-23,,,
4582,2016-03-24,311000.0,2014-06-23,,,
4583,2017-03-23,310000.0,2014-06-23,,,
4584,2019-03-28,308000.0,2014-06-23,,,
4585,2014-07-10,304000.0,2014-06-30,,,
4586,2014-07-17,305000.0,2014-06-30,,,
4587,2015-04-02,307000.0,2014-06-30,,,
4588,2016-03-24,302000.0,2014-06-30,,,
4589,2017-03-23,296000.0,2014-06-30,,,
4590,2017-03-24,305000.0,2014-06-30,,,
4591,2018-03-29,303000.0,2014-06-30,,,
4592,2019-03-28,302000.0,2014-06-30,,,
4593,2014-07-17,302000.0,2014-07-07,,,
4594,2014-07-24,303000.0,2014-07-07,,,
4595,2016-03-24,302000.0,2014-07-07,,,
4596,2017-03-23,307000.0,2014-07-07,,,
4597,2017-03-24,304000.0,2014-07-07,,,
4598,2018-03-29,306000.0,2014-07-07,,,
4599,2019-03-28,308000.0,2014-07-07,,,
4600,2014-07-24,284000.0,2014-07-14,,,
4601,2014-07-31,279000.0,2014-07-14,,,
4602,2015-04-02,289000.0,2014-07-14,,,
4603,2016-03-24,295000.0,2014-07-14,,,
4604,2017-03-23,301000.0,2014-07-14,,,
4605,2017-03-24,295000.0,2014-07-14,,,
4606,2019-03-28,294000.0,2014-07-14,,,
4607,2014-07-31,302000.0,2014-07-21,,,
4608,2014-08-07,303000.0,2014-07-21,,,
4609,2015-04-02,302000.0,2014-07-21,,,
4610,2016-03-24,303000.0,2014-07-21,,,
4611,2017-03-23,305000.0,2014-07-21,,,
4612,2017-03-24,302000.0,2014-07-21,,,
4613,2018-03-29,303000.0,2014-07-21,,,
4614,2014-08-07,289000.0,2014-07-28,,,
4615,2014-08-14,290000.0,2014-07-28,,,
4616,2015-04-02,297000.0,2014-07-28,,,
4617,2016-03-24,299000.0,2014-07-28,,,
4618,2017-03-23,294000.0,2014-07-28,,,
4619,2017-03-24,297000.0,2014-07-28,,,
4620,2018-03-29,295000.0,2014-07-28,,,
4621,2014-08-14,311000.0,2014-08-04,,,
4622,2014-08-21,312000.0,2014-08-04,,,
4623,2015-04-02,308000.0,2014-08-04,,,
4624,2016-03-24,307000.0,2014-08-04,,,
4625,2017-03-23,310000.0,2014-08-04,,,
4626,2017-03-24,307000.0,2014-08-04,,,
4627,2018-03-29,309000.0,2014-08-04,,,
4628,2014-08-21,298000.0,2014-08-11,,,
4629,2014-08-28,299000.0,2014-08-11,,,
4630,2015-04-02,303000.0,2014-08-11,,,
4631,2017-03-24,302000.0,2014-08-11,,,
4632,2019-03-28,303000.0,2014-08-11,,,
4633,2014-08-28,298000.0,2014-08-18,,,
4634,2015-04-02,297000.0,2014-08-18,,,
4635,2016-03-24,299000.0,2014-08-18,,,
4636,2017-03-24,298000.0,2014-08-18,,,
4637,2018-03-29,299000.0,2014-08-18,,,
4638,2019-03-28,300000.0,2014-08-18,,,
4639,2014-09-04,302000.0,2014-08-25,,,
4640,2014-09-11,304000.0,2014-08-25,,,
4641,2015-04-02,305000.0,2014-08-25,,,
4642,2016-03-24,304000.0,2014-08-25,,,
4643,2017-03-23,302000.0,2014-08-25,,,
4644,2018-03-29,301000.0,2014-08-25,,,
4645,2019-03-28,303000.0,2014-08-25,,,
4646,2014-09-11,315000.0,2014-09-01,,,
4647,2014-09-18,316000.0,2014-09-01,,,
4648,2015-04-02,309000.0,2014-09-01,,,
4649,2016-03-24,311000.0,2014-09-01,,,
4650,2017-03-24,310000.0,2014-09-01,,,
4651,2018-03-29,306000.0,2014-09-01,,,
4652,2019-03-28,307000.0,2014-09-01,,,
4653,2014-09-18,280000.0,2014-09-08,,,
4654,2014-09-25,281000.0,2014-09-08,,,
4655,2015-04-02,289000.0,2014-09-08,,,
4656,2016-03-24,292000.0,2014-09-08,,,
4657,2017-03-23,289000.0,2014-09-08,,,
4658,2017-03-24,291000.0,2014-09-08,,,
4659,2018-03-29,287000.0,2014-09-08,,,
4660,2019-03-28,288000.0,2014-09-08,,,
4661,2014-09-25,293000.0,2014-09-15,,,
4662,2014-10-02,295000.0,2014-09-15,,,
4663,2016-03-24,297000.0,2014-09-15,,,
4664,2017-03-23,298000.0,2014-09-15,,,
4665,2017-03-24,297000.0,2014-09-15,,,
4666,2018-03-29,293000.0,2014-09-15,,,
4667,2019-03-28,295000.0,2014-09-15,,,
4668,2014-10-02,287000.0,2014-09-22,,,
4669,2014-10-09,288000.0,2014-09-22,,,
4670,2015-04-02,292000.0,2014-09-22,,,
4671,2017-03-23,289000.0,2014-09-22,,,
4672,2017-03-24,292000.0,2014-09-22,,,
4673,2018-03-29,289000.0,2014-09-22,,,
4674,2019-03-28,290000.0,2014-09-22,,,
4675,2014-10-09,287000.0,2014-09-29,,,
4676,2015-04-02,289000.0,2014-09-29,,,
4677,2016-03-24,293000.0,2014-09-29,,,
4678,2017-03-23,283000.0,2014-09-29,,,
4679,2017-03-24,294000.0,2014-09-29,,,
4680,2018-03-29,292000.0,2014-09-29,,,
4681,2019-03-28,293000.0,2014-09-29,,,
4682,2014-10-16,264000.0,2014-10-06,,,
4683,2014-10-23,266000.0,2014-10-06,,,
4684,2015-04-02,274000.0,2014-10-06,,,
4685,2016-03-24,278000.0,2014-10-06,,,
4686,2018-03-29,279000.0,2014-10-06,,,
4687,2019-03-28,281000.0,2014-10-06,,,
4688,2014-10-23,283000.0,2014-10-13,,,
4689,2014-10-30,284000.0,2014-10-13,,,
4690,2015-04-02,287000.0,2014-10-13,,,
4691,2016-03-24,291000.0,2014-10-13,,,
4692,2017-03-23,290000.0,2014-10-13,,,
4693,2017-03-24,289000.0,2014-10-13,,,
4694,2018-03-29,290000.0,2014-10-13,,,
4695,2014-10-30,287000.0,2014-10-20,,,
4696,2014-11-06,288000.0,2014-10-20,,,
4697,2015-04-02,287000.0,2014-10-20,,,
4698,2016-03-24,291000.0,2014-10-20,,,
4699,2017-03-23,290000.0,2014-10-20,,,
4700,2017-03-24,288000.0,2014-10-20,,,
4701,2018-03-29,290000.0,2014-10-20,,,
4702,2019-03-28,291000.0,2014-10-20,,,
4703,2014-11-06,278000.0,2014-10-27,,,
4704,2015-04-02,283000.0,2014-10-27,,,
4705,2017-03-23,278000.0,2014-10-27,,,
4706,2017-03-24,280000.0,2014-10-27,,,
4707,2014-11-13,290000.0,2014-11-03,,,
4708,2014-11-20,293000.0,2014-11-03,,,
4709,2015-04-02,289000.0,2014-11-03,,,
4710,2017-03-23,287000.0,2014-11-03,,,
4711,2017-03-24,290000.0,2014-11-03,,,
4712,2019-03-28,291000.0,2014-11-03,,,
4713,2014-11-20,291000.0,2014-11-10,,,
4714,2014-11-26,292000.0,2014-11-10,,,
4715,2016-03-24,295000.0,2014-11-10,,,
4716,2017-03-23,292000.0,2014-11-10,,,
4717,2017-03-24,296000.0,2014-11-10,,,
4718,2018-03-29,293000.0,2014-11-10,,,
4719,2014-11-26,313000.0,2014-11-17,,,
4720,2014-12-04,314000.0,2014-11-17,,,
4721,2015-04-02,303000.0,2014-11-17,,,
4722,2016-03-24,307000.0,2014-11-17,,,
4723,2017-03-24,304000.0,2014-11-17,,,
4724,2018-03-29,305000.0,2014-11-17,,,
4725,2019-03-28,303000.0,2014-11-17,,,
4726,2014-12-04,297000.0,2014-11-24,,,
4727,2015-04-02,296000.0,2014-11-24,,,
4728,2016-03-24,299000.0,2014-11-24,,,
4729,2017-03-23,290000.0,2014-11-24,,,
4730,2017-03-24,293000.0,2014-11-24,,,
4731,2018-03-29,292000.0,2014-11-24,,,
4732,2019-03-28,291000.0,2014-11-24,,,
4733,2014-12-11,294000.0,2014-12-01,,,
4734,2014-12-18,295000.0,2014-12-01,,,
4735,2015-04-02,289000.0,2014-12-01,,,
4736,2016-03-24,287000.0,2014-12-01,,,
4737,2017-03-23,296000.0,2014-12-01,,,
4738,2017-03-24,287000.0,2014-12-01,,,
4739,2018-03-29,289000.0,2014-12-01,,,
4740,2019-03-28,291000.0,2014-12-01,,,
4741,2014-12-18,289000.0,2014-12-08,,,
4742,2016-03-24,291000.0,2014-12-08,,,
4743,2017-03-23,293000.0,2014-12-08,,,
4744,2017-03-24,287000.0,2014-12-08,,,
4745,2018-03-29,286000.0,2014-12-08,,,
4746,2014-12-24,280000.0,2014-12-15,,,
4747,2015-01-08,281000.0,2014-12-15,,,
4748,2015-04-02,280000.0,2014-12-15,,,
4749,2016-03-24,281000.0,2014-12-15,,,
4750,2017-03-23,276000.0,2014-12-15,,,
4751,2018-03-29,275000.0,2014-12-15,,,
4752,2019-03-28,276000.0,2014-12-15,,,
4753,2014-12-31,298000.0,2014-12-22,,,
4754,2015-04-02,293000.0,2014-12-22,,,
4755,2016-03-24,291000.0,2014-12-22,,,
4756,2017-03-23,289000.0,2014-12-22,,,
4757,2017-03-24,288000.0,2014-12-22,,,
4758,2018-03-29,286000.0,2014-12-22,,,
4759,2019-03-28,285000.0,2014-12-22,,,
4760,2015-01-08,294000.0,2014-12-29,,,
4761,2015-01-15,297000.0,2014-12-29,,,
4762,2015-01-22,304000.0,2014-12-29,,,
4763,2015-04-02,295000.0,2014-12-29,,,
4764,2016-03-24,297000.0,2014-12-29,,,
4765,2017-03-23,294000.0,2014-12-29,,,
4766,2017-03-24,296000.0,2014-12-29,,,
4767,2018-03-29,293000.0,2014-12-29,,,
4768,2019-03-28,294000.0,2014-12-29,,,
4769,2015-01-15,316000.0,2015-01-05,,,
4770,2015-01-22,317000.0,2015-01-05,,,
4771,2015-04-02,304000.0,2015-01-05,,,
4772,2016-03-24,301000.0,2015-01-05,,,
4773,2017-03-23,310000.0,2015-01-05,,,
4774,2017-03-24,300000.0,2015-01-05,,,
4775,2018-03-29,301000.0,2015-01-05,,,
4776,2019-03-28,304000.0,2015-01-05,,,
4777,2015-01-22,307000.0,2015-01-12,,,
4778,2015-01-29,308000.0,2015-01-12,,,
4779,2015-02-05,309000.0,2015-01-12,,,
4780,2015-04-02,301000.0,2015-01-12,,,
4781,2016-03-24,299000.0,2015-01-12,,,
4782,2017-03-23,302000.0,2015-01-12,,,
4783,2017-03-24,297000.0,2015-01-12,,,
4784,2019-03-28,299000.0,2015-01-12,,,
4785,2020-03-19,298000.0,2015-01-12,,,
4786,2015-01-29,265000.0,2015-01-19,,,
4787,2015-02-05,267000.0,2015-01-19,,,
4788,2016-03-24,266000.0,2015-01-19,,,
4789,2017-03-23,271000.0,2015-01-19,,,
4790,2017-03-24,261000.0,2015-01-19,,,
4791,2018-03-29,262000.0,2015-01-19,,,
4792,2020-03-19,261000.0,2015-01-19,,,
4793,2015-02-05,278000.0,2015-01-26,,,
4794,2015-02-12,279000.0,2015-01-26,,,
4795,2015-04-02,284000.0,2015-01-26,,,
4796,2017-03-24,286000.0,2015-01-26,,,
4797,2018-03-29,287000.0,2015-01-26,,,
4798,2019-03-28,282000.0,2015-01-26,,,
4799,2020-03-19,281000.0,2015-01-26,,,
4800,2015-02-12,304000.0,2015-02-02,,,
4801,2015-04-02,302000.0,2015-02-02,,,
4802,2016-03-24,290000.0,2015-02-02,,,
4803,2017-03-23,297000.0,2015-02-02,,,
4804,2017-03-24,298000.0,2015-02-02,,,
4805,2018-03-29,301000.0,2015-02-02,,,
4806,2019-03-28,298000.0,2015-02-02,,,
4807,2015-02-19,283000.0,2015-02-09,,,
4808,2015-02-26,282000.0,2015-02-09,,,
4809,2015-04-02,285000.0,2015-02-09,,,
4810,2016-03-24,283000.0,2015-02-09,,,
4811,2017-03-23,285000.0,2015-02-09,,,
4812,2017-03-24,289000.0,2015-02-09,,,
4813,2018-03-29,287000.0,2015-02-09,,,
4814,2019-03-28,284000.0,2015-02-09,,,
4815,2020-03-19,285000.0,2015-02-09,,,
4816,2015-02-26,313000.0,2015-02-16,,,
4817,2015-04-02,308000.0,2015-02-16,,,
4818,2016-03-24,296000.0,2015-02-16,,,
4819,2017-03-23,299000.0,2015-02-16,,,
4820,2017-03-24,302000.0,2015-02-16,,,
4821,2018-03-29,306000.0,2015-02-16,,,
4822,2019-03-28,305000.0,2015-02-16,,,
4823,2015-03-05,320000.0,2015-02-23,,,
4824,2015-03-12,325000.0,2015-02-23,,,
4825,2015-04-02,327000.0,2015-02-23,,,
4826,2016-03-24,310000.0,2015-02-23,,,
4827,2017-03-23,313000.0,2015-02-23,,,
4828,2017-03-24,316000.0,2015-02-23,,,
4829,2018-03-29,318000.0,2015-02-23,,,
4830,2019-03-28,316000.0,2015-02-23,,,
4831,2020-03-19,317000.0,2015-02-23,,,
4832,2015-03-12,289000.0,2015-03-02,,,
4833,2015-03-19,290000.0,2015-03-02,,,
4834,2015-04-02,293000.0,2015-03-02,,,
4835,2016-03-24,289000.0,2015-03-02,,,
4836,2017-03-23,293000.0,2015-03-02,,,
4837,2017-03-24,297000.0,2015-03-02,,,
4838,2018-03-29,296000.0,2015-03-02,,,
4839,2019-03-28,293000.0,2015-03-02,,,
4840,2015-03-19,291000.0,2015-03-09,,,
4841,2015-04-02,293000.0,2015-03-09,,,
4842,2016-03-24,287000.0,2015-03-09,,,
4843,2017-03-23,290000.0,2015-03-09,,,
4844,2017-03-24,291000.0,2015-03-09,,,
4845,2019-03-28,289000.0,2015-03-09,,,
4846,2020-03-19,290000.0,2015-03-09,,,
4847,2015-03-26,282000.0,2015-03-16,,,
4848,2015-04-02,288000.0,2015-03-16,,,
4849,2016-03-24,285000.0,2015-03-16,,,
4850,2017-03-24,289000.0,2015-03-16,,,
4851,2018-03-29,286000.0,2015-03-16,,,
4852,2019-03-28,283000.0,2015-03-16,,,
4853,2020-03-19,284000.0,2015-03-16,,,
4854,2015-04-02,268000.0,2015-03-23,,,
4855,2015-04-09,267000.0,2015-03-23,,,
4856,2016-03-24,268000.0,2015-03-23,,,
4857,2018-03-29,269000.0,2015-03-23,,,
4858,2019-03-28,267000.0,2015-03-23,,,
4859,2020-03-19,269000.0,2015-03-23,,,
4860,2015-04-09,281000.0,2015-03-30,,,
4861,2015-04-16,282000.0,2015-03-30,,,
4862,2016-03-24,280000.0,2015-03-30,,,
4863,2017-03-23,261000.0,2015-03-30,,,
4864,2017-03-24,285000.0,2015-03-30,,,
4865,2018-03-29,287000.0,2015-03-30,,,
4866,2019-03-28,281000.0,2015-03-30,,,
4867,2020-03-19,282000.0,2015-03-30,,,
4868,2015-04-16,294000.0,2015-04-06,,,
4869,2015-04-30,295000.0,2015-04-06,,,
4870,2016-03-24,289000.0,2015-04-06,,,
4871,2017-03-23,293000.0,2015-04-06,,,
4872,2017-03-24,294000.0,2015-04-06,,,
4873,2018-03-29,297000.0,2015-04-06,,,
4874,2019-03-28,294000.0,2015-04-06,,,
4875,2020-03-19,298000.0,2015-04-06,,,
4876,2015-04-23,295000.0,2015-04-13,,,
4877,2015-04-30,296000.0,2015-04-13,,,
4878,2016-03-24,289000.0,2015-04-13,,,
4879,2017-03-23,304000.0,2015-04-13,,,
4880,2017-03-24,298000.0,2015-04-13,,,
4881,2018-03-29,296000.0,2015-04-13,,,
4882,2019-03-28,295000.0,2015-04-13,,,
4883,2015-04-30,262000.0,2015-04-20,,,
4884,2016-03-24,266000.0,2015-04-20,,,
4885,2017-03-23,269000.0,2015-04-20,,,
4886,2018-03-29,268000.0,2015-04-20,,,
4887,2019-03-28,269000.0,2015-04-20,,,
4888,2015-05-07,265000.0,2015-04-27,,,
4889,2016-03-24,267000.0,2015-04-27,,,
4890,2018-03-29,269000.0,2015-04-27,,,
4891,2020-03-19,267000.0,2015-04-27,,,
4892,2015-05-14,264000.0,2015-05-04,,,
4893,2016-03-24,273000.0,2015-05-04,,,
4894,2017-03-24,267000.0,2015-05-04,,,
4895,2018-03-29,270000.0,2015-05-04,,,
4896,2020-03-19,271000.0,2015-05-04,,,
4897,2015-05-21,274000.0,2015-05-11,,,
4898,2015-05-28,275000.0,2015-05-11,,,
4899,2016-03-24,276000.0,2015-05-11,,,
4900,2017-03-23,275000.0,2015-05-11,,,
4901,2017-03-24,276000.0,2015-05-11,,,
4902,2018-03-29,278000.0,2015-05-11,,,
4903,2019-03-28,275000.0,2015-05-11,,,
4904,2020-03-19,276000.0,2015-05-11,,,
4905,2015-05-28,282000.0,2015-05-18,,,
4906,2015-06-04,284000.0,2015-05-18,,,
4907,2016-03-24,281000.0,2015-05-18,,,
4908,2017-03-24,282000.0,2015-05-18,,,
4909,2019-03-28,280000.0,2015-05-18,,,
4910,2020-03-19,281000.0,2015-05-18,,,
4911,2015-06-04,276000.0,2015-05-25,,,
4912,2015-06-11,277000.0,2015-05-25,,,
4913,2017-03-23,274000.0,2015-05-25,,,
4914,2017-03-24,278000.0,2015-05-25,,,
4915,2018-03-29,276000.0,2015-05-25,,,
4916,2019-03-28,275000.0,2015-05-25,,,
4917,2015-06-11,279000.0,2015-06-01,,,
4918,2016-03-24,277000.0,2015-06-01,,,
4919,2017-03-23,278000.0,2015-06-01,,,
4920,2017-03-24,279000.0,2015-06-01,,,
4921,2018-03-29,280000.0,2015-06-01,,,
4922,2019-03-28,278000.0,2015-06-01,,,
4923,2015-06-18,267000.0,2015-06-08,,,
4924,2015-06-25,268000.0,2015-06-08,,,
4925,2016-03-24,271000.0,2015-06-08,,,
4926,2017-03-24,268000.0,2015-06-08,,,
4927,2020-03-19,269000.0,2015-06-08,,,
4928,2015-06-25,271000.0,2015-06-15,,,
4929,2016-03-24,272000.0,2015-06-15,,,
4930,2017-03-23,271000.0,2015-06-15,,,
4931,2017-03-24,275000.0,2015-06-15,,,
4932,2018-03-29,276000.0,2015-06-15,,,
4933,2019-03-28,274000.0,2015-06-15,,,
4934,2020-03-19,273000.0,2015-06-15,,,
4935,2015-07-02,281000.0,2015-06-22,,,
4936,2015-07-09,282000.0,2015-06-22,,,
4937,2016-03-24,280000.0,2015-06-22,,,
4938,2017-03-23,279000.0,2015-06-22,,,
4939,2017-03-24,278000.0,2015-06-22,,,
4940,2018-03-29,277000.0,2015-06-22,,,
4941,2019-03-28,275000.0,2015-06-22,,,
4942,2015-07-09,297000.0,2015-06-29,,,
4943,2015-07-16,296000.0,2015-06-29,,,
4944,2016-03-24,291000.0,2015-06-29,,,
4945,2017-03-23,285000.0,2015-06-29,,,
4946,2017-03-24,295000.0,2015-06-29,,,
4947,2018-03-29,293000.0,2015-06-29,,,
4948,2019-03-28,292000.0,2015-06-29,,,
4949,2015-07-16,281000.0,2015-07-06,,,
4950,2016-03-24,278000.0,2015-07-06,,,
4951,2017-03-23,281000.0,2015-07-06,,,
4952,2017-03-24,280000.0,2015-07-06,,,
4953,2018-03-29,282000.0,2015-07-06,,,
4954,2019-03-28,284000.0,2015-07-06,,,
4955,2020-03-19,285000.0,2015-07-06,,,
4956,2015-07-23,255000.0,2015-07-13,,,
4957,2016-03-24,263000.0,2015-07-13,,,
4958,2017-03-23,270000.0,2015-07-13,,,
4959,2017-03-24,265000.0,2015-07-13,,,
4960,2015-07-30,267000.0,2015-07-20,,,
4961,2016-03-24,269000.0,2015-07-20,,,
4962,2017-03-23,271000.0,2015-07-20,,,
4963,2017-03-24,267000.0,2015-07-20,,,
4964,2019-03-28,268000.0,2015-07-20,,,
4965,2020-03-19,269000.0,2015-07-20,,,
4966,2015-08-06,270000.0,2015-07-27,,,
4967,2015-08-13,269000.0,2015-07-27,,,
4968,2016-03-24,274000.0,2015-07-27,,,
4969,2017-03-23,271000.0,2015-07-27,,,
4970,2018-03-29,270000.0,2015-07-27,,,
4971,2015-08-13,274000.0,2015-08-03,,,
4972,2015-08-20,273000.0,2015-08-03,,,
4973,2017-03-24,272000.0,2015-08-03,,,
4974,2018-03-29,273000.0,2015-08-03,,,
4975,2019-03-28,274000.0,2015-08-03,,,
4976,2015-08-20,277000.0,2015-08-10,,,
4977,2016-03-24,278000.0,2015-08-10,,,
4978,2017-03-23,279000.0,2015-08-10,,,
4979,2017-03-24,276000.0,2015-08-10,,,
4980,2018-03-29,277000.0,2015-08-10,,,
4981,2019-03-28,278000.0,2015-08-10,,,
4982,2020-03-19,279000.0,2015-08-10,,,
4983,2015-08-27,271000.0,2015-08-17,,,
4984,2015-09-03,270000.0,2015-08-17,,,
4985,2016-03-24,272000.0,2015-08-17,,,
4986,2017-03-24,271000.0,2015-08-17,,,
4987,2018-03-29,273000.0,2015-08-17,,,
4988,2019-03-28,274000.0,2015-08-17,,,
4989,2015-09-03,282000.0,2015-08-24,,,
4990,2015-09-10,281000.0,2015-08-24,,,
4991,2017-03-23,280000.0,2015-08-24,,,
4992,2017-03-24,279000.0,2015-08-24,,,
4993,2018-03-29,278000.0,2015-08-24,,,
4994,2019-03-28,280000.0,2015-08-24,,,
4995,2020-03-19,279000.0,2015-08-24,,,
4996,2015-09-10,275000.0,2015-08-31,,,
4997,2017-03-23,308000.0,2015-08-31,,,
4998,2017-03-24,275000.0,2015-08-31,,,
4999,2018-03-29,269000.0,2015-08-31,,,
5000,2019-03-28,272000.0,2015-08-31,,,
5001,2020-03-19,273000.0,2015-08-31,,,
5002,2015-09-17,264000.0,2015-09-07,,,
5003,2016-03-24,269000.0,2015-09-07,,,
5004,2017-03-23,239000.0,2015-09-07,,,
5005,2017-03-24,267000.0,2015-09-07,,,
5006,2018-03-29,262000.0,2015-09-07,,,
5007,2019-03-28,264000.0,2015-09-07,,,
5008,2015-09-24,267000.0,2015-09-14,,,
5009,2016-03-24,271000.0,2015-09-14,,,
5010,2017-03-23,272000.0,2015-09-14,,,
5011,2017-03-24,271000.0,2015-09-14,,,
5012,2018-03-29,267000.0,2015-09-14,,,
5013,2019-03-28,269000.0,2015-09-14,,,
5014,2015-10-01,277000.0,2015-09-21,,,
5015,2015-10-08,276000.0,2015-09-21,,,
5016,2016-03-24,277000.0,2015-09-21,,,
5017,2017-03-23,276000.0,2015-09-21,,,
5018,2018-03-29,271000.0,2015-09-21,,,
5019,2019-03-28,273000.0,2015-09-21,,,
5020,2020-03-19,272000.0,2015-09-21,,,
5021,2015-10-08,263000.0,2015-09-28,,,
5022,2015-10-15,262000.0,2015-09-28,,,
5023,2016-03-24,267000.0,2015-09-28,,,
5024,2017-03-23,259000.0,2015-09-28,,,
5025,2017-03-24,269000.0,2015-09-28,,,
5026,2018-03-29,266000.0,2015-09-28,,,
5027,2019-03-28,267000.0,2015-09-28,,,
5028,2015-10-15,255000.0,2015-10-05,,,
5029,2015-10-22,256000.0,2015-10-05,,,
5030,2016-03-24,262000.0,2015-10-05,,,
5031,2017-03-23,261000.0,2015-10-05,,,
5032,2018-03-29,263000.0,2015-10-05,,,
5033,2019-03-28,265000.0,2015-10-05,,,
5034,2015-10-22,259000.0,2015-10-12,,,
5035,2016-03-24,265000.0,2015-10-12,,,
5036,2017-03-24,262000.0,2015-10-12,,,
5037,2018-03-29,264000.0,2015-10-12,,,
5038,2019-03-28,265000.0,2015-10-12,,,
5039,2020-03-19,264000.0,2015-10-12,,,
5040,2015-10-29,260000.0,2015-10-19,,,
5041,2016-03-24,265000.0,2015-10-19,,,
5042,2017-03-23,263000.0,2015-10-19,,,
5043,2017-03-24,262000.0,2015-10-19,,,
5044,2018-03-29,263000.0,2015-10-19,,,
5045,2019-03-28,264000.0,2015-10-19,,,
5046,2015-11-05,276000.0,2015-10-26,,,
5047,2016-03-24,278000.0,2015-10-26,,,
5048,2017-03-23,274000.0,2015-10-26,,,
5049,2017-03-24,273000.0,2015-10-26,,,
5050,2018-03-29,274000.0,2015-10-26,,,
5051,2019-03-28,275000.0,2015-10-26,,,
5052,2015-11-12,276000.0,2015-11-02,,,
5053,2017-03-23,272000.0,2015-11-02,,,
5054,2017-03-24,275000.0,2015-11-02,,,
5055,2018-03-29,274000.0,2015-11-02,,,
5056,2019-03-28,276000.0,2015-11-02,,,
5057,2015-11-19,271000.0,2015-11-09,,,
5058,2015-11-25,272000.0,2015-11-09,,,
5059,2016-03-24,275000.0,2015-11-09,,,
5060,2017-03-23,273000.0,2015-11-09,,,
5061,2017-03-24,278000.0,2015-11-09,,,
5062,2018-03-29,275000.0,2015-11-09,,,
5063,2019-03-28,274000.0,2015-11-09,,,
5064,2020-03-19,272000.0,2015-11-09,,,
5065,2015-11-25,260000.0,2015-11-16,,,
5066,2016-03-24,264000.0,2015-11-16,,,
5067,2017-03-23,262000.0,2015-11-16,,,
5068,2017-03-24,260000.0,2015-11-16,,,
5069,2018-03-29,261000.0,2015-11-16,,,
5070,2015-12-03,269000.0,2015-11-23,,,
5071,2016-03-24,274000.0,2015-11-23,,,
5072,2017-03-23,266000.0,2015-11-23,,,
5073,2017-03-24,267000.0,2015-11-23,,,
5074,2018-03-29,266000.0,2015-11-23,,,
5075,2019-03-28,264000.0,2015-11-23,,,
5076,2020-03-19,265000.0,2015-11-23,,,
5077,2015-12-10,282000.0,2015-11-30,,,
5078,2016-03-24,279000.0,2015-11-30,,,
5079,2017-03-23,284000.0,2015-11-30,,,
5080,2017-03-24,277000.0,2015-11-30,,,
5081,2018-03-29,280000.0,2015-11-30,,,
5082,2019-03-28,283000.0,2015-11-30,,,
5083,2020-03-19,280000.0,2015-11-30,,,
5084,2015-12-17,271000.0,2015-12-07,,,
5085,2015-12-24,272000.0,2015-12-07,,,
5086,2016-03-24,275000.0,2015-12-07,,,
5087,2017-03-23,278000.0,2015-12-07,,,
5088,2017-03-24,269000.0,2015-12-07,,,
5089,2019-03-28,271000.0,2015-12-07,,,
5090,2020-03-19,268000.0,2015-12-07,,,
5091,2015-12-24,267000.0,2015-12-14,,,
5092,2016-03-24,269000.0,2015-12-14,,,
5093,2017-03-23,264000.0,2015-12-14,,,
5094,2017-03-24,262000.0,2015-12-14,,,
5095,2018-03-29,260000.0,2015-12-14,,,
5096,2019-03-28,262000.0,2015-12-14,,,
5097,2020-03-19,260000.0,2015-12-14,,,
5098,2015-12-31,287000.0,2015-12-21,,,
5099,2016-03-24,285000.0,2015-12-21,,,
5100,2017-03-23,259000.0,2015-12-21,,,
5101,2017-03-24,279000.0,2015-12-21,,,
5102,2018-03-29,277000.0,2015-12-21,,,
5103,2020-03-19,276000.0,2015-12-21,,,
5104,2016-01-07,277000.0,2015-12-28,,,
5105,2017-03-23,274000.0,2015-12-28,,,
5106,2017-03-24,278000.0,2015-12-28,,,
5107,2018-03-29,274000.0,2015-12-28,,,
5108,2019-03-28,275000.0,2015-12-28,,,
5109,2020-03-19,273000.0,2015-12-28,,,
5110,2016-01-14,284000.0,2016-01-04,,,
5111,2016-01-21,283000.0,2016-01-04,,,
5112,2016-03-24,280000.0,2016-01-04,,,
5113,2017-03-23,286000.0,2016-01-04,,,
5114,2017-03-24,278000.0,2016-01-04,,,
5115,2019-03-28,282000.0,2016-01-04,,,
5116,2020-03-19,284000.0,2016-01-04,,,
5117,2016-01-21,293000.0,2016-01-11,,,
5118,2016-01-28,294000.0,2016-01-11,,,
5119,2016-03-24,291000.0,2016-01-11,,,
5120,2017-03-23,295000.0,2016-01-11,,,
5121,2017-03-24,291000.0,2016-01-11,,,
5122,2019-03-28,292000.0,2016-01-11,,,
5123,2020-03-19,290000.0,2016-01-11,,,
5124,2016-01-28,278000.0,2016-01-18,,,
5125,2016-02-04,277000.0,2016-01-18,,,
5126,2016-03-24,275000.0,2016-01-18,,,
5127,2017-03-23,279000.0,2016-01-18,,,
5128,2017-03-24,266000.0,2016-01-18,,,
5129,2018-03-29,267000.0,2016-01-18,,,
5130,2019-03-28,270000.0,2016-01-18,,,
5131,2020-03-19,269000.0,2016-01-18,,,
5132,2016-02-04,285000.0,2016-01-25,,,
5133,2016-03-24,286000.0,2016-01-25,,,
5134,2017-03-23,289000.0,2016-01-25,,,
5135,2018-03-29,291000.0,2016-01-25,,,
5136,2019-03-28,283000.0,2016-01-25,,,
5137,2020-03-19,281000.0,2016-01-25,,,
5138,2021-04-01,282000.0,2016-01-25,,,
5139,2016-02-11,269000.0,2016-02-01,,,
5140,2016-03-24,259000.0,2016-02-01,,,
5141,2017-03-23,260000.0,2016-02-01,,,
5142,2017-03-24,265000.0,2016-02-01,,,
5143,2018-03-29,268000.0,2016-02-01,,,
5144,2019-03-28,265000.0,2016-02-01,,,
5145,2021-04-01,266000.0,2016-02-01,,,
5146,2016-02-18,262000.0,2016-02-08,,,
5147,2016-03-24,260000.0,2016-02-08,,,
5148,2017-03-23,263000.0,2016-02-08,,,
5149,2017-03-24,268000.0,2016-02-08,,,
5150,2019-03-28,262000.0,2016-02-08,,,
5151,2020-03-19,263000.0,2016-02-08,,,
5152,2021-04-01,262000.0,2016-02-08,,,
5153,2016-02-25,272000.0,2016-02-15,,,
5154,2016-03-24,264000.0,2016-02-15,,,
5155,2017-03-23,263000.0,2016-02-15,,,
5156,2017-03-24,270000.0,2016-02-15,,,
5157,2018-03-29,272000.0,2016-02-15,,,
5158,2019-03-28,271000.0,2016-02-15,,,
5159,2020-03-19,272000.0,2016-02-15,,,
5160,2021-04-01,270000.0,2016-02-15,,,
5161,2016-03-03,278000.0,2016-02-22,,,
5162,2016-03-10,277000.0,2016-02-22,,,
5163,2016-03-24,262000.0,2016-02-22,,,
5164,2017-03-23,261000.0,2016-02-22,,,
5165,2017-03-24,267000.0,2016-02-22,,,
5166,2018-03-29,271000.0,2016-02-22,,,
5167,2019-03-28,268000.0,2016-02-22,,,
5168,2020-03-19,269000.0,2016-02-22,,,
5169,2016-03-10,259000.0,2016-02-29,,,
5170,2016-03-17,258000.0,2016-02-29,,,
5171,2016-03-24,253000.0,2016-02-29,,,
5172,2017-03-23,257000.0,2016-02-29,,,
5173,2017-03-24,262000.0,2016-02-29,,,
5174,2018-03-29,261000.0,2016-02-29,,,
5175,2019-03-28,256000.0,2016-02-29,,,
5176,2020-03-19,257000.0,2016-02-29,,,
5177,2021-04-01,255000.0,2016-02-29,,,
5178,2016-03-17,265000.0,2016-03-07,,,
5179,2016-03-24,259000.0,2016-03-07,,,
5180,2017-03-23,261000.0,2016-03-07,,,
5181,2017-03-24,264000.0,2016-03-07,,,
5182,2019-03-28,262000.0,2016-03-07,,,
5183,2020-03-19,263000.0,2016-03-07,,,
5184,2016-03-24,265000.0,2016-03-14,,,
5185,2017-03-23,266000.0,2016-03-14,,,
5186,2017-03-24,271000.0,2016-03-14,,,
5187,2018-03-29,267000.0,2016-03-14,,,
5188,2019-03-28,263000.0,2016-03-14,,,
5189,2020-03-19,264000.0,2016-03-14,,,
5190,2016-03-31,276000.0,2016-03-21,,,
5191,2017-03-23,264000.0,2016-03-21,,,
5192,2017-03-24,275000.0,2016-03-21,,,
5193,2018-03-29,274000.0,2016-03-21,,,
5194,2019-03-28,271000.0,2016-03-21,,,
5195,2020-03-19,273000.0,2016-03-21,,,
5196,2021-04-01,271000.0,2016-03-21,,,
5197,2016-04-07,267000.0,2016-03-28,,,
5198,2016-04-14,266000.0,2016-03-28,,,
5199,2017-03-23,271000.0,2016-03-28,,,
5200,2018-03-29,276000.0,2016-03-28,,,
5201,2019-03-28,269000.0,2016-03-28,,,
5202,2020-03-19,272000.0,2016-03-28,,,
5203,2021-04-01,273000.0,2016-03-28,,,
5204,2016-04-14,253000.0,2016-04-04,,,
5205,2017-03-24,258000.0,2016-04-04,,,
5206,2018-03-29,261000.0,2016-04-04,,,
5207,2019-03-28,258000.0,2016-04-04,,,
5208,2020-03-19,263000.0,2016-04-04,,,
5209,2016-04-21,247000.0,2016-04-11,,,
5210,2016-04-28,248000.0,2016-04-11,,,
5211,2017-03-23,250000.0,2016-04-11,,,
5212,2017-03-24,257000.0,2016-04-11,,,
5213,2019-03-28,254000.0,2016-04-11,,,
5214,2020-03-19,255000.0,2016-04-11,,,
5215,2021-04-01,257000.0,2016-04-11,,,
5216,2016-04-28,257000.0,2016-04-18,,,
5217,2017-03-23,260000.0,2016-04-18,,,
5218,2017-03-24,261000.0,2016-04-18,,,
5219,2018-03-29,258000.0,2016-04-18,,,
5220,2019-03-28,260000.0,2016-04-18,,,
5221,2020-03-19,259000.0,2016-04-18,,,
5222,2016-05-05,274000.0,2016-04-25,,,
5223,2017-03-23,275000.0,2016-04-25,,,
5224,2017-03-24,276000.0,2016-04-25,,,
5225,2018-03-29,280000.0,2016-04-25,,,
5226,2019-03-28,279000.0,2016-04-25,,,
5227,2020-03-19,277000.0,2016-04-25,,,
5228,2021-04-01,278000.0,2016-04-25,,,
5229,2016-05-12,294000.0,2016-05-02,,,
5230,2017-03-24,286000.0,2016-05-02,,,
5231,2018-03-29,288000.0,2016-05-02,,,
5232,2020-03-19,290000.0,2016-05-02,,,
5233,2021-04-01,289000.0,2016-05-02,,,
5234,2016-05-19,278000.0,2016-05-09,,,
5235,2017-03-23,277000.0,2016-05-09,,,
5236,2018-03-29,281000.0,2016-05-09,,,
5237,2019-03-28,278000.0,2016-05-09,,,
5238,2020-03-19,279000.0,2016-05-09,,,
5239,2016-05-26,268000.0,2016-05-16,,,
5240,2017-03-23,267000.0,2016-05-16,,,
5241,2017-03-24,268000.0,2016-05-16,,,
5242,2018-03-29,269000.0,2016-05-16,,,
5243,2019-03-28,266000.0,2016-05-16,,,
5244,2020-03-19,268000.0,2016-05-16,,,
5245,2021-04-01,267000.0,2016-05-16,,,
5246,2016-06-02,267000.0,2016-05-23,,,
5247,2016-06-09,268000.0,2016-05-23,,,
5248,2017-03-23,297000.0,2016-05-23,,,
5249,2017-03-24,268000.0,2016-05-23,,,
5250,2018-03-29,265000.0,2016-05-23,,,
5251,2019-03-28,264000.0,2016-05-23,,,
5252,2021-04-01,263000.0,2016-05-23,,,
5253,2016-06-09,264000.0,2016-05-30,,,
5254,2017-03-23,234000.0,2016-05-30,,,
5255,2017-03-24,265000.0,2016-05-30,,,
5256,2018-03-29,267000.0,2016-05-30,,,
5257,2019-03-28,265000.0,2016-05-30,,,
5258,2016-06-16,277000.0,2016-06-06,,,
5259,2017-03-23,279000.0,2016-06-06,,,
5260,2017-03-24,273000.0,2016-06-06,,,
5261,2016-06-23,259000.0,2016-06-13,,,
5262,2016-06-30,258000.0,2016-06-13,,,
5263,2017-03-23,256000.0,2016-06-13,,,
5264,2017-03-24,262000.0,2016-06-13,,,
5265,2018-03-29,263000.0,2016-06-13,,,
5266,2019-03-28,262000.0,2016-06-13,,,
5267,2020-03-19,261000.0,2016-06-13,,,
5268,2016-06-30,268000.0,2016-06-20,,,
5269,2016-07-07,270000.0,2016-06-20,,,
5270,2017-03-23,269000.0,2016-06-20,,,
5271,2017-03-24,267000.0,2016-06-20,,,
5272,2018-03-29,265000.0,2016-06-20,,,
5273,2019-03-28,263000.0,2016-06-20,,,
5274,2020-03-19,262000.0,2016-06-20,,,
5275,2016-07-07,254000.0,2016-06-27,,,
5276,2017-03-23,256000.0,2016-06-27,,,
5277,2017-03-24,259000.0,2016-06-27,,,
5278,2018-03-29,258000.0,2016-06-27,,,
5279,2019-03-28,256000.0,2016-06-27,,,
5280,2021-04-01,255000.0,2016-06-27,,,
5281,2016-07-14,254000.0,2016-07-04,,,
5282,2017-03-23,241000.0,2016-07-04,,,
5283,2017-03-24,254000.0,2016-07-04,,,
5284,2018-03-29,253000.0,2016-07-04,,,
5285,2019-03-28,255000.0,2016-07-04,,,
5286,2020-03-19,257000.0,2016-07-04,,,
5287,2021-04-01,252000.0,2016-07-04,,,
5288,2016-07-21,253000.0,2016-07-11,,,
5289,2016-07-28,252000.0,2016-07-11,,,
5290,2017-03-23,269000.0,2016-07-11,,,
5291,2017-03-24,258000.0,2016-07-11,,,
5292,2018-03-29,260000.0,2016-07-11,,,
5293,2016-07-28,266000.0,2016-07-18,,,
5294,2017-03-23,271000.0,2016-07-18,,,
5295,2017-03-24,263000.0,2016-07-18,,,
5296,2018-03-29,262000.0,2016-07-18,,,
5297,2019-03-28,263000.0,2016-07-18,,,
5298,2020-03-19,264000.0,2016-07-18,,,
5299,2016-08-04,269000.0,2016-07-25,,,
5300,2016-08-11,267000.0,2016-07-25,,,
5301,2017-03-23,268000.0,2016-07-25,,,
5302,2017-03-24,266000.0,2016-07-25,,,
5303,2018-03-29,267000.0,2016-07-25,,,
5304,2020-03-19,266000.0,2016-07-25,,,
5305,2016-08-11,266000.0,2016-08-01,,,
5306,2017-03-23,264000.0,2016-08-01,,,
5307,2017-03-24,263000.0,2016-08-01,,,
5308,2019-03-28,266000.0,2016-08-01,,,
5309,2021-04-01,265000.0,2016-08-01,,,
5310,2016-08-18,262000.0,2016-08-08,,,
5311,2017-03-23,266000.0,2016-08-08,,,
5312,2017-03-24,261000.0,2016-08-08,,,
5313,2018-03-29,263000.0,2016-08-08,,,
5314,2019-03-28,265000.0,2016-08-08,,,
5315,2021-04-01,264000.0,2016-08-08,,,
5316,2016-08-25,261000.0,2016-08-15,,,
5317,2017-03-23,260000.0,2016-08-15,,,
5318,2018-03-29,262000.0,2016-08-15,,,
5319,2019-03-28,264000.0,2016-08-15,,,
5320,2020-03-19,265000.0,2016-08-15,,,
5321,2021-04-01,264000.0,2016-08-15,,,
5322,2016-09-01,263000.0,2016-08-22,,,
5323,2017-03-24,260000.0,2016-08-22,,,
5324,2019-03-28,262000.0,2016-08-22,,,
5325,2021-04-01,261000.0,2016-08-22,,,
5326,2016-09-08,259000.0,2016-08-29,,,
5327,2017-03-23,258000.0,2016-08-29,,,
5328,2017-03-24,257000.0,2016-08-29,,,
5329,2018-03-29,253000.0,2016-08-29,,,
5330,2019-03-28,257000.0,2016-08-29,,,
5331,2016-09-15,260000.0,2016-09-05,,,
5332,2017-03-23,261000.0,2016-09-05,,,
5333,2017-03-24,258000.0,2016-09-05,,,
5334,2018-03-29,248000.0,2016-09-05,,,
5335,2019-03-28,251000.0,2016-09-05,,,
5336,2020-03-19,253000.0,2016-09-05,,,
5337,2021-04-01,252000.0,2016-09-05,,,
5338,2016-09-22,252000.0,2016-09-12,,,
5339,2016-09-29,251000.0,2016-09-12,,,
5340,2017-03-23,254000.0,2016-09-12,,,
5341,2017-03-24,252000.0,2016-09-12,,,
5342,2018-03-29,249000.0,2016-09-12,,,
5343,2019-03-28,252000.0,2016-09-12,,,
5344,2021-04-01,250000.0,2016-09-12,,,
5345,2016-09-29,254000.0,2016-09-19,,,
5346,2017-03-23,255000.0,2016-09-19,,,
5347,2017-03-24,253000.0,2016-09-19,,,
5348,2018-03-29,245000.0,2016-09-19,,,
5349,2019-03-28,247000.0,2016-09-19,,,
5350,2016-10-06,249000.0,2016-09-26,,,
5351,2016-10-13,246000.0,2016-09-26,,,
5352,2017-03-23,236000.0,2016-09-26,,,
5353,2017-03-24,247000.0,2016-09-26,,,
5354,2018-03-29,245000.0,2016-09-26,,,
5355,2019-03-28,247000.0,2016-09-26,,,
5356,2020-03-19,246000.0,2016-09-26,,,
5357,2021-04-01,245000.0,2016-09-26,,,
5358,2016-10-13,246000.0,2016-10-03,,,
5359,2016-10-20,247000.0,2016-10-03,,,
5360,2017-03-23,244000.0,2016-10-03,,,
5361,2017-03-24,248000.0,2016-10-03,,,
5362,2018-03-29,247000.0,2016-10-03,,,
5363,2019-03-28,250000.0,2016-10-03,,,
5364,2020-03-19,251000.0,2016-10-03,,,
5365,2021-04-01,250000.0,2016-10-03,,,
5366,2016-10-20,260000.0,2016-10-10,,,
5367,2016-10-27,261000.0,2016-10-10,,,
5368,2017-03-23,266000.0,2016-10-10,,,
5369,2017-03-24,258000.0,2016-10-10,,,
5370,2018-03-29,263000.0,2016-10-10,,,
5371,2019-03-28,265000.0,2016-10-10,,,
5372,2020-03-19,264000.0,2016-10-10,,,
5373,2021-04-01,263000.0,2016-10-10,,,
5374,2016-10-27,258000.0,2016-10-17,,,
5375,2016-11-10,259000.0,2016-10-17,,,
5376,2017-03-23,256000.0,2016-10-17,,,
5377,2017-03-24,255000.0,2016-10-17,,,
5378,2019-03-28,257000.0,2016-10-17,,,
5379,2021-04-01,256000.0,2016-10-17,,,
5380,2016-11-03,265000.0,2016-10-24,,,
5381,2016-11-17,266000.0,2016-10-24,,,
5382,2017-03-23,264000.0,2016-10-24,,,
5383,2017-03-24,261000.0,2016-10-24,,,
5384,2018-03-29,264000.0,2016-10-24,,,
5385,2019-03-28,266000.0,2016-10-24,,,
5386,2020-03-19,265000.0,2016-10-24,,,
5387,2016-11-10,254000.0,2016-10-31,,,
5388,2017-03-23,245000.0,2016-10-31,,,
5389,2017-03-24,250000.0,2016-10-31,,,
5390,2018-03-29,249000.0,2016-10-31,,,
5391,2019-03-28,251000.0,2016-10-31,,,
5392,2021-04-01,250000.0,2016-10-31,,,
5393,2016-11-17,235000.0,2016-11-07,,,
5394,2016-11-23,233000.0,2016-11-07,,,
5395,2017-03-24,239000.0,2016-11-07,,,
5396,2018-03-29,235000.0,2016-11-07,,,
5397,2020-03-19,232000.0,2016-11-07,,,
5398,2016-11-23,251000.0,2016-11-14,,,
5399,2017-03-23,248000.0,2016-11-14,,,
5400,2019-03-28,249000.0,2016-11-14,,,
5401,2020-03-19,248000.0,2016-11-14,,,
5402,2021-04-01,246000.0,2016-11-14,,,
5403,2016-12-01,268000.0,2016-11-21,,,
5404,2017-03-23,260000.0,2016-11-21,,,
5405,2017-03-24,262000.0,2016-11-21,,,
5406,2019-03-28,259000.0,2016-11-21,,,
5407,2020-03-19,260000.0,2016-11-21,,,
5408,2021-04-01,255000.0,2016-11-21,,,
5409,2016-12-08,258000.0,2016-11-28,,,
5410,2017-03-23,255000.0,2016-11-28,,,
5411,2017-03-24,251000.0,2016-11-28,,,
5412,2018-03-29,252000.0,2016-11-28,,,
5413,2019-03-28,253000.0,2016-11-28,,,
5414,2020-03-19,252000.0,2016-11-28,,,
5415,2021-04-01,248000.0,2016-11-28,,,
5416,2016-12-15,254000.0,2016-12-05,,,
5417,2017-03-23,268000.0,2016-12-05,,,
5418,2017-03-24,251000.0,2016-12-05,,,
5419,2018-03-29,253000.0,2016-12-05,,,
5420,2019-03-28,257000.0,2016-12-05,,,
5421,2020-03-19,251000.0,2016-12-05,,,
5422,2021-04-01,252000.0,2016-12-05,,,
5423,2016-12-22,275000.0,2016-12-12,,,
5424,2017-03-23,265000.0,2016-12-12,,,
5425,2018-03-29,263000.0,2016-12-12,,,
5426,2019-03-28,264000.0,2016-12-12,,,
5427,2020-03-19,262000.0,2016-12-12,,,
5428,2021-04-01,260000.0,2016-12-12,,,
5429,2016-12-29,265000.0,2016-12-19,,,
5430,2017-01-05,263000.0,2016-12-19,,,
5431,2017-01-12,267000.0,2016-12-19,,,
5432,2017-03-23,282000.0,2016-12-19,,,
5433,2017-03-24,258000.0,2016-12-19,,,
5434,2018-03-29,254000.0,2016-12-19,,,
5435,2019-03-28,255000.0,2016-12-19,,,
5436,2020-03-19,254000.0,2016-12-19,,,
5437,2021-04-01,257000.0,2016-12-19,,,
5438,2017-01-05,235000.0,2016-12-26,,,
5439,2017-01-12,237000.0,2016-12-26,,,
5440,2017-03-23,240000.0,2016-12-26,,,
5441,2017-03-24,241000.0,2016-12-26,,,
5442,2018-03-29,238000.0,2016-12-26,,,
5443,2020-03-19,236000.0,2016-12-26,,,
5444,2021-04-01,244000.0,2016-12-26,,,
5445,2017-01-12,247000.0,2017-01-02,,,
5446,2017-01-19,249000.0,2017-01-02,,,
5447,2017-03-23,231000.0,2017-01-02,,,
5448,2017-03-24,245000.0,2017-01-02,,,
5449,2018-03-29,238000.0,2017-01-02,,,
5450,2019-03-28,242000.0,2017-01-02,,,
5451,2020-03-19,244000.0,2017-01-02,,,
5452,2021-04-01,243000.0,2017-01-02,,,
5453,2022-04-07,245000.0,2017-01-02,,,
5454,2017-01-19,234000.0,2017-01-09,,,
5455,2017-01-26,237000.0,2017-01-09,,,
5456,2017-03-23,271000.0,2017-01-09,,,
5457,2017-03-24,241000.0,2017-01-09,,,
5458,2018-03-29,247000.0,2017-01-09,,,
5459,2019-03-28,248000.0,2017-01-09,,,
5460,2020-03-19,246000.0,2017-01-09,,,
5461,2021-04-01,244000.0,2017-01-09,,,
5462,2022-04-07,240000.0,2017-01-09,,,
5463,2017-01-26,259000.0,2017-01-16,,,
5464,2017-02-02,260000.0,2017-01-16,,,
5465,2017-03-23,264000.0,2017-01-16,,,
5466,2017-03-24,252000.0,2017-01-16,,,
5467,2018-03-29,251000.0,2017-01-16,,,
5468,2019-03-28,257000.0,2017-01-16,,,
5469,2020-03-19,256000.0,2017-01-16,,,
5470,2021-04-01,254000.0,2017-01-16,,,
5471,2022-04-07,250000.0,2017-01-16,,,
5472,2017-02-02,246000.0,2017-01-23,,,
5473,2017-02-16,248000.0,2017-01-23,,,
5474,2017-03-23,258000.0,2017-01-23,,,
5475,2017-03-24,250000.0,2017-01-23,,,
5476,2018-03-29,254000.0,2017-01-23,,,
5477,2019-03-28,244000.0,2017-01-23,,,
5478,2020-03-19,241000.0,2017-01-23,,,
5479,2021-04-01,245000.0,2017-01-23,,,
5480,2022-04-07,241000.0,2017-01-23,,,
5481,2017-02-09,234000.0,2017-01-30,,,
5482,2017-03-23,231000.0,2017-01-30,,,
5483,2017-03-24,237000.0,2017-01-30,,,
5484,2019-03-28,235000.0,2017-01-30,,,
5485,2020-03-19,236000.0,2017-01-30,,,
5486,2021-04-01,237000.0,2017-01-30,,,
5487,2022-04-07,230000.0,2017-01-30,,,
5488,2017-02-16,239000.0,2017-02-06,,,
5489,2017-02-23,238000.0,2017-02-06,,,
5490,2017-03-23,248000.0,2017-02-06,,,
5491,2018-03-29,251000.0,2017-02-06,,,
5492,2019-03-28,243000.0,2017-02-06,,,
5493,2020-03-19,242000.0,2017-02-06,,,
5494,2021-04-01,243000.0,2017-02-06,,,
5495,2022-04-07,233000.0,2017-02-06,,,
5496,2017-02-23,244000.0,2017-02-13,,,
5497,2017-03-02,242000.0,2017-02-13,,,
5498,2017-03-23,254000.0,2017-02-13,,,
5499,2017-03-24,247000.0,2017-02-13,,,
5500,2018-03-29,246000.0,2017-02-13,,,
5501,2019-03-28,244000.0,2017-02-13,,,
5502,2020-03-19,247000.0,2017-02-13,,,
5503,2021-04-01,248000.0,2017-02-13,,,
5504,2022-04-07,237000.0,2017-02-13,,,
5505,2017-03-02,223000.0,2017-02-20,,,
5506,2017-03-23,210000.0,2017-02-20,,,
5507,2017-03-24,227000.0,2017-02-20,,,
5508,2018-03-29,235000.0,2017-02-20,,,
5509,2019-03-28,232000.0,2017-02-20,,,
5510,2021-04-01,231000.0,2017-02-20,,,
5511,2022-04-07,221000.0,2017-02-20,,,
5512,2017-03-09,243000.0,2017-02-27,,,
5513,2017-03-23,249000.0,2017-02-27,,,
5514,2017-03-30,252000.0,2017-02-27,,,
5515,2018-03-29,251000.0,2017-02-27,,,
5516,2019-03-28,244000.0,2017-02-27,,,
5517,2020-03-19,246000.0,2017-02-27,,,
5518,2022-04-07,236000.0,2017-02-27,,,
5519,2017-03-16,241000.0,2017-03-06,,,
5520,2017-03-23,243000.0,2017-03-06,,,
5521,2017-03-30,246000.0,2017-03-06,,,
5522,2018-03-29,247000.0,2017-03-06,,,
5523,2019-03-28,243000.0,2017-03-06,,,
5524,2020-03-19,244000.0,2017-03-06,,,
5525,2022-04-07,228000.0,2017-03-06,,,
5526,2017-03-23,258000.0,2017-03-13,,,
5527,2017-03-30,261000.0,2017-03-13,,,
5528,2018-03-29,259000.0,2017-03-13,,,
5529,2019-03-28,253000.0,2017-03-13,,,
5530,2020-03-19,255000.0,2017-03-13,,,
5531,2022-04-07,235000.0,2017-03-13,,,
5532,2017-03-30,258000.0,2017-03-20,,,
5533,2017-04-06,259000.0,2017-03-20,,,
5534,2018-03-29,253000.0,2017-03-20,,,
5535,2020-03-19,256000.0,2017-03-20,,,
5536,2022-04-07,236000.0,2017-03-20,,,
5537,2017-04-06,234000.0,2017-03-27,,,
5538,2017-04-13,235000.0,2017-03-27,,,
5539,2018-03-29,241000.0,2017-03-27,,,
5540,2019-03-28,232000.0,2017-03-27,,,
5541,2020-03-19,236000.0,2017-03-27,,,
5542,2021-04-01,237000.0,2017-03-27,,,
5543,2022-04-07,216000.0,2017-03-27,,,
5544,2017-04-13,234000.0,2017-04-03,,,
5545,2018-03-29,236000.0,2017-04-03,,,
5546,2019-03-28,232000.0,2017-04-03,,,
5547,2020-03-19,237000.0,2017-04-03,,,
5548,2021-04-01,238000.0,2017-04-03,,,
5549,2022-04-07,222000.0,2017-04-03,,,
5550,2017-04-20,244000.0,2017-04-10,,,
5551,2017-04-27,243000.0,2017-04-10,,,
5552,2018-03-29,247000.0,2017-04-10,,,
5553,2019-03-28,241000.0,2017-04-10,,,
5554,2020-03-19,244000.0,2017-04-10,,,
5555,2021-04-01,242000.0,2017-04-10,,,
5556,2022-04-07,231000.0,2017-04-10,,,
5557,2017-04-27,257000.0,2017-04-17,,,
5558,2018-03-29,252000.0,2017-04-17,,,
5559,2019-03-28,253000.0,2017-04-17,,,
5560,2020-03-19,251000.0,2017-04-17,,,
5561,2021-04-01,252000.0,2017-04-17,,,
5562,2022-04-07,238000.0,2017-04-17,,,
5563,2017-05-04,238000.0,2017-04-24,,,
5564,2018-03-29,242000.0,2017-04-24,,,
5565,2020-03-19,241000.0,2017-04-24,,,
5566,2022-04-07,232000.0,2017-04-24,,,
5567,2017-05-11,236000.0,2017-05-01,,,
5568,2018-03-29,237000.0,2017-05-01,,,
5569,2022-04-07,233000.0,2017-05-01,,,
5570,2017-05-18,232000.0,2017-05-08,,,
5571,2017-05-25,233000.0,2017-05-08,,,
5572,2018-03-29,238000.0,2017-05-08,,,
5573,2019-03-28,235000.0,2017-05-08,,,
5574,2020-03-19,237000.0,2017-05-08,,,
5575,2022-04-07,234000.0,2017-05-08,,,
5576,2017-05-25,234000.0,2017-05-15,,,
5577,2017-06-01,235000.0,2017-05-15,,,
5578,2018-03-29,237000.0,2017-05-15,,,
5579,2019-03-28,232000.0,2017-05-15,,,
5580,2020-03-19,234000.0,2017-05-15,,,
5581,2022-04-07,236000.0,2017-05-15,,,
5582,2017-06-01,248000.0,2017-05-22,,,
5583,2017-06-08,255000.0,2017-05-22,,,
5584,2018-03-29,253000.0,2017-05-22,,,
5585,2019-03-28,251000.0,2017-05-22,,,
5586,2022-04-07,253000.0,2017-05-22,,,
5587,2017-06-08,245000.0,2017-05-29,,,
5588,2018-03-29,246000.0,2017-05-29,,,
5589,2019-03-28,244000.0,2017-05-29,,,
5590,2022-04-07,251000.0,2017-05-29,,,
5591,2017-06-15,237000.0,2017-06-05,,,
5592,2017-06-22,238000.0,2017-06-05,,,
5593,2018-03-29,240000.0,2017-06-05,,,
5594,2019-03-28,238000.0,2017-06-05,,,
5595,2021-04-01,237000.0,2017-06-05,,,
5596,2022-04-07,245000.0,2017-06-05,,,
5597,2017-06-22,241000.0,2017-06-12,,,
5598,2017-06-29,242000.0,2017-06-12,,,
5599,2018-03-29,244000.0,2017-06-12,,,
5600,2019-03-28,243000.0,2017-06-12,,,
5601,2022-04-07,249000.0,2017-06-12,,,
5602,2017-06-29,244000.0,2017-06-19,,,
5603,2018-03-29,243000.0,2017-06-19,,,
5604,2019-03-28,239000.0,2017-06-19,,,
5605,2020-03-19,237000.0,2017-06-19,,,
5606,2022-04-07,247000.0,2017-06-19,,,
5607,2017-07-06,248000.0,2017-06-26,,,
5608,2017-07-13,250000.0,2017-06-26,,,
5609,2018-03-29,251000.0,2017-06-26,,,
5610,2019-03-28,248000.0,2017-06-26,,,
5611,2021-04-01,247000.0,2017-06-26,,,
5612,2022-04-07,256000.0,2017-06-26,,,
5613,2017-07-13,247000.0,2017-07-03,,,
5614,2017-07-20,248000.0,2017-07-03,,,
5615,2018-03-29,244000.0,2017-07-03,,,
5616,2019-03-28,246000.0,2017-07-03,,,
5617,2020-03-19,248000.0,2017-07-03,,,
5618,2021-04-01,243000.0,2017-07-03,,,
5619,2022-04-07,259000.0,2017-07-03,,,
5620,2017-07-20,233000.0,2017-07-10,,,
5621,2017-07-27,234000.0,2017-07-10,,,
5622,2018-03-29,239000.0,2017-07-10,,,
5623,2019-03-28,241000.0,2017-07-10,,,
5624,2022-04-07,245000.0,2017-07-10,,,
5625,2017-07-27,244000.0,2017-07-17,,,
5626,2017-08-03,245000.0,2017-07-17,,,
5627,2018-03-29,242000.0,2017-07-17,,,
5628,2019-03-28,243000.0,2017-07-17,,,
5629,2020-03-19,245000.0,2017-07-17,,,
5630,2022-04-07,249000.0,2017-07-17,,,
5631,2017-08-03,240000.0,2017-07-24,,,
5632,2017-08-10,241000.0,2017-07-24,,,
5633,2018-03-29,243000.0,2017-07-24,,,
5634,2020-03-19,242000.0,2017-07-24,,,
5635,2022-04-07,245000.0,2017-07-24,,,
5636,2017-08-10,244000.0,2017-07-31,,,
5637,2018-03-29,242000.0,2017-07-31,,,
5638,2019-03-28,244000.0,2017-07-31,,,
5639,2020-03-19,246000.0,2017-07-31,,,
5640,2021-04-01,245000.0,2017-07-31,,,
5641,2022-04-07,254000.0,2017-07-31,,,
5642,2017-08-17,232000.0,2017-08-07,,,
5643,2018-03-29,236000.0,2017-08-07,,,
5644,2019-03-28,237000.0,2017-08-07,,,
5645,2020-03-19,236000.0,2017-08-07,,,
5646,2022-04-07,245000.0,2017-08-07,,,
5647,2017-08-24,234000.0,2017-08-14,,,
5648,2017-08-31,235000.0,2017-08-14,,,
5649,2018-03-29,237000.0,2017-08-14,,,
5650,2019-03-28,239000.0,2017-08-14,,,
5651,2020-03-19,241000.0,2017-08-14,,,
5652,2021-04-01,240000.0,2017-08-14,,,
5653,2022-04-07,245000.0,2017-08-14,,,
5654,2017-08-31,236000.0,2017-08-21,,,
5655,2018-03-29,238000.0,2017-08-21,,,
5656,2019-03-28,239000.0,2017-08-21,,,
5657,2021-04-01,238000.0,2017-08-21,,,
5658,2022-04-07,247000.0,2017-08-21,,,
5659,2017-09-07,298000.0,2017-08-28,,,
5660,2018-03-29,293000.0,2017-08-28,,,
5661,2019-03-28,300000.0,2017-08-28,,,
5662,2020-03-19,299000.0,2017-08-28,,,
5663,2021-04-01,298000.0,2017-08-28,,,
5664,2022-04-07,297000.0,2017-08-28,,,
5665,2017-09-14,284000.0,2017-09-04,,,
5666,2017-09-21,282000.0,2017-09-04,,,
5667,2017-09-28,281000.0,2017-09-04,,,
5668,2018-03-29,267000.0,2017-09-04,,,
5669,2019-03-28,272000.0,2017-09-04,,,
5670,2020-03-19,275000.0,2017-09-04,,,
5671,2021-04-01,274000.0,2017-09-04,,,
5672,2022-04-07,280000.0,2017-09-04,,,
5673,2017-09-21,259000.0,2017-09-11,,,
5674,2017-09-28,260000.0,2017-09-11,,,
5675,2018-03-29,255000.0,2017-09-11,,,
5676,2019-03-28,260000.0,2017-09-11,,,
5677,2021-04-01,259000.0,2017-09-11,,,
5678,2022-04-07,261000.0,2017-09-11,,,
5679,2017-09-28,272000.0,2017-09-18,,,
5680,2017-10-12,269000.0,2017-09-18,,,
5681,2018-03-29,258000.0,2017-09-18,,,
5682,2019-03-28,262000.0,2017-09-18,,,
5683,2022-04-07,264000.0,2017-09-18,,,
5684,2017-10-05,260000.0,2017-09-25,,,
5685,2017-10-12,258000.0,2017-09-25,,,
5686,2018-03-29,254000.0,2017-09-25,,,
5687,2019-03-28,257000.0,2017-09-25,,,
5688,2020-03-19,255000.0,2017-09-25,,,
5689,2021-04-01,254000.0,2017-09-25,,,
5690,2022-04-07,260000.0,2017-09-25,,,
5691,2017-10-12,243000.0,2017-10-02,,,
5692,2017-10-19,244000.0,2017-10-02,,,
5693,2018-03-29,241000.0,2017-10-02,,,
5694,2019-03-28,245000.0,2017-10-02,,,
5695,2020-03-19,246000.0,2017-10-02,,,
5696,2021-04-01,245000.0,2017-10-02,,,
5697,2022-04-07,252000.0,2017-10-02,,,
5698,2017-10-19,222000.0,2017-10-09,,,
5699,2017-10-26,223000.0,2017-10-09,,,
5700,2018-03-29,230000.0,2017-10-09,,,
5701,2019-03-28,233000.0,2017-10-09,,,
5702,2020-03-19,232000.0,2017-10-09,,,
5703,2021-04-01,230000.0,2017-10-09,,,
5704,2022-04-07,235000.0,2017-10-09,,,
5705,2017-10-26,233000.0,2017-10-16,,,
5706,2017-11-02,234000.0,2017-10-16,,,
5707,2019-03-28,236000.0,2017-10-16,,,
5708,2021-04-01,235000.0,2017-10-16,,,
5709,2022-04-07,241000.0,2017-10-16,,,
5710,2017-11-02,229000.0,2017-10-23,,,
5711,2018-03-29,234000.0,2017-10-23,,,
5712,2019-03-28,237000.0,2017-10-23,,,
5713,2020-03-19,235000.0,2017-10-23,,,
5714,2022-04-07,241000.0,2017-10-23,,,
5715,2017-11-09,239000.0,2017-10-30,,,
5716,2018-03-29,237000.0,2017-10-30,,,
5717,2019-03-28,239000.0,2017-10-30,,,
5718,2020-03-19,240000.0,2017-10-30,,,
5719,2021-04-01,239000.0,2017-10-30,,,
5720,2022-04-07,248000.0,2017-10-30,,,
5721,2017-11-16,249000.0,2017-11-06,,,
5722,2017-11-22,252000.0,2017-11-06,,,
5723,2018-03-29,250000.0,2017-11-06,,,
5724,2020-03-19,246000.0,2017-11-06,,,
5725,2021-04-01,247000.0,2017-11-06,,,
5726,2022-04-07,254000.0,2017-11-06,,,
5727,2017-11-22,239000.0,2017-11-13,,,
5728,2017-11-30,240000.0,2017-11-13,,,
5729,2018-03-29,239000.0,2017-11-13,,,
5730,2019-03-28,240000.0,2017-11-13,,,
5731,2020-03-19,238000.0,2017-11-13,,,
5732,2021-04-01,235000.0,2017-11-13,,,
5733,2022-04-07,246000.0,2017-11-13,,,
5734,2017-11-30,238000.0,2017-11-20,,,
5735,2018-03-29,239000.0,2017-11-20,,,
5736,2019-03-28,237000.0,2017-11-20,,,
5737,2021-04-01,233000.0,2017-11-20,,,
5738,2022-04-07,243000.0,2017-11-20,,,
5739,2017-12-07,236000.0,2017-11-27,,,
5740,2018-03-29,235000.0,2017-11-27,,,
5741,2021-04-01,230000.0,2017-11-27,,,
5742,2022-04-07,241000.0,2017-11-27,,,
5743,2017-12-14,225000.0,2017-12-04,,,
5744,2018-03-29,229000.0,2017-12-04,,,
5745,2019-03-28,234000.0,2017-12-04,,,
5746,2020-03-19,226000.0,2017-12-04,,,
5747,2022-04-07,229000.0,2017-12-04,,,
5748,2017-12-21,245000.0,2017-12-11,,,
5749,2018-03-29,242000.0,2017-12-11,,,
5750,2019-03-28,244000.0,2017-12-11,,,
5751,2020-03-19,242000.0,2017-12-11,,,
5752,2021-04-01,239000.0,2017-12-11,,,
5753,2022-04-07,244000.0,2017-12-11,,,
5754,2017-12-28,245000.0,2017-12-18,,,
5755,2018-01-04,247000.0,2017-12-18,,,
5756,2018-03-29,242000.0,2017-12-18,,,
5757,2019-03-28,245000.0,2017-12-18,,,
5758,2020-03-19,242000.0,2017-12-18,,,
5759,2021-04-01,243000.0,2017-12-18,,,
5760,2022-04-07,251000.0,2017-12-18,,,
5761,2018-01-04,250000.0,2017-12-25,,,
5762,2018-03-29,248000.0,2017-12-25,,,
5763,2019-03-28,246000.0,2017-12-25,,,
5764,2020-03-19,243000.0,2017-12-25,,,
5765,2021-04-01,241000.0,2017-12-25,,,
5766,2022-04-07,248000.0,2017-12-25,,,
5767,2018-01-11,261000.0,2018-01-01,,,
5768,2018-03-29,247000.0,2018-01-01,,,
5769,2019-03-28,250000.0,2018-01-01,,,
5770,2020-03-19,251000.0,2018-01-01,,,
5771,2021-04-01,249000.0,2018-01-01,,,
5772,2022-04-07,252000.0,2018-01-01,,,
5773,2018-01-18,220000.0,2018-01-08,,,
5774,2018-01-25,216000.0,2018-01-08,,,
5775,2018-03-29,226000.0,2018-01-08,,,
5776,2019-03-28,230000.0,2018-01-08,,,
5777,2020-03-19,229000.0,2018-01-08,,,
5778,2021-04-01,228000.0,2018-01-08,,,
5779,2022-04-07,224000.0,2018-01-08,,,
5780,2023-04-06,230000.0,2018-01-08,,,
5781,2018-01-25,233000.0,2018-01-15,,,
5782,2018-02-01,231000.0,2018-01-15,,,
5783,2018-03-29,229000.0,2018-01-15,,,
5784,2019-03-28,238000.0,2018-01-15,,,
5785,2020-03-19,237000.0,2018-01-15,,,
5786,2021-04-01,233000.0,2018-01-15,,,
5787,2022-04-07,227000.0,2018-01-15,,,
5788,2023-04-06,231000.0,2018-01-15,,,
5789,2018-02-01,230000.0,2018-01-22,,,
5790,2018-03-29,234000.0,2018-01-22,,,
5791,2019-03-28,225000.0,2018-01-22,,,
5792,2020-03-19,221000.0,2018-01-22,,,
5793,2021-04-01,227000.0,2018-01-22,,,
5794,2022-04-07,223000.0,2018-01-22,,,
5795,2023-04-06,228000.0,2018-01-22,,,
5796,2018-02-08,221000.0,2018-01-29,,,
5797,2018-02-15,223000.0,2018-01-29,,,
5798,2019-03-28,219000.0,2018-01-29,,,
5799,2020-03-19,221000.0,2018-01-29,,,
5800,2021-04-01,224000.0,2018-01-29,,,
5801,2022-04-07,213000.0,2018-01-29,,,
5802,2023-04-06,224000.0,2018-01-29,,,
5803,2018-02-15,230000.0,2018-02-05,,,
5804,2018-02-22,229000.0,2018-02-05,,,
5805,2018-03-29,234000.0,2018-02-05,,,
5806,2019-03-28,226000.0,2018-02-05,,,
5807,2020-03-19,224000.0,2018-02-05,,,
5808,2021-04-01,227000.0,2018-02-05,,,
5809,2022-04-07,213000.0,2018-02-05,,,
5810,2023-04-06,225000.0,2018-02-05,,,
5811,2018-02-22,222000.0,2018-02-12,,,
5812,2018-03-01,220000.0,2018-02-12,,,
5813,2018-03-29,218000.0,2018-02-12,,,
5814,2019-03-28,216000.0,2018-02-12,,,
5815,2020-03-19,220000.0,2018-02-12,,,
5816,2022-04-07,206000.0,2018-02-12,,,
5817,2023-04-06,219000.0,2018-02-12,,,
5818,2018-03-01,210000.0,2018-02-19,,,
5819,2018-03-29,217000.0,2018-02-19,,,
5820,2019-03-28,216000.0,2018-02-19,,,
5821,2020-03-19,215000.0,2018-02-19,,,
5822,2022-04-07,202000.0,2018-02-19,,,
5823,2023-04-06,216000.0,2018-02-19,,,
5824,2018-03-08,231000.0,2018-02-26,,,
5825,2018-03-15,230000.0,2018-02-26,,,
5826,2019-03-28,223000.0,2018-02-26,,,
5827,2020-03-19,226000.0,2018-02-26,,,
5828,2022-04-07,212000.0,2018-02-26,,,
5829,2023-04-06,228000.0,2018-02-26,,,
5830,2018-03-15,226000.0,2018-03-05,,,
5831,2019-03-28,222000.0,2018-03-05,,,
5832,2020-03-19,223000.0,2018-03-05,,,
5833,2022-04-07,204000.0,2018-03-05,,,
5834,2023-04-06,223000.0,2018-03-05,,,
5835,2018-03-29,227000.0,2018-03-12,,,
5836,2019-03-28,221000.0,2018-03-12,,,
5837,2020-03-19,224000.0,2018-03-12,,,
5838,2022-04-07,198000.0,2018-03-12,,,
5839,2023-04-06,225000.0,2018-03-12,,,
5840,2018-03-29,215000.0,2018-03-19,,,
5841,2018-04-05,218000.0,2018-03-19,,,
5842,2019-03-28,217000.0,2018-03-19,,,
5843,2020-03-19,220000.0,2018-03-19,,,
5844,2022-04-07,197000.0,2018-03-19,,,
5845,2023-04-06,221000.0,2018-03-19,,,
5846,2018-04-05,242000.0,2018-03-26,,,
5847,2019-03-28,231000.0,2018-03-26,,,
5848,2020-03-19,237000.0,2018-03-26,,,
5849,2021-04-01,235000.0,2018-03-26,,,
5850,2022-04-07,205000.0,2018-03-26,,,
5851,2023-04-06,232000.0,2018-03-26,,,
5852,2018-04-12,233000.0,2018-04-02,,,
5853,2019-03-28,227000.0,2018-04-02,,,
5854,2020-03-19,234000.0,2018-04-02,,,
5855,2021-04-01,235000.0,2018-04-02,,,
5856,2022-04-07,210000.0,2018-04-02,,,
5857,2023-04-06,234000.0,2018-04-02,,,
5858,2018-04-19,232000.0,2018-04-09,,,
5859,2018-04-26,233000.0,2018-04-09,,,
5860,2019-03-28,227000.0,2018-04-09,,,
5861,2020-03-19,235000.0,2018-04-09,,,
5862,2022-04-07,218000.0,2018-04-09,,,
5863,2023-04-06,236000.0,2018-04-09,,,
5864,2018-04-26,209000.0,2018-04-16,,,
5865,2019-03-28,210000.0,2018-04-16,,,
5866,2020-03-19,207000.0,2018-04-16,,,
5867,2021-04-01,208000.0,2018-04-16,,,
5868,2022-04-07,191000.0,2018-04-16,,,
5869,2023-04-06,207000.0,2018-04-16,,,
5870,2018-05-03,211000.0,2018-04-23,,,
5871,2019-03-28,213000.0,2018-04-23,,,
5872,2020-03-19,212000.0,2018-04-23,,,
5873,2022-04-07,200000.0,2018-04-23,,,
5874,2023-04-06,209000.0,2018-04-23,,,
5875,2018-05-10,211000.0,2018-04-30,,,
5876,2020-03-19,210000.0,2018-04-30,,,
5877,2022-04-07,204000.0,2018-04-30,,,
5878,2023-04-06,211000.0,2018-04-30,,,
5879,2018-05-17,222000.0,2018-05-07,,,
5880,2018-05-24,223000.0,2018-05-07,,,
5881,2019-03-28,221000.0,2018-05-07,,,
5882,2020-03-19,224000.0,2018-05-07,,,
5883,2022-04-07,220000.0,2018-05-07,,,
5884,2023-04-06,222000.0,2018-05-07,,,
5885,2018-05-24,234000.0,2018-05-14,,,
5886,2019-03-28,227000.0,2018-05-14,,,
5887,2020-03-19,230000.0,2018-05-14,,,
5888,2022-04-07,231000.0,2018-05-14,,,
5889,2023-04-06,230000.0,2018-05-14,,,
5890,2018-05-31,221000.0,2018-05-21,,,
5891,2018-06-07,223000.0,2018-05-21,,,
5892,2019-03-28,221000.0,2018-05-21,,,
5893,2022-04-07,224000.0,2018-05-21,,,
5894,2023-04-06,222000.0,2018-05-21,,,
5895,2018-06-07,222000.0,2018-05-28,,,
5896,2019-03-28,220000.0,2018-05-28,,,
5897,2020-03-19,221000.0,2018-05-28,,,
5898,2022-04-07,229000.0,2018-05-28,,,
5899,2023-04-06,223000.0,2018-05-28,,,
5900,2018-06-14,218000.0,2018-06-04,,,
5901,2018-06-21,221000.0,2018-06-04,,,
5902,2019-03-28,219000.0,2018-06-04,,,
5903,2020-03-19,218000.0,2018-06-04,,,
5904,2022-04-07,230000.0,2018-06-04,,,
5905,2023-04-06,222000.0,2018-06-04,,,
5906,2018-06-21,218000.0,2018-06-11,,,
5907,2019-03-28,219000.0,2018-06-11,,,
5908,2020-03-19,220000.0,2018-06-11,,,
5909,2022-04-07,228000.0,2018-06-11,,,
5910,2023-04-06,218000.0,2018-06-11,,,
5911,2018-06-28,227000.0,2018-06-18,,,
5912,2018-07-05,228000.0,2018-06-18,,,
5913,2019-03-28,223000.0,2018-06-18,,,
5914,2020-03-19,220000.0,2018-06-18,,,
5915,2022-04-07,233000.0,2018-06-18,,,
5916,2023-04-06,222000.0,2018-06-18,,,
5917,2018-07-05,231000.0,2018-06-25,,,
5918,2018-07-12,232000.0,2018-06-25,,,
5919,2019-03-28,229000.0,2018-06-25,,,
5920,2020-03-19,228000.0,2018-06-25,,,
5921,2021-04-01,229000.0,2018-06-25,,,
5922,2022-04-07,241000.0,2018-06-25,,,
5923,2023-04-06,228000.0,2018-06-25,,,
5924,2018-07-12,214000.0,2018-07-02,,,
5925,2018-07-19,215000.0,2018-07-02,,,
5926,2019-03-28,212000.0,2018-07-02,,,
5927,2020-03-19,215000.0,2018-07-02,,,
5928,2021-04-01,229000.0,2018-07-02,,,
5929,2022-04-07,232000.0,2018-07-02,,,
5930,2023-04-06,216000.0,2018-07-02,,,
5931,2018-07-19,207000.0,2018-07-09,,,
5932,2018-07-26,208000.0,2018-07-09,,,
5933,2019-03-28,212000.0,2018-07-09,,,
5934,2022-04-07,219000.0,2018-07-09,,,
5935,2023-04-06,205000.0,2018-07-09,,,
5936,2018-07-26,217000.0,2018-07-16,,,
5937,2020-03-19,220000.0,2018-07-16,,,
5938,2022-04-07,224000.0,2018-07-16,,,
5939,2023-04-06,210000.0,2018-07-16,,,
5940,2018-08-02,218000.0,2018-07-23,,,
5941,2018-08-09,219000.0,2018-07-23,,,
5942,2019-03-28,220000.0,2018-07-23,,,
5943,2020-03-19,218000.0,2018-07-23,,,
5944,2022-04-07,222000.0,2018-07-23,,,
5945,2023-04-06,207000.0,2018-07-23,,,
5946,2018-08-09,213000.0,2018-07-30,,,
5947,2018-08-16,214000.0,2018-07-30,,,
5948,2019-03-28,215000.0,2018-07-30,,,
5949,2020-03-19,218000.0,2018-07-30,,,
5950,2021-04-01,217000.0,2018-07-30,,,
5951,2022-04-07,228000.0,2018-07-30,,,
5952,2023-04-06,210000.0,2018-07-30,,,
5953,2018-08-16,212000.0,2018-08-06,,,
5954,2019-03-28,215000.0,2018-08-06,,,
5955,2020-03-19,213000.0,2018-08-06,,,
5956,2021-04-01,212000.0,2018-08-06,,,
5957,2022-04-07,224000.0,2018-08-06,,,
5958,2023-04-06,206000.0,2018-08-06,,,
5959,2018-08-23,210000.0,2018-08-13,,,
5960,2019-03-28,214000.0,2018-08-13,,,
5961,2020-03-19,216000.0,2018-08-13,,,
5962,2021-04-01,215000.0,2018-08-13,,,
5963,2022-04-07,221000.0,2018-08-13,,,
5964,2023-04-06,207000.0,2018-08-13,,,
5965,2018-08-30,213000.0,2018-08-20,,,
5966,2019-03-28,215000.0,2018-08-20,,,
5967,2020-03-19,214000.0,2018-08-20,,,
5968,2022-04-07,225000.0,2018-08-20,,,
5969,2023-04-06,211000.0,2018-08-20,,,
5970,2018-09-06,203000.0,2018-08-27,,,
5971,2018-09-13,205000.0,2018-08-27,,,
5972,2019-03-28,210000.0,2018-08-27,,,
5973,2021-04-01,209000.0,2018-08-27,,,
5974,2022-04-07,211000.0,2018-08-27,,,
5975,2023-04-06,201000.0,2018-08-27,,,
5976,2018-09-13,204000.0,2018-09-03,,,
5977,2019-03-28,208000.0,2018-09-03,,,
5978,2020-03-19,211000.0,2018-09-03,,,
5979,2021-04-01,210000.0,2018-09-03,,,
5980,2022-04-07,217000.0,2018-09-03,,,
5981,2023-04-06,204000.0,2018-09-03,,,
5982,2018-09-20,201000.0,2018-09-10,,,
5983,2018-09-27,202000.0,2018-09-10,,,
5984,2019-03-28,212000.0,2018-09-10,,,
5985,2020-03-19,213000.0,2018-09-10,,,
5986,2021-04-01,212000.0,2018-09-10,,,
5987,2022-04-07,214000.0,2018-09-10,,,
5988,2023-04-06,206000.0,2018-09-10,,,
5989,2018-09-27,214000.0,2018-09-17,,,
5990,2018-10-04,215000.0,2018-09-17,,,
5991,2019-03-28,212000.0,2018-09-17,,,
5992,2022-04-07,214000.0,2018-09-17,,,
5993,2023-04-06,205000.0,2018-09-17,,,
5994,2018-10-04,207000.0,2018-09-24,,,
5995,2019-03-28,218000.0,2018-09-24,,,
5996,2020-03-19,217000.0,2018-09-24,,,
5997,2021-04-01,216000.0,2018-09-24,,,
5998,2022-04-07,221000.0,2018-09-24,,,
5999,2023-04-06,210000.0,2018-09-24,,,
6000,2018-10-11,214000.0,2018-10-01,,,
6001,2018-10-18,215000.0,2018-10-01,,,
6002,2019-03-28,212000.0,2018-10-01,,,
6003,2020-03-19,213000.0,2018-10-01,,,
6004,2021-04-01,212000.0,2018-10-01,,,
6005,2022-04-07,221000.0,2018-10-01,,,
6006,2023-04-06,211000.0,2018-10-01,,,
6007,2018-10-18,210000.0,2018-10-08,,,
6008,2019-03-28,215000.0,2018-10-08,,,
6009,2020-03-19,213000.0,2018-10-08,,,
6010,2021-04-01,212000.0,2018-10-08,,,
6011,2022-04-07,218000.0,2018-10-08,,,
6012,2023-04-06,208000.0,2018-10-08,,,
6013,2018-10-25,215000.0,2018-10-15,,,
6014,2018-11-01,216000.0,2018-10-15,,,
6015,2019-03-28,218000.0,2018-10-15,,,
6016,2020-03-19,219000.0,2018-10-15,,,
6017,2022-04-07,226000.0,2018-10-15,,,
6018,2023-04-06,217000.0,2018-10-15,,,
6019,2018-11-01,214000.0,2018-10-22,,,
6020,2018-11-08,215000.0,2018-10-22,,,
6021,2018-11-21,,2018-10-22,,,
6022,2018-11-23,215000.0,2018-10-22,,,
6023,2019-03-28,219000.0,2018-10-22,,,
6024,2020-03-19,217000.0,2018-10-22,,,
6025,2021-04-01,216000.0,2018-10-22,,,
6026,2022-04-07,225000.0,2018-10-22,,,
6027,2023-04-06,216000.0,2018-10-22,,,
6028,2018-11-08,214000.0,2018-10-29,,,
6029,2019-03-28,217000.0,2018-10-29,,,
6030,2021-04-01,216000.0,2018-10-29,,,
6031,2022-04-07,227000.0,2018-10-29,,,
6032,2023-04-06,218000.0,2018-10-29,,,
6033,2018-11-15,216000.0,2018-11-05,,,
6034,2018-11-21,221000.0,2018-11-05,,,
6035,2019-03-28,223000.0,2018-11-05,,,
6036,2020-03-19,218000.0,2018-11-05,,,
6037,2021-04-01,217000.0,2018-11-05,,,
6038,2022-04-07,228000.0,2018-11-05,,,
6039,2023-04-06,221000.0,2018-11-05,,,
6040,2018-11-21,224000.0,2018-11-12,,,
6041,2018-12-06,225000.0,2018-11-12,,,
6042,2019-03-28,224000.0,2018-11-12,,,
6043,2020-03-19,222000.0,2018-11-12,,,
6044,2021-04-01,220000.0,2018-11-12,,,
6045,2022-04-07,234000.0,2018-11-12,,,
6046,2023-04-06,225000.0,2018-11-12,,,
6047,2018-11-29,234000.0,2018-11-19,,,
6048,2018-12-06,235000.0,2018-11-19,,,
6049,2019-03-28,234000.0,2018-11-19,,,
6050,2020-03-19,232000.0,2018-11-19,,,
6051,2021-04-01,230000.0,2018-11-19,,,
6052,2022-04-07,244000.0,2018-11-19,,,
6053,2023-04-06,237000.0,2018-11-19,,,
6054,2018-12-06,231000.0,2018-11-26,,,
6055,2018-12-13,233000.0,2018-11-26,,,
6056,2019-03-28,229000.0,2018-11-26,,,
6057,2020-03-19,232000.0,2018-11-26,,,
6058,2021-04-01,225000.0,2018-11-26,,,
6059,2022-04-07,240000.0,2018-11-26,,,
6060,2023-04-06,232000.0,2018-11-26,,,
6061,2018-12-13,206000.0,2018-12-03,,,
6062,2019-03-28,213000.0,2018-12-03,,,
6063,2020-03-19,203000.0,2018-12-03,,,
6064,2022-04-07,209000.0,2018-12-03,,,
6065,2023-04-06,208000.0,2018-12-03,,,
6066,2018-12-20,214000.0,2018-12-10,,,
6067,2018-12-27,217000.0,2018-12-10,,,
6068,2019-03-28,220000.0,2018-12-10,,,
6069,2020-03-19,216000.0,2018-12-10,,,
6070,2021-04-01,214000.0,2018-12-10,,,
6071,2022-04-07,219000.0,2018-12-10,,,
6072,2023-04-06,217000.0,2018-12-10,,,
6073,2018-12-27,216000.0,2018-12-17,,,
6074,2019-01-03,221000.0,2018-12-17,,,
6075,2019-03-28,223000.0,2018-12-17,,,
6076,2020-03-19,219000.0,2018-12-17,,,
6077,2021-04-01,220000.0,2018-12-17,,,
6078,2022-04-07,230000.0,2018-12-17,,,
6079,2023-04-06,228000.0,2018-12-17,,,
6080,2019-01-03,231000.0,2018-12-24,,,
6081,2019-01-10,233000.0,2018-12-24,,,
6082,2019-03-28,231000.0,2018-12-24,,,
6083,2020-03-19,228000.0,2018-12-24,,,
6084,2021-04-01,226000.0,2018-12-24,,,
6085,2022-04-07,237000.0,2018-12-24,,,
6086,2023-04-06,238000.0,2018-12-24,,,
6087,2019-01-10,216000.0,2018-12-31,,,
6088,2019-03-28,221000.0,2018-12-31,,,
6089,2020-03-19,220000.0,2018-12-31,,,
6090,2021-04-01,218000.0,2018-12-31,,,
6091,2022-04-07,222000.0,2018-12-31,,,
6092,2023-04-06,226000.0,2018-12-31,,,
6093,2024-03-21,225000.0,2018-12-31,,,
6094,2019-01-17,213000.0,2019-01-07,,,
6095,2019-01-24,212000.0,2019-01-07,,,
6096,2019-03-28,217000.0,2019-01-07,,,
6097,2020-03-19,216000.0,2019-01-07,,,
6098,2021-04-01,215000.0,2019-01-07,,,
6099,2022-04-07,211000.0,2019-01-07,,,
6100,2023-04-06,217000.0,2019-01-07,,,
6101,2024-03-21,218000.0,2019-01-07,,,
6102,2019-01-24,199000.0,2019-01-14,,,
6103,2019-01-31,200000.0,2019-01-14,,,
6104,2019-03-28,211000.0,2019-01-14,,,
6105,2020-03-19,209000.0,2019-01-14,,,
6106,2021-04-01,211000.0,2019-01-14,,,
6107,2022-04-07,205000.0,2019-01-14,,,
6108,2023-04-06,213000.0,2019-01-14,,,
6109,2024-03-21,214000.0,2019-01-14,,,
6110,2019-01-31,253000.0,2019-01-21,,,
6111,2019-03-28,244000.0,2019-01-21,,,
6112,2020-03-19,236000.0,2019-01-21,,,
6113,2022-04-07,227000.0,2019-01-21,,,
6114,2023-04-06,235000.0,2019-01-21,,,
6115,2024-03-21,234000.0,2019-01-21,,,
6116,2019-02-07,234000.0,2019-01-28,,,
6117,2019-02-14,235000.0,2019-01-28,,,
6118,2019-03-28,230000.0,2019-01-28,,,
6119,2021-04-01,233000.0,2019-01-28,,,
6120,2022-04-07,220000.0,2019-01-28,,,
6121,2023-04-06,235000.0,2019-01-28,,,
6122,2024-03-21,232000.0,2019-01-28,,,
6123,2019-02-14,239000.0,2019-02-04,,,
6124,2019-03-28,231000.0,2019-02-04,,,
6125,2020-03-19,228000.0,2019-02-04,,,
6126,2021-04-01,232000.0,2019-02-04,,,
6127,2022-04-07,213000.0,2019-02-04,,,
6128,2023-04-06,231000.0,2019-02-04,,,
6129,2024-03-21,226000.0,2019-02-04,,,
6130,2019-02-21,216000.0,2019-02-11,,,
6131,2019-02-28,217000.0,2019-02-11,,,
6132,2019-03-28,213000.0,2019-02-11,,,
6133,2020-03-19,218000.0,2019-02-11,,,
6134,2022-04-07,199000.0,2019-02-11,,,
6135,2023-04-06,215000.0,2019-02-11,,,
6136,2024-03-21,211000.0,2019-02-11,,,
6137,2019-02-28,225000.0,2019-02-18,,,
6138,2019-03-07,226000.0,2019-02-18,,,
6139,2019-03-28,224000.0,2019-02-18,,,
6140,2021-04-01,223000.0,2019-02-18,,,
6141,2022-04-07,204000.0,2019-02-18,,,
6142,2023-04-06,225000.0,2019-02-18,,,
6143,2024-03-21,221000.0,2019-02-18,,,
6144,2019-03-07,223000.0,2019-02-25,,,
6145,2019-03-28,218000.0,2019-02-25,,,
6146,2020-03-19,220000.0,2019-02-25,,,
6147,2022-04-07,200000.0,2019-02-25,,,
6148,2023-04-06,223000.0,2019-02-25,,,
6149,2024-03-21,216000.0,2019-02-25,,,
6150,2019-03-14,229000.0,2019-03-04,,,
6151,2019-03-21,230000.0,2019-03-04,,,
6152,2019-03-28,224000.0,2019-03-04,,,
6153,2021-04-01,225000.0,2019-03-04,,,
6154,2022-04-07,201000.0,2019-03-04,,,
6155,2023-04-06,225000.0,2019-03-04,,,
6156,2024-03-21,218000.0,2019-03-04,,,
6157,2019-03-21,221000.0,2019-03-11,,,
6158,2019-03-28,216000.0,2019-03-11,,,
6159,2020-03-19,219000.0,2019-03-11,,,
6160,2021-04-01,218000.0,2019-03-11,,,
6161,2022-04-07,182000.0,2019-03-11,,,
6162,2023-04-06,218000.0,2019-03-11,,,
6163,2024-03-21,212000.0,2019-03-11,,,
6164,2019-03-28,211000.0,2019-03-18,,,
6165,2019-04-04,212000.0,2019-03-18,,,
6166,2020-03-19,215000.0,2019-03-18,,,
6167,2022-04-07,184000.0,2019-03-18,,,
6168,2023-04-06,217000.0,2019-03-18,,,
6169,2024-03-21,210000.0,2019-03-18,,,
6170,2019-04-04,202000.0,2019-03-25,,,
6171,2019-04-11,204000.0,2019-03-25,,,
6172,2020-03-19,211000.0,2019-03-25,,,
6173,2022-04-07,173000.0,2019-03-25,,,
6174,2023-04-06,206000.0,2019-03-25,,,
6175,2024-03-21,203000.0,2019-03-25,,,
6176,2019-04-11,196000.0,2019-04-01,,,
6177,2019-04-18,197000.0,2019-04-01,,,
6178,2020-03-19,203000.0,2019-04-01,,,
6179,2022-04-07,173000.0,2019-04-01,,,
6180,2023-04-06,203000.0,2019-04-01,,,
6181,2024-03-21,196000.0,2019-04-01,,,
6182,2019-04-18,192000.0,2019-04-08,,,
6183,2019-04-25,193000.0,2019-04-08,,,
6184,2020-03-19,203000.0,2019-04-08,,,
6185,2022-04-07,183000.0,2019-04-08,,,
6186,2023-04-06,205000.0,2019-04-08,,,
6187,2024-03-21,197000.0,2019-04-08,,,
6188,2019-04-25,230000.0,2019-04-15,,,
6189,2020-03-19,226000.0,2019-04-15,,,
6190,2021-04-01,224000.0,2019-04-15,,,
6191,2022-04-07,200000.0,2019-04-15,,,
6192,2023-04-06,224000.0,2019-04-15,,,
6193,2024-03-21,222000.0,2019-04-15,,,
6194,2019-05-02,230000.0,2019-04-22,,,
6195,2022-04-07,210000.0,2019-04-22,,,
6196,2023-04-06,225000.0,2019-04-22,,,
6197,2024-03-21,224000.0,2019-04-22,,,
6198,2019-05-09,228000.0,2019-04-29,,,
6199,2020-03-19,225000.0,2019-04-29,,,
6200,2022-04-07,214000.0,2019-04-29,,,
6201,2023-04-06,226000.0,2019-04-29,,,
6202,2024-03-21,225000.0,2019-04-29,,,
6203,2019-05-16,212000.0,2019-05-06,,,
6204,2020-03-19,217000.0,2019-05-06,,,
6205,2021-04-01,216000.0,2019-05-06,,,
6206,2022-04-07,210000.0,2019-05-06,,,
6207,2023-04-06,215000.0,2019-05-06,,,
6208,2024-03-21,212000.0,2019-05-06,,,
6209,2019-05-23,211000.0,2019-05-13,,,
6210,2019-05-30,212000.0,2019-05-13,,,
6211,2020-03-19,213000.0,2019-05-13,,,
6212,2024-03-21,215000.0,2019-05-13,,,
6213,2019-05-30,215000.0,2019-05-20,,,
6214,2019-06-06,218000.0,2019-05-20,,,
6215,2022-04-07,222000.0,2019-05-20,,,
6216,2023-04-06,221000.0,2019-05-20,,,
6217,2024-03-21,222000.0,2019-05-20,,,
6218,2019-06-06,218000.0,2019-05-27,,,
6219,2019-06-13,219000.0,2019-05-27,,,
6220,2020-03-19,220000.0,2019-05-27,,,
6221,2022-04-07,229000.0,2019-05-27,,,
6222,2023-04-06,223000.0,2019-05-27,,,
6223,2019-06-13,222000.0,2019-06-03,,,
6224,2019-07-03,,2019-06-03,,,
6225,2019-07-11,222000.0,2019-06-03,,,
6226,2020-03-19,220000.0,2019-06-03,,,
6227,2022-04-07,237000.0,2019-06-03,,,
6228,2023-04-06,226000.0,2019-06-03,,,
6229,2019-06-20,216000.0,2019-06-10,,,
6230,2019-06-27,217000.0,2019-06-10,,,
6231,2020-03-19,219000.0,2019-06-10,,,
6232,2022-04-07,231000.0,2019-06-10,,,
6233,2023-04-06,218000.0,2019-06-10,,,
6234,2024-03-21,217000.0,2019-06-10,,,
6235,2019-06-27,227000.0,2019-06-17,,,
6236,2019-07-03,229000.0,2019-06-17,,,
6237,2020-03-19,224000.0,2019-06-17,,,
6238,2022-04-07,242000.0,2019-06-17,,,
6239,2023-04-06,226000.0,2019-06-17,,,
6240,2024-03-21,234000.0,2019-06-17,,,
6241,2019-07-03,221000.0,2019-06-24,,,
6242,2019-07-11,222000.0,2019-06-24,,,
6243,2021-04-01,223000.0,2019-06-24,,,
6244,2022-04-07,240000.0,2019-06-24,,,
6245,2023-04-06,223000.0,2019-06-24,,,
6246,2024-03-21,226000.0,2019-06-24,,,
6247,2019-07-11,209000.0,2019-07-01,,,
6248,2019-07-18,208000.0,2019-07-01,,,
6249,2020-03-19,211000.0,2019-07-01,,,
6250,2021-04-01,205000.0,2019-07-01,,,
6251,2022-04-07,230000.0,2019-07-01,,,
6252,2023-04-06,213000.0,2019-07-01,,,
6253,2024-03-21,215000.0,2019-07-01,,,
6254,2019-07-18,216000.0,2019-07-08,,,
6255,2020-03-19,217000.0,2019-07-08,,,
6256,2022-04-07,231000.0,2019-07-08,,,
6257,2023-04-06,210000.0,2019-07-08,,,
6258,2024-03-21,211000.0,2019-07-08,,,
6259,2019-07-25,206000.0,2019-07-15,,,
6260,2019-08-01,207000.0,2019-07-15,,,
6261,2020-03-19,211000.0,2019-07-15,,,
6262,2021-04-01,210000.0,2019-07-15,,,
6263,2022-04-07,216000.0,2019-07-15,,,
6264,2023-04-06,198000.0,2019-07-15,,,
6265,2024-03-21,202000.0,2019-07-15,,,
6266,2019-08-01,215000.0,2019-07-22,,,
6267,2019-08-08,217000.0,2019-07-22,,,
6268,2020-03-19,216000.0,2019-07-22,,,
6269,2022-04-07,220000.0,2019-07-22,,,
6270,2023-04-06,200000.0,2019-07-22,,,
6271,2024-03-21,206000.0,2019-07-22,,,
6272,2019-08-08,209000.0,2019-07-29,,,
6273,2019-08-15,211000.0,2019-07-29,,,
6274,2020-03-19,214000.0,2019-07-29,,,
6275,2022-04-07,227000.0,2019-07-29,,,
6276,2023-04-06,205000.0,2019-07-29,,,
6277,2024-03-21,208000.0,2019-07-29,,,
6278,2019-08-15,220000.0,2019-08-05,,,
6279,2019-08-22,221000.0,2019-08-05,,,
6280,2020-03-19,218000.0,2019-08-05,,,
6281,2022-04-07,236000.0,2019-08-05,,,
6282,2023-04-06,208000.0,2019-08-05,,,
6283,2024-03-21,212000.0,2019-08-05,,,
6284,2019-08-22,209000.0,2019-08-12,,,
6285,2019-08-29,211000.0,2019-08-12,,,
6286,2020-03-19,215000.0,2019-08-12,,,
6287,2021-04-01,214000.0,2019-08-12,,,
6288,2022-04-07,222000.0,2019-08-12,,,
6289,2023-04-06,204000.0,2019-08-12,,,
6290,2024-03-21,207000.0,2019-08-12,,,
6291,2019-08-29,215000.0,2019-08-19,,,
6292,2019-09-05,216000.0,2019-08-19,,,
6293,2020-03-19,215000.0,2019-08-19,,,
6294,2022-04-07,231000.0,2019-08-19,,,
6295,2023-04-06,210000.0,2019-08-19,,,
6296,2024-03-21,213000.0,2019-08-19,,,
6297,2019-09-05,217000.0,2019-08-26,,,
6298,2019-09-12,219000.0,2019-08-26,,,
6299,2021-04-01,218000.0,2019-08-26,,,
6300,2022-04-07,224000.0,2019-08-26,,,
6301,2023-04-06,207000.0,2019-08-26,,,
6302,2024-03-21,215000.0,2019-08-26,,,
6303,2019-09-12,204000.0,2019-09-02,,,
6304,2019-09-19,206000.0,2019-09-02,,,
6305,2020-03-19,208000.0,2019-09-02,,,
6306,2022-04-07,217000.0,2019-09-02,,,
6307,2023-04-06,197000.0,2019-09-02,,,
6308,2024-03-21,207000.0,2019-09-02,,,
6309,2019-09-19,208000.0,2019-09-09,,,
6310,2019-09-26,210000.0,2019-09-09,,,
6311,2020-03-19,211000.0,2019-09-09,,,
6312,2022-04-07,215000.0,2019-09-09,,,
6313,2023-04-06,206000.0,2019-09-09,,,
6314,2024-03-21,205000.0,2019-09-09,,,
6315,2019-09-26,213000.0,2019-09-16,,,
6316,2019-10-03,215000.0,2019-09-16,,,
6317,2022-04-07,218000.0,2019-09-16,,,
6318,2023-04-06,203000.0,2019-09-16,,,
6319,2024-03-21,211000.0,2019-09-16,,,
6320,2019-10-03,219000.0,2019-09-23,,,
6321,2019-10-10,220000.0,2019-09-23,,,
6322,2020-03-19,218000.0,2019-09-23,,,
6323,2021-04-01,217000.0,2019-09-23,,,
6324,2022-04-07,224000.0,2019-09-23,,,
6325,2023-04-06,209000.0,2019-09-23,,,
6326,2024-03-21,215000.0,2019-09-23,,,
6327,2019-10-10,210000.0,2019-09-30,,,
6328,2020-03-19,212000.0,2019-09-30,,,
6329,2022-04-07,224000.0,2019-09-30,,,
6330,2023-04-06,209000.0,2019-09-30,,,
6331,2019-10-17,214000.0,2019-10-07,,,
6332,2019-10-24,218000.0,2019-10-07,,,
6333,2021-04-01,217000.0,2019-10-07,,,
6334,2022-04-07,226000.0,2019-10-07,,,
6335,2023-04-06,210000.0,2019-10-07,,,
6336,2024-03-21,215000.0,2019-10-07,,,
6337,2019-10-24,212000.0,2019-10-14,,,
6338,2019-10-31,213000.0,2019-10-14,,,
6339,2021-04-01,212000.0,2019-10-14,,,
6340,2022-04-07,222000.0,2019-10-14,,,
6341,2023-04-06,211000.0,2019-10-14,,,
6342,2024-03-21,210000.0,2019-10-14,,,
6343,2019-10-31,218000.0,2019-10-21,,,
6344,2019-11-07,219000.0,2019-10-21,,,
6345,2020-03-19,217000.0,2019-10-21,,,
6346,2021-04-01,216000.0,2019-10-21,,,
6347,2022-04-07,230000.0,2019-10-21,,,
6348,2023-04-06,217000.0,2019-10-21,,,
6349,2024-03-21,215000.0,2019-10-21,,,
6350,2019-11-07,211000.0,2019-10-28,,,
6351,2020-03-19,212000.0,2019-10-28,,,
6352,2021-04-01,211000.0,2019-10-28,,,
6353,2022-04-07,224000.0,2019-10-28,,,
6354,2023-04-06,213000.0,2019-10-28,,,
6355,2024-03-21,214000.0,2019-10-28,,,
6356,2019-11-14,225000.0,2019-11-04,,,
6357,2019-11-21,227000.0,2019-11-04,,,
6358,2020-03-19,222000.0,2019-11-04,,,
6359,2022-04-07,239000.0,2019-11-04,,,
6360,2023-04-06,228000.0,2019-11-04,,,
6361,2024-03-21,227000.0,2019-11-04,,,
6362,2019-11-21,227000.0,2019-11-11,,,
6363,2019-11-27,228000.0,2019-11-11,,,
6364,2020-03-19,223000.0,2019-11-11,,,
6365,2021-04-01,221000.0,2019-11-11,,,
6366,2022-04-07,240000.0,2019-11-11,,,
6367,2023-04-06,227000.0,2019-11-11,,,
6368,2024-03-21,229000.0,2019-11-11,,,
6369,2019-11-27,213000.0,2019-11-18,,,
6370,2020-03-19,211000.0,2019-11-18,,,
6371,2021-04-01,215000.0,2019-11-18,,,
6372,2022-04-07,224000.0,2019-11-18,,,
6373,2023-04-06,220000.0,2019-11-18,,,
6374,2024-03-21,221000.0,2019-11-18,,,
6375,2019-12-05,203000.0,2019-11-25,,,
6376,2020-03-19,206000.0,2019-11-25,,,
6377,2021-04-01,219000.0,2019-11-25,,,
6378,2022-04-07,221000.0,2019-11-25,,,
6379,2023-04-06,229000.0,2019-11-25,,,
6380,2024-03-21,231000.0,2019-11-25,,,
6381,2019-12-12,252000.0,2019-12-02,,,
6382,2020-03-19,237000.0,2019-12-02,,,
6383,2021-04-01,238000.0,2019-12-02,,,
6384,2022-04-07,251000.0,2019-12-02,,,
6385,2023-04-06,248000.0,2019-12-02,,,
6386,2024-03-21,247000.0,2019-12-02,,,
6387,2019-12-19,234000.0,2019-12-09,,,
6388,2019-12-26,235000.0,2019-12-09,,,
6389,2020-03-19,229000.0,2019-12-09,,,
6390,2021-04-01,227000.0,2019-12-09,,,
6391,2022-04-07,233000.0,2019-12-09,,,
6392,2023-04-06,230000.0,2019-12-09,,,
6393,2024-03-21,236000.0,2019-12-09,,,
6394,2019-12-26,222000.0,2019-12-16,,,
6395,2020-01-02,224000.0,2019-12-16,,,
6396,2020-03-19,218000.0,2019-12-16,,,
6397,2022-04-07,233000.0,2019-12-16,,,
6398,2023-04-06,231000.0,2019-12-16,,,
6399,2024-03-21,230000.0,2019-12-16,,,
6400,2020-01-02,222000.0,2019-12-23,,,
6401,2020-01-09,223000.0,2019-12-23,,,
6402,2020-03-19,220000.0,2019-12-23,,,
6403,2021-04-01,218000.0,2019-12-23,,,
6404,2022-04-07,235000.0,2019-12-23,,,
6405,2023-04-06,233000.0,2019-12-23,,,
6406,2024-03-21,231000.0,2019-12-23,,,
6407,2020-01-09,214000.0,2019-12-30,,,
6408,2020-03-19,212000.0,2019-12-30,,,
6409,2021-04-01,210000.0,2019-12-30,,,
6410,2022-04-07,217000.0,2019-12-30,,,
6411,2023-04-06,222000.0,2019-12-30,,,
6412,2025-03-27,224000.0,2019-12-30,,,
6413,2020-01-16,204000.0,2020-01-06,,,
6414,2020-01-23,205000.0,2020-01-06,,,
6415,2020-03-19,207000.0,2020-01-06,,,
6416,2021-04-01,206000.0,2020-01-06,,,
6417,2022-04-07,203000.0,2020-01-06,,,
6418,2023-04-06,209000.0,2020-01-06,,,
6419,2024-03-21,207000.0,2020-01-06,,,
6420,2020-01-23,211000.0,2020-01-13,,,
6421,2020-01-30,223000.0,2020-01-13,,,
6422,2020-03-19,220000.0,2020-01-13,,,
6423,2021-04-01,219000.0,2020-01-13,,,
6424,2022-04-07,211000.0,2020-01-13,,,
6425,2023-04-06,221000.0,2020-01-13,,,
6426,2020-01-30,216000.0,2020-01-20,,,
6427,2020-02-06,217000.0,2020-01-20,,,
6428,2020-03-19,212000.0,2020-01-20,,,
6429,2021-04-01,210000.0,2020-01-20,,,
6430,2022-04-07,200000.0,2020-01-20,,,
6431,2023-04-06,210000.0,2020-01-20,,,
6432,2024-03-21,208000.0,2020-01-20,,,
6433,2025-03-27,210000.0,2020-01-20,,,
6434,2020-02-06,202000.0,2020-01-27,,,
6435,2020-02-13,203000.0,2020-01-27,,,
6436,2020-03-19,201000.0,2020-01-27,,,
6437,2021-04-01,205000.0,2020-01-27,,,
6438,2022-04-07,191000.0,2020-01-27,,,
6439,2023-04-06,208000.0,2020-01-27,,,
6440,2024-03-21,205000.0,2020-01-27,,,
6441,2025-03-27,207000.0,2020-01-27,,,
6442,2020-02-13,205000.0,2020-02-03,,,
6443,2020-02-20,206000.0,2020-02-03,,,
6444,2020-03-19,204000.0,2020-02-03,,,
6445,2021-04-01,207000.0,2020-02-03,,,
6446,2022-04-07,186000.0,2020-02-03,,,
6447,2023-04-06,207000.0,2020-02-03,,,
6448,2024-03-21,202000.0,2020-02-03,,,
6449,2020-02-20,210000.0,2020-02-10,,,
6450,2020-02-27,211000.0,2020-02-10,,,
6451,2020-03-19,215000.0,2020-02-10,,,
6452,2022-04-07,190000.0,2020-02-10,,,
6453,2023-04-06,210000.0,2020-02-10,,,
6454,2024-03-21,207000.0,2020-02-10,,,
6455,2025-03-27,209000.0,2020-02-10,,,
6456,2020-02-27,219000.0,2020-02-17,,,
6457,2020-03-19,220000.0,2020-02-17,,,
6458,2021-04-01,218000.0,2020-02-17,,,
6459,2022-04-07,196000.0,2020-02-17,,,
6460,2023-04-06,222000.0,2020-02-17,,,
6461,2024-03-21,217000.0,2020-02-17,,,
6462,2025-03-27,218000.0,2020-02-17,,,
6463,2020-03-05,216000.0,2020-02-24,,,
6464,2020-03-12,215000.0,2020-02-24,,,
6465,2020-03-19,217000.0,2020-02-24,,,
6466,2021-04-01,216000.0,2020-02-24,,,
6467,2022-04-07,190000.0,2020-02-24,,,
6468,2023-04-06,219000.0,2020-02-24,,,
6469,2024-03-21,213000.0,2020-02-24,,,
6470,2025-03-27,215000.0,2020-02-24,,,
6471,2020-03-12,211000.0,2020-03-02,,,
6472,2021-04-01,212000.0,2020-03-02,,,
6473,2022-04-07,186000.0,2020-03-02,,,
6474,2023-04-06,213000.0,2020-03-02,,,
6475,2024-03-21,207000.0,2020-03-02,,,
6476,2025-03-27,208000.0,2020-03-02,,,
6477,2020-03-19,281000.0,2020-03-09,,,
6478,2020-03-26,282000.0,2020-03-09,,,
6479,2021-04-01,256000.0,2020-03-09,,,
6480,2022-04-07,221000.0,2020-03-09,,,
6481,2023-04-06,278000.0,2020-03-09,,,
6482,2024-03-21,271000.0,2020-03-09,,,
6483,2025-03-27,273000.0,2020-03-09,,,
6484,2020-03-26,3283000.0,2020-03-16,,,
6485,2020-04-02,3307000.0,2020-03-16,,,
6486,2021-04-01,2923000.0,2020-03-16,,,
6487,2022-04-07,2914000.0,2020-03-16,,,
6488,2020-04-02,6648000.0,2020-03-23,,,
6489,2020-04-09,6867000.0,2020-03-23,,,
6490,2021-04-01,5985000.0,2020-03-23,,,
6491,2022-04-07,5946000.0,2020-03-23,,,
6492,2020-04-09,6606000.0,2020-03-30,,,
6493,2020-04-16,6615000.0,2020-03-30,,,
6494,2021-04-01,6149000.0,2020-03-30,,,
6495,2022-04-07,6137000.0,2020-03-30,,,
6496,2020-04-16,5245000.0,2020-04-06,,,
6497,2020-04-23,5237000.0,2020-04-06,,,
6498,2021-04-01,4869000.0,2020-04-06,,,
6499,2020-04-23,4427000.0,2020-04-13,,,
6500,2020-04-30,4442000.0,2020-04-13,,,
6501,2021-04-01,4202000.0,2020-04-13,,,
6502,2022-04-07,4201000.0,2020-04-13,,,
6503,2020-04-30,3839000.0,2020-04-20,,,
6504,2020-05-07,3846000.0,2020-04-20,,,
6505,2020-05-14,3867000.0,2020-04-20,,,
6506,2021-04-01,3451000.0,2020-04-20,,,
6507,2022-04-07,3446000.0,2020-04-20,,,
6508,2020-05-07,3169000.0,2020-04-27,,,
6509,2020-05-14,3176000.0,2020-04-27,,,
6510,2021-04-01,2784000.0,2020-04-27,,,
6511,2022-04-07,2796000.0,2020-04-27,,,
6512,2020-05-14,2981000.0,2020-05-04,,,
6513,2020-05-21,2687000.0,2020-05-04,,,
6514,2021-04-01,2315000.0,2020-05-04,,,
6515,2022-04-07,2335000.0,2020-05-04,,,
6516,2020-05-21,2438000.0,2020-05-11,,,
6517,2020-05-28,2446000.0,2020-05-11,,,
6518,2021-04-01,2149000.0,2020-05-11,,,
6519,2022-04-07,2176000.0,2020-05-11,,,
6520,2020-05-28,2123000.0,2020-05-18,,,
6521,2020-06-04,2126000.0,2020-05-18,,,
6522,2020-06-11,2123000.0,2020-05-18,,,
6523,2021-04-01,1887000.0,2020-05-18,,,
6524,2022-04-07,1921000.0,2020-05-18,,,
6525,2020-06-04,1877000.0,2020-05-25,,,
6526,2020-06-11,1897000.0,2020-05-25,,,
6527,2021-04-01,1605000.0,2020-05-25,,,
6528,2022-04-07,1639000.0,2020-05-25,,,
6529,2020-06-11,1542000.0,2020-06-01,,,
6530,2020-06-18,1566000.0,2020-06-01,,,
6531,2021-04-01,1537000.0,2020-06-01,,,
6532,2022-04-07,1575000.0,2020-06-01,,,
6533,2020-06-18,1508000.0,2020-06-08,,,
6534,2020-06-25,1540000.0,2020-06-08,,,
6535,2021-04-01,1472000.0,2020-06-08,,,
6536,2022-04-07,1473000.0,2020-06-08,,,
6537,2020-06-25,1480000.0,2020-06-15,,,
6538,2020-07-02,1482000.0,2020-06-15,,,
6539,2021-04-01,1460000.0,2020-06-15,,,
6540,2022-04-07,1467000.0,2020-06-15,,,
6541,2020-07-02,1427000.0,2020-06-22,,,
6542,2020-07-09,1413000.0,2020-06-22,,,
6543,2020-07-16,1408000.0,2020-06-22,,,
6544,2021-04-01,1436000.0,2020-06-22,,,
6545,2022-04-07,1446000.0,2020-06-22,,,
6546,2020-07-09,1314000.0,2020-06-29,,,
6547,2020-07-16,1310000.0,2020-06-29,,,
6548,2021-04-01,1398000.0,2020-06-29,,,
6549,2022-04-07,1413000.0,2020-06-29,,,
6550,2020-07-16,1300000.0,2020-07-06,,,
6551,2020-07-23,1307000.0,2020-07-06,,,
6552,2020-07-30,1308000.0,2020-07-06,,,
6553,2021-04-01,1479000.0,2020-07-06,,,
6554,2022-04-07,1468000.0,2020-07-06,,,
6555,2020-07-23,1416000.0,2020-07-13,,,
6556,2020-07-30,1422000.0,2020-07-13,,,
6557,2021-04-01,1398000.0,2020-07-13,,,
6558,2022-04-07,1393000.0,2020-07-13,,,
6559,2020-07-30,1434000.0,2020-07-20,,,
6560,2020-08-06,1435000.0,2020-07-20,,,
6561,2021-04-01,1262000.0,2020-07-20,,,
6562,2022-04-07,1260000.0,2020-07-20,,,
6563,2020-08-06,1186000.0,2020-07-27,,,
6564,2020-08-13,1191000.0,2020-07-27,,,
6565,2021-04-01,1043000.0,2020-07-27,,,
6566,2022-04-07,1044000.0,2020-07-27,,,
6567,2020-08-13,963000.0,2020-08-03,,,
6568,2020-08-20,971000.0,2020-08-03,,,
6569,2021-04-01,883000.0,2020-08-03,,,
6570,2022-04-07,884000.0,2020-08-03,,,
6571,2020-08-20,1106000.0,2020-08-10,,,
6572,2020-08-27,1104000.0,2020-08-10,,,
6573,2021-04-01,920000.0,2020-08-10,,,
6574,2022-04-07,927000.0,2020-08-10,,,
6575,2020-08-27,1006000.0,2020-08-17,,,
6576,2020-09-03,1011000.0,2020-08-17,,,
6577,2021-04-01,872000.0,2020-08-17,,,
6578,2022-04-07,876000.0,2020-08-17,,,
6579,2020-09-03,881000.0,2020-08-24,,,
6580,2020-09-10,884000.0,2020-08-24,,,
6581,2021-04-01,875000.0,2020-08-24,,,
6582,2022-04-07,881000.0,2020-08-24,,,
6583,2020-09-10,884000.0,2020-08-31,,,
6584,2020-09-17,893000.0,2020-08-31,,,
6585,2021-04-01,881000.0,2020-08-31,,,
6586,2022-04-07,892000.0,2020-08-31,,,
6587,2020-09-17,860000.0,2020-09-07,,,
6588,2020-09-24,866000.0,2020-09-07,,,
6589,2021-04-01,860000.0,2020-09-07,,,
6590,2022-04-07,861000.0,2020-09-07,,,
6591,2020-09-24,870000.0,2020-09-14,,,
6592,2020-10-01,873000.0,2020-09-14,,,
6593,2021-04-01,860000.0,2020-09-14,,,
6594,2022-04-07,859000.0,2020-09-14,,,
6595,2020-10-01,837000.0,2020-09-21,,,
6596,2020-10-08,849000.0,2020-09-21,,,
6597,2021-04-01,803000.0,2020-09-21,,,
6598,2022-04-07,795000.0,2020-09-21,,,
6599,2020-10-08,840000.0,2020-09-28,,,
6600,2020-10-15,845000.0,2020-09-28,,,
6601,2020-10-22,767000.0,2020-09-28,,,
6602,2021-04-01,782000.0,2020-09-28,,,
6603,2022-04-07,785000.0,2020-09-28,,,
6604,2020-10-15,898000.0,2020-10-05,,,
6605,2020-10-22,842000.0,2020-10-05,,,
6606,2021-04-01,833000.0,2020-10-05,,,
6607,2022-04-07,839000.0,2020-10-05,,,
6608,2020-10-22,787000.0,2020-10-12,,,
6609,2020-10-29,791000.0,2020-10-12,,,
6610,2020-11-05,797000.0,2020-10-12,,,
6611,2021-04-01,798000.0,2020-10-12,,,
6612,2022-04-07,804000.0,2020-10-12,,,
6613,2020-10-29,751000.0,2020-10-19,,,
6614,2020-11-05,758000.0,2020-10-19,,,
6615,2021-04-01,768000.0,2020-10-19,,,
6616,2022-04-07,776000.0,2020-10-19,,,
6617,2020-11-05,751000.0,2020-10-26,,,
6618,2020-11-12,757000.0,2020-10-26,,,
6619,2021-04-01,765000.0,2020-10-26,,,
6620,2022-04-07,773000.0,2020-10-26,,,
6621,2020-11-12,709000.0,2020-11-02,,,
6622,2020-11-19,711000.0,2020-11-02,,,
6623,2021-04-01,728000.0,2020-11-02,,,
6624,2022-04-07,737000.0,2020-11-02,,,
6625,2020-11-19,742000.0,2020-11-09,,,
6626,2020-11-25,748000.0,2020-11-09,,,
6627,2021-04-01,732000.0,2020-11-09,,,
6628,2022-04-07,738000.0,2020-11-09,,,
6629,2020-11-25,778000.0,2020-11-16,,,
6630,2020-12-03,787000.0,2020-11-16,,,
6631,2021-04-01,762000.0,2020-11-16,,,
6632,2022-04-07,793000.0,2020-11-16,,,
6633,2020-12-03,712000.0,2020-11-23,,,
6634,2020-12-10,716000.0,2020-11-23,,,
6635,2021-04-01,719000.0,2020-11-23,,,
6636,2022-04-07,737000.0,2020-11-23,,,
6637,2020-12-10,853000.0,2020-11-30,,,
6638,2020-12-17,862000.0,2020-11-30,,,
6639,2021-04-01,853000.0,2020-11-30,,,
6640,2022-04-07,873000.0,2020-11-30,,,
6641,2020-12-17,885000.0,2020-12-07,,,
6642,2020-12-23,892000.0,2020-12-07,,,
6643,2021-04-01,873000.0,2020-12-07,,,
6644,2022-04-07,886000.0,2020-12-07,,,
6645,2020-12-23,803000.0,2020-12-14,,,
6646,2020-12-31,806000.0,2020-12-14,,,
6647,2021-04-01,803000.0,2020-12-14,,,
6648,2022-04-07,815000.0,2020-12-14,,,
6649,2020-12-31,787000.0,2020-12-21,,,
6650,2021-01-07,790000.0,2020-12-21,,,
6651,2021-01-14,782000.0,2020-12-21,,,
6652,2021-04-01,763000.0,2020-12-21,,,
6653,2022-04-07,773000.0,2020-12-21,,,
6654,2021-01-07,787000.0,2020-12-28,,,
6655,2021-01-14,784000.0,2020-12-28,,,
6656,2021-04-01,781000.0,2020-12-28,,,
6657,2022-04-07,803000.0,2020-12-28,,,
6658,2021-01-14,965000.0,2021-01-04,,,
6659,2021-01-21,926000.0,2021-01-04,,,
6660,2021-01-28,927000.0,2021-01-04,,,
6661,2021-04-01,904000.0,2021-01-04,,,
6662,2022-04-07,890000.0,2021-01-04,,,
6663,2021-01-21,900000.0,2021-01-11,,,
6664,2021-01-28,914000.0,2021-01-11,,,
6665,2021-02-04,875000.0,2021-01-11,,,
6666,2021-04-01,886000.0,2021-01-11,,,
6667,2022-04-07,844000.0,2021-01-11,,,
6668,2021-01-28,847000.0,2021-01-18,,,
6669,2021-02-04,812000.0,2021-01-18,,,
6670,2021-04-01,836000.0,2021-01-18,,,
6671,2022-04-07,799000.0,2021-01-18,,,
6672,2021-02-04,779000.0,2021-01-25,,,
6673,2021-02-11,812000.0,2021-01-25,,,
6674,2021-04-01,837000.0,2021-01-25,,,
6675,2022-04-07,803000.0,2021-01-25,,,
6676,2021-02-11,793000.0,2021-02-01,,,
6677,2021-02-18,848000.0,2021-02-01,,,
6678,2021-04-01,863000.0,2021-02-01,,,
6679,2022-04-07,812000.0,2021-02-01,,,
6680,2021-02-18,861000.0,2021-02-08,,,
6681,2021-02-25,841000.0,2021-02-08,,,
6682,2021-03-04,834000.0,2021-02-08,,,
6683,2021-04-01,847000.0,2021-02-08,,,
6684,2022-04-07,802000.0,2021-02-08,,,
6685,2021-02-25,730000.0,2021-02-15,,,
6686,2021-03-04,736000.0,2021-02-15,,,
6687,2021-04-01,747000.0,2021-02-15,,,
6688,2022-04-07,702000.0,2021-02-15,,,
6689,2021-03-04,745000.0,2021-02-22,,,
6690,2021-03-11,754000.0,2021-02-22,,,
6691,2021-04-01,761000.0,2021-02-22,,,
6692,2022-04-07,704000.0,2021-02-22,,,
6693,2021-03-11,712000.0,2021-03-01,,,
6694,2021-03-18,725000.0,2021-03-01,,,
6695,2021-04-01,734000.0,2021-03-01,,,
6696,2022-04-07,693000.0,2021-03-01,,,
6697,2021-03-18,770000.0,2021-03-08,,,
6698,2021-03-25,781000.0,2021-03-08,,,
6699,2021-04-01,765000.0,2021-03-08,,,
6700,2022-04-07,699000.0,2021-03-08,,,
6701,2021-03-25,684000.0,2021-03-15,,,
6702,2021-04-01,658000.0,2021-03-15,,,
6703,2022-04-07,627000.0,2021-03-15,,,
6704,2021-04-01,719000.0,2021-03-22,,,
6705,2021-04-08,728000.0,2021-03-22,,,
6706,2021-04-15,729000.0,2021-03-22,,,
6707,2022-04-07,658000.0,2021-03-22,,,
6708,2021-04-08,744000.0,2021-03-29,,,
6709,2021-04-15,769000.0,2021-03-29,,,
6710,2021-04-22,742000.0,2021-03-29,,,
6711,2022-04-07,645000.0,2021-03-29,,,
6712,2021-04-15,576000.0,2021-04-05,,,
6713,2021-04-22,586000.0,2021-04-05,,,
6714,2022-04-07,571000.0,2021-04-05,,,
6715,2021-04-22,547000.0,2021-04-12,,,
6716,2021-04-29,566000.0,2021-04-12,,,
6717,2021-04-29,553000.0,2021-04-19,,,
6718,2021-05-06,590000.0,2021-04-19,,,
6719,2022-04-07,574000.0,2021-04-19,,,
6720,2021-05-06,498000.0,2021-04-26,,,
6721,2021-05-13,507000.0,2021-04-26,,,
6722,2022-04-07,517000.0,2021-04-26,,,
6723,2021-05-13,473000.0,2021-05-03,,,
6724,2021-05-20,478000.0,2021-05-03,,,
6725,2022-04-07,494000.0,2021-05-03,,,
6726,2021-05-20,444000.0,2021-05-10,,,
6727,2022-04-07,467000.0,2021-05-10,,,
6728,2021-05-27,406000.0,2021-05-17,,,
6729,2021-06-03,405000.0,2021-05-17,,,
6730,2022-04-07,441000.0,2021-05-17,,,
6731,2021-06-03,385000.0,2021-05-24,,,
6732,2021-06-17,388000.0,2021-05-24,,,
6733,2022-04-07,427000.0,2021-05-24,,,
6734,2021-06-10,376000.0,2021-05-31,,,
6735,2021-06-17,375000.0,2021-05-31,,,
6736,2021-06-24,374000.0,2021-05-31,,,
6737,2022-04-07,420000.0,2021-05-31,,,
6738,2021-06-17,412000.0,2021-06-07,,,
6739,2021-06-24,418000.0,2021-06-07,,,
6740,2022-04-07,429000.0,2021-06-07,,,
6741,2023-04-06,428000.0,2021-06-07,,,
6742,2021-06-24,411000.0,2021-06-14,,,
6743,2021-07-01,415000.0,2021-06-14,,,
6744,2021-07-08,416000.0,2021-06-14,,,
6745,2022-04-07,424000.0,2021-06-14,,,
6746,2023-04-06,422000.0,2021-06-14,,,
6747,2021-07-01,364000.0,2021-06-21,,,
6748,2021-07-08,371000.0,2021-06-21,,,
6749,2021-07-15,368000.0,2021-06-21,,,
6750,2022-04-07,405000.0,2021-06-21,,,
6751,2023-04-06,372000.0,2021-06-21,,,
6752,2025-03-27,369000.0,2021-06-21,,,
6753,2026-03-19,368000.0,2021-06-21,,,
6754,2021-07-08,373000.0,2021-06-28,,,
6755,2021-07-15,386000.0,2021-06-28,,,
6756,2022-04-07,403000.0,2021-06-28,,,
6757,2023-04-06,362000.0,2021-06-28,,,
6758,2024-03-21,370000.0,2021-06-28,,,
6759,2025-03-27,371000.0,2021-06-28,,,
6760,2021-07-15,360000.0,2021-07-05,,,
6761,2021-07-22,368000.0,2021-07-05,,,
6762,2022-04-07,391000.0,2021-07-05,,,
6763,2023-04-06,350000.0,2021-07-05,,,
6764,2024-03-21,339000.0,2021-07-05,,,
6765,2025-03-27,332000.0,2021-07-05,,,
6766,2026-03-19,333000.0,2021-07-05,,,
6767,2021-07-22,419000.0,2021-07-12,,,
6768,2021-07-29,424000.0,2021-07-12,,,
6769,2023-04-06,379000.0,2021-07-12,,,
6770,2024-03-21,388000.0,2021-07-12,,,
6771,2025-03-27,387000.0,2021-07-12,,,
6772,2021-07-29,400000.0,2021-07-19,,,
6773,2021-08-05,399000.0,2021-07-19,,,
6774,2022-04-07,411000.0,2021-07-19,,,
6775,2023-04-06,363000.0,2021-07-19,,,
6776,2024-03-21,381000.0,2021-07-19,,,
6777,2025-03-27,380000.0,2021-07-19,,,
6778,2021-08-05,385000.0,2021-07-26,,,
6779,2021-08-12,387000.0,2021-07-26,,,
6780,2022-04-07,414000.0,2021-07-26,,,
6781,2023-04-06,365000.0,2021-07-26,,,
6782,2024-03-21,381000.0,2021-07-26,,,
6783,2025-03-27,380000.0,2021-07-26,,,
6784,2026-03-19,379000.0,2021-07-26,,,
6785,2021-08-12,375000.0,2021-08-02,,,
6786,2021-08-19,377000.0,2021-08-02,,,
6787,2022-04-07,416000.0,2021-08-02,,,
6788,2023-04-06,351000.0,2021-08-02,,,
6789,2024-03-21,361000.0,2021-08-02,,,
6790,2021-08-19,348000.0,2021-08-09,,,
6791,2021-08-26,349000.0,2021-08-09,,,
6792,2022-04-07,405000.0,2021-08-09,,,
6793,2023-04-06,356000.0,2021-08-09,,,
6794,2024-03-21,368000.0,2021-08-09,,,
6795,2026-03-19,367000.0,2021-08-09,,,
6796,2021-08-26,353000.0,2021-08-16,,,
6797,2021-09-02,354000.0,2021-08-16,,,
6798,2022-04-07,395000.0,2021-08-16,,,
6799,2023-04-06,347000.0,2021-08-16,,,
6800,2024-03-21,360000.0,2021-08-16,,,
6801,2025-03-27,358000.0,2021-08-16,,,
6802,2021-09-02,340000.0,2021-08-23,,,
6803,2021-09-09,345000.0,2021-08-23,,,
6804,2022-04-07,381000.0,2021-08-23,,,
6805,2023-04-06,343000.0,2021-08-23,,,
6806,2024-03-21,353000.0,2021-08-23,,,
6807,2021-09-09,310000.0,2021-08-30,,,
6808,2021-09-16,312000.0,2021-08-30,,,
6809,2022-04-07,361000.0,2021-08-30,,,
6810,2023-04-06,330000.0,2021-08-30,,,
6811,2024-03-21,338000.0,2021-08-30,,,
6812,2025-03-27,337000.0,2021-08-30,,,
6813,2026-03-19,335000.0,2021-08-30,,,
6814,2021-09-16,332000.0,2021-09-06,,,
6815,2021-09-23,335000.0,2021-09-06,,,
6816,2022-04-07,363000.0,2021-09-06,,,
6817,2023-04-06,332000.0,2021-09-06,,,
6818,2024-03-21,344000.0,2021-09-06,,,
6819,2026-03-19,342000.0,2021-09-06,,,
6820,2021-09-23,351000.0,2021-09-13,,,
6821,2022-04-07,380000.0,2021-09-13,,,
6822,2023-04-06,344000.0,2021-09-13,,,
6823,2024-03-21,367000.0,2021-09-13,,,
6824,2021-09-30,362000.0,2021-09-20,,,
6825,2021-10-07,364000.0,2021-09-20,,,
6826,2022-04-07,376000.0,2021-09-20,,,
6827,2023-04-06,356000.0,2021-09-20,,,
6828,2024-03-21,369000.0,2021-09-20,,,
6829,2025-03-27,374000.0,2021-09-20,,,
6830,2026-03-19,375000.0,2021-09-20,,,
6831,2021-10-07,326000.0,2021-09-27,,,
6832,2021-10-14,329000.0,2021-09-27,,,
6833,2022-04-07,340000.0,2021-09-27,,,
6834,2023-04-06,307000.0,2021-09-27,,,
6835,2024-03-21,315000.0,2021-09-27,,,
6836,2025-03-27,314000.0,2021-09-27,,,
6837,2026-03-19,312000.0,2021-09-27,,,
6838,2021-10-14,293000.0,2021-10-04,,,
6839,2021-10-21,296000.0,2021-10-04,,,
6840,2022-04-07,317000.0,2021-10-04,,,
6841,2023-04-06,289000.0,2021-10-04,,,
6842,2024-03-21,291000.0,2021-10-04,,,
6843,2025-03-27,290000.0,2021-10-04,,,
6844,2026-03-19,291000.0,2021-10-04,,,
6845,2021-10-21,290000.0,2021-10-11,,,
6846,2021-10-28,291000.0,2021-10-11,,,
6847,2022-04-07,310000.0,2021-10-11,,,
6848,2023-04-06,288000.0,2021-10-11,,,
6849,2024-03-21,291000.0,2021-10-11,,,
6850,2025-03-27,290000.0,2021-10-11,,,
6851,2026-03-19,289000.0,2021-10-11,,,
6852,2021-10-28,281000.0,2021-10-18,,,
6853,2021-11-04,283000.0,2021-10-18,,,
6854,2022-04-07,294000.0,2021-10-18,,,
6855,2023-04-06,269000.0,2021-10-18,,,
6856,2024-03-21,268000.0,2021-10-18,,,
6857,2026-03-19,269000.0,2021-10-18,,,
6858,2021-11-04,269000.0,2021-10-25,,,
6859,2021-11-10,271000.0,2021-10-25,,,
6860,2022-04-07,280000.0,2021-10-25,,,
6861,2023-04-06,264000.0,2021-10-25,,,
6862,2024-03-21,261000.0,2021-10-25,,,
6863,2025-03-27,262000.0,2021-10-25,,,
6864,2026-03-19,261000.0,2021-10-25,,,
6865,2021-11-10,267000.0,2021-11-01,,,
6866,2021-11-18,269000.0,2021-11-01,,,
6867,2022-04-07,279000.0,2021-11-01,,,
6868,2023-04-06,257000.0,2021-11-01,,,
6869,2024-03-21,251000.0,2021-11-01,,,
6870,2021-11-18,268000.0,2021-11-08,,,
6871,2021-11-24,270000.0,2021-11-08,,,
6872,2022-04-07,265000.0,2021-11-08,,,
6873,2023-04-06,250000.0,2021-11-08,,,
6874,2024-03-21,248000.0,2021-11-08,,,
6875,2025-03-27,250000.0,2021-11-08,,,
6876,2021-11-24,199000.0,2021-11-15,,,
6877,2021-12-02,194000.0,2021-11-15,,,
6878,2022-04-07,244000.0,2021-11-15,,,
6879,2023-04-06,226000.0,2021-11-15,,,
6880,2024-03-21,223000.0,2021-11-15,,,
6881,2026-03-19,224000.0,2021-11-15,,,
6882,2021-12-02,222000.0,2021-11-22,,,
6883,2021-12-09,227000.0,2021-11-22,,,
6884,2022-04-07,240000.0,2021-11-22,,,
6885,2023-04-06,225000.0,2021-11-22,,,
6886,2024-03-21,222000.0,2021-11-22,,,
6887,2026-03-19,221000.0,2021-11-22,,,
6888,2021-12-09,184000.0,2021-11-29,,,
6889,2021-12-16,188000.0,2021-11-29,,,
6890,2022-04-07,228000.0,2021-11-29,,,
6891,2023-04-06,216000.0,2021-11-29,,,
6892,2024-03-21,208000.0,2021-11-29,,,
6893,2025-03-27,207000.0,2021-11-29,,,
6894,2026-03-19,206000.0,2021-11-29,,,
6895,2021-12-16,206000.0,2021-12-06,,,
6896,2021-12-23,205000.0,2021-12-06,,,
6897,2022-04-07,228000.0,2021-12-06,,,
6898,2023-04-06,222000.0,2021-12-06,,,
6899,2024-03-21,228000.0,2021-12-06,,,
6900,2025-03-27,227000.0,2021-12-06,,,
6901,2021-12-23,205000.0,2021-12-13,,,
6902,2021-12-30,206000.0,2021-12-13,,,
6903,2022-04-07,220000.0,2021-12-13,,,
6904,2023-04-06,217000.0,2021-12-13,,,
6905,2024-03-21,213000.0,2021-12-13,,,
6906,2025-03-27,215000.0,2021-12-13,,,
6907,2021-12-30,198000.0,2021-12-20,,,
6908,2022-01-06,200000.0,2021-12-20,,,
6909,2022-04-07,211000.0,2021-12-20,,,
6910,2023-04-06,203000.0,2021-12-20,,,
6911,2024-03-21,195000.0,2021-12-20,,,
6912,2025-03-27,216000.0,2021-12-20,,,
6913,2026-03-19,217000.0,2021-12-20,,,
6914,2022-01-06,207000.0,2021-12-27,,,
6915,2022-04-07,224000.0,2021-12-27,,,
6916,2023-04-06,228000.0,2021-12-27,,,
6917,2024-03-21,225000.0,2021-12-27,,,
6918,2025-03-27,227000.0,2021-12-27,,,
6919,2026-03-19,229000.0,2021-12-27,,,
6920,2022-01-13,230000.0,2022-01-03,,,
6921,2022-01-20,231000.0,2022-01-03,,,
6922,2022-04-07,238000.0,2022-01-03,,,
6923,2023-04-06,243000.0,2022-01-03,,,
6924,2024-03-21,247000.0,2022-01-03,,,
6925,2026-03-19,250000.0,2022-01-03,,,
6926,2022-01-20,286000.0,2022-01-10,,,
6927,2022-01-27,290000.0,2022-01-10,,,
6928,2022-04-07,240000.0,2022-01-10,,,
6929,2023-04-06,251000.0,2022-01-10,,,
6930,2024-03-21,244000.0,2022-01-10,,,
6931,2025-03-27,245000.0,2022-01-10,,,
6932,2026-03-19,246000.0,2022-01-10,,,
6933,2022-01-27,260000.0,2022-01-17,,,
6934,2022-02-03,261000.0,2022-01-17,,,
6935,2022-04-07,222000.0,2022-01-17,,,
6936,2023-04-06,232000.0,2022-01-17,,,
6937,2024-03-21,237000.0,2022-01-17,,,
6938,2025-03-27,238000.0,2022-01-17,,,
6939,2026-03-19,240000.0,2022-01-17,,,
6940,2022-02-03,238000.0,2022-01-24,,,
6941,2022-02-10,239000.0,2022-01-24,,,
6942,2022-04-07,214000.0,2022-01-24,,,
6943,2023-04-06,233000.0,2022-01-24,,,
6944,2024-03-21,230000.0,2022-01-24,,,
6945,2025-03-27,231000.0,2022-01-24,,,
6946,2022-02-10,223000.0,2022-01-31,,,
6947,2022-02-17,225000.0,2022-01-31,,,
6948,2022-04-07,191000.0,2022-01-31,,,
6949,2023-04-06,217000.0,2022-01-31,,,
6950,2024-03-21,209000.0,2022-01-31,,,
6951,2025-03-27,210000.0,2022-01-31,,,
6952,2022-02-17,248000.0,2022-02-07,,,
6953,2022-02-24,249000.0,2022-02-07,,,
6954,2022-04-07,209000.0,2022-02-07,,,
6955,2023-04-06,232000.0,2022-02-07,,,
6956,2025-03-27,234000.0,2022-02-07,,,
6957,2022-02-24,232000.0,2022-02-14,,,
6958,2022-03-03,233000.0,2022-02-14,,,
6959,2022-04-07,198000.0,2022-02-14,,,
6960,2023-04-06,226000.0,2022-02-14,,,
6961,2024-03-21,222000.0,2022-02-14,,,
6962,2025-03-27,225000.0,2022-02-14,,,
6963,2026-03-19,224000.0,2022-02-14,,,
6964,2022-03-03,215000.0,2022-02-21,,,
6965,2022-03-10,216000.0,2022-02-21,,,
6966,2022-04-07,182000.0,2022-02-21,,,
6967,2023-04-06,213000.0,2022-02-21,,,
6968,2024-03-21,208000.0,2022-02-21,,,
6969,2025-03-27,209000.0,2022-02-21,,,
6970,2026-03-19,208000.0,2022-02-21,,,
6971,2022-03-10,227000.0,2022-02-28,,,
6972,2022-03-17,229000.0,2022-02-28,,,
6973,2022-04-07,198000.0,2022-02-28,,,
6974,2023-04-06,228000.0,2022-02-28,,,
6975,2024-03-21,220000.0,2022-02-28,,,
6976,2025-03-27,222000.0,2022-02-28,,,
6977,2022-03-17,214000.0,2022-03-07,,,
6978,2022-03-24,215000.0,2022-03-07,,,
6979,2022-04-07,177000.0,2022-03-07,,,
6980,2023-04-06,216000.0,2022-03-07,,,
6981,2024-03-21,215000.0,2022-03-07,,,
6982,2025-03-27,217000.0,2022-03-07,,,
6983,2022-03-24,187000.0,2022-03-14,,,
6984,2022-03-31,188000.0,2022-03-14,,,
6985,2022-04-07,166000.0,2022-03-14,,,
6986,2023-04-06,214000.0,2022-03-14,,,
6987,2024-03-21,206000.0,2022-03-14,,,
6988,2025-03-27,207000.0,2022-03-14,,,
6989,2022-03-31,202000.0,2022-03-21,,,
6990,2022-04-07,171000.0,2022-03-21,,,
6991,2023-04-06,214000.0,2022-03-21,,,
6992,2024-03-21,212000.0,2022-03-21,,,
6993,2025-03-27,214000.0,2022-03-21,,,
6994,2022-04-07,166000.0,2022-03-28,,,
6995,2022-04-14,167000.0,2022-03-28,,,
6996,2022-04-21,168000.0,2022-03-28,,,
6997,2023-04-06,214000.0,2022-03-28,,,
6998,2024-03-21,213000.0,2022-03-28,,,
6999,2025-03-27,215000.0,2022-03-28,,,
7000,2026-03-19,214000.0,2022-03-28,,,
7001,2022-04-14,185000.0,2022-04-04,,,
7002,2022-04-21,186000.0,2022-04-04,,,
7003,2023-04-06,222000.0,2022-04-04,,,
7004,2024-03-21,215000.0,2022-04-04,,,
7005,2025-03-27,213000.0,2022-04-04,,,
7006,2026-03-19,214000.0,2022-04-04,,,
7007,2022-04-21,184000.0,2022-04-11,,,
7008,2022-04-28,185000.0,2022-04-11,,,
7009,2023-04-06,217000.0,2022-04-11,,,
7010,2024-03-21,209000.0,2022-04-11,,,
7011,2026-03-19,210000.0,2022-04-11,,,
7012,2022-04-28,180000.0,2022-04-18,,,
7013,2022-05-05,181000.0,2022-04-18,,,
7014,2023-04-06,207000.0,2022-04-18,,,
7015,2024-03-21,210000.0,2022-04-18,,,
7016,2026-03-19,209000.0,2022-04-18,,,
7017,2022-05-05,200000.0,2022-04-25,,,
7018,2022-05-12,202000.0,2022-04-25,,,
7019,2023-04-06,218000.0,2022-04-25,,,
7020,2024-03-21,219000.0,2022-04-25,,,
7021,2026-03-19,218000.0,2022-04-25,,,
7022,2022-05-12,203000.0,2022-05-02,,,
7023,2022-05-19,197000.0,2022-05-02,,,
7024,2023-04-06,210000.0,2022-05-02,,,
7025,2024-03-21,206000.0,2022-05-02,,,
7026,2025-03-27,204000.0,2022-05-02,,,
7027,2022-05-19,218000.0,2022-05-09,,,
7028,2023-04-06,222000.0,2022-05-09,,,
7029,2024-03-21,224000.0,2022-05-09,,,
7030,2025-03-27,225000.0,2022-05-09,,,
7031,2022-05-26,210000.0,2022-05-16,,,
7032,2022-06-02,211000.0,2022-05-16,,,
7033,2023-04-06,215000.0,2022-05-16,,,
7034,2024-03-21,212000.0,2022-05-16,,,
7035,2025-03-27,211000.0,2022-05-16,,,
7036,2022-06-02,200000.0,2022-05-23,,,
7037,2022-06-09,202000.0,2022-05-23,,,
7038,2024-03-21,201000.0,2022-05-23,,,
7039,2025-03-27,200000.0,2022-05-23,,,
7040,2026-03-19,199000.0,2022-05-23,,,
7041,2022-06-09,229000.0,2022-05-30,,,
7042,2022-06-16,232000.0,2022-05-30,,,
7043,2023-04-06,221000.0,2022-05-30,,,
7044,2024-03-21,215000.0,2022-05-30,,,
7045,2025-03-27,214000.0,2022-05-30,,,
7046,2026-03-19,213000.0,2022-05-30,,,
7047,2022-06-16,229000.0,2022-06-06,,,
7048,2022-06-23,231000.0,2022-06-06,,,
7049,2023-04-06,217000.0,2022-06-06,,,
7050,2024-03-21,214000.0,2022-06-06,,,
7051,2025-03-27,213000.0,2022-06-06,,,
7052,2026-03-19,211000.0,2022-06-06,,,
7053,2022-06-23,229000.0,2022-06-13,,,
7054,2022-06-30,233000.0,2022-06-13,,,
7055,2023-04-06,216000.0,2022-06-13,,,
7056,2025-03-27,215000.0,2022-06-13,,,
7057,2026-03-19,214000.0,2022-06-13,,,
7058,2022-06-30,231000.0,2022-06-20,,,
7059,2023-04-06,213000.0,2022-06-20,,,
7060,2025-03-27,212000.0,2022-06-20,,,
7061,2022-07-07,235000.0,2022-06-27,,,
7062,2022-07-21,236000.0,2022-06-27,,,
7063,2023-04-06,212000.0,2022-06-27,,,
7064,2024-03-21,214000.0,2022-06-27,,,
7065,2025-03-27,215000.0,2022-06-27,,,
7066,2026-03-19,214000.0,2022-06-27,,,
7067,2022-07-14,244000.0,2022-07-04,,,
7068,2023-04-06,221000.0,2022-07-04,,,
7069,2024-03-21,216000.0,2022-07-04,,,
7070,2025-03-27,212000.0,2022-07-04,,,
7071,2022-07-21,251000.0,2022-07-11,,,
7072,2022-07-28,261000.0,2022-07-11,,,
7073,2023-04-06,213000.0,2022-07-11,,,
7074,2024-03-21,217000.0,2022-07-11,,,
7075,2025-03-27,216000.0,2022-07-11,,,
7076,2022-07-28,256000.0,2022-07-18,,,
7077,2022-08-04,254000.0,2022-07-18,,,
7078,2022-08-11,237000.0,2022-07-18,,,
7079,2023-04-06,211000.0,2022-07-18,,,
7080,2024-03-21,221000.0,2022-07-18,,,
7081,2025-03-27,220000.0,2022-07-18,,,
7082,2026-03-19,221000.0,2022-07-18,,,
7083,2022-08-04,260000.0,2022-07-25,,,
7084,2022-08-11,248000.0,2022-07-25,,,
7085,2023-04-06,218000.0,2022-07-25,,,
7086,2024-03-21,229000.0,2022-07-25,,,
7087,2025-03-27,228000.0,2022-07-25,,,
7088,2022-08-11,262000.0,2022-08-01,,,
7089,2022-08-18,252000.0,2022-08-01,,,
7090,2023-04-06,214000.0,2022-08-01,,,
7091,2024-03-21,221000.0,2022-08-01,,,
7092,2022-08-18,250000.0,2022-08-08,,,
7093,2022-08-25,245000.0,2022-08-08,,,
7094,2023-04-06,213000.0,2022-08-08,,,
7095,2024-03-21,220000.0,2022-08-08,,,
7096,2022-08-25,243000.0,2022-08-15,,,
7097,2022-09-01,237000.0,2022-08-15,,,
7098,2023-04-06,208000.0,2022-08-15,,,
7099,2024-03-21,216000.0,2022-08-15,,,
7100,2025-03-27,215000.0,2022-08-15,,,
7101,2022-09-01,232000.0,2022-08-22,,,
7102,2022-09-08,228000.0,2022-08-22,,,
7103,2023-04-06,206000.0,2022-08-22,,,
7104,2024-03-21,210000.0,2022-08-22,,,
7105,2022-09-08,222000.0,2022-08-29,,,
7106,2022-09-15,218000.0,2022-08-29,,,
7107,2023-04-06,197000.0,2022-08-29,,,
7108,2024-03-21,205000.0,2022-08-29,,,
7109,2025-03-27,204000.0,2022-08-29,,,
7110,2026-03-19,203000.0,2022-08-29,,,
7111,2022-09-15,213000.0,2022-09-05,,,
7112,2022-09-22,208000.0,2022-09-05,,,
7113,2023-04-06,192000.0,2022-09-05,,,
7114,2024-03-21,197000.0,2022-09-05,,,
7115,2026-03-19,195000.0,2022-09-05,,,
7116,2022-09-22,213000.0,2022-09-12,,,
7117,2022-09-29,209000.0,2022-09-12,,,
7118,2023-04-06,191000.0,2022-09-12,,,
7119,2024-03-21,202000.0,2022-09-12,,,
7120,2025-03-27,201000.0,2022-09-12,,,
7121,2026-03-19,202000.0,2022-09-12,,,
7122,2022-09-29,193000.0,2022-09-19,,,
7123,2022-10-06,190000.0,2022-09-19,,,
7124,2023-04-06,182000.0,2022-09-19,,,
7125,2024-03-21,187000.0,2022-09-19,,,
7126,2025-03-27,189000.0,2022-09-19,,,
7127,2026-03-19,190000.0,2022-09-19,,,
7128,2022-10-06,219000.0,2022-09-26,,,
7129,2023-04-06,198000.0,2022-09-26,,,
7130,2024-03-21,204000.0,2022-09-26,,,
7131,2026-03-19,203000.0,2022-09-26,,,
7132,2022-10-13,228000.0,2022-10-03,,,
7133,2022-10-20,226000.0,2022-10-03,,,
7134,2023-04-06,206000.0,2022-10-03,,,
7135,2024-03-21,207000.0,2022-10-03,,,
7136,2025-03-27,206000.0,2022-10-03,,,
7137,2026-03-19,207000.0,2022-10-03,,,
7138,2022-10-20,214000.0,2022-10-10,,,
7139,2023-04-06,198000.0,2022-10-10,,,
7140,2024-03-21,200000.0,2022-10-10,,,
7141,2025-03-27,199000.0,2022-10-10,,,
7142,2022-10-27,217000.0,2022-10-17,,,
7143,2022-11-03,218000.0,2022-10-17,,,
7144,2023-04-06,201000.0,2022-10-17,,,
7145,2026-03-19,202000.0,2022-10-17,,,
7146,2022-11-03,217000.0,2022-10-24,,,
7147,2022-11-10,218000.0,2022-10-24,,,
7148,2023-04-06,204000.0,2022-10-24,,,
7149,2024-03-21,202000.0,2022-10-24,,,
7150,2022-11-10,225000.0,2022-10-31,,,
7151,2022-11-17,226000.0,2022-10-31,,,
7152,2023-04-06,207000.0,2022-10-31,,,
7153,2024-03-21,204000.0,2022-10-31,,,
7154,2022-11-17,222000.0,2022-11-07,,,
7155,2022-11-23,223000.0,2022-11-07,,,
7156,2023-04-06,211000.0,2022-11-07,,,
7157,2024-03-21,208000.0,2022-11-07,,,
7158,2025-03-27,210000.0,2022-11-07,,,
7159,2022-11-23,240000.0,2022-11-14,,,
7160,2022-12-01,241000.0,2022-11-14,,,
7161,2023-04-06,219000.0,2022-11-14,,,
7162,2025-03-27,220000.0,2022-11-14,,,
7163,2022-12-01,225000.0,2022-11-21,,,
7164,2022-12-08,226000.0,2022-11-21,,,
7165,2023-04-06,213000.0,2022-11-21,,,
7166,2024-03-21,209000.0,2022-11-21,,,
7167,2022-12-08,230000.0,2022-11-28,,,
7168,2022-12-15,231000.0,2022-11-28,,,
7169,2023-04-06,216000.0,2022-11-28,,,
7170,2024-03-21,210000.0,2022-11-28,,,
7171,2025-03-27,209000.0,2022-11-28,,,
7172,2022-12-15,211000.0,2022-12-05,,,
7173,2022-12-22,214000.0,2022-12-05,,,
7174,2022-12-29,212000.0,2022-12-05,,,
7175,2023-04-06,206000.0,2022-12-05,,,
7176,2024-03-21,211000.0,2022-12-05,,,
7177,2025-03-27,210000.0,2022-12-05,,,
7178,2026-03-19,209000.0,2022-12-05,,,
7179,2022-12-22,216000.0,2022-12-12,,,
7180,2023-04-06,212000.0,2022-12-12,,,
7181,2024-03-21,211000.0,2022-12-12,,,
7182,2025-03-27,213000.0,2022-12-12,,,
7183,2022-12-29,225000.0,2022-12-19,,,
7184,2023-01-05,223000.0,2022-12-19,,,
7185,2023-04-06,213000.0,2022-12-19,,,
7186,2024-03-21,207000.0,2022-12-19,,,
7187,2025-03-27,204000.0,2022-12-19,,,
7188,2026-03-19,205000.0,2022-12-19,,,
7189,2023-01-05,204000.0,2022-12-26,,,
7190,2023-01-12,206000.0,2022-12-26,,,
7191,2024-03-21,203000.0,2022-12-26,,,
7192,2025-03-27,204000.0,2022-12-26,,,
7193,2026-03-19,205000.0,2022-12-26,,,
7194,2023-01-12,205000.0,2023-01-02,,,
7195,2023-01-26,206000.0,2023-01-02,,,
7196,2023-04-06,205000.0,2023-01-02,,,
7197,2024-03-21,207000.0,2023-01-02,,,
7198,2025-03-27,208000.0,2023-01-02,,,
7199,2026-03-19,210000.0,2023-01-02,,,
7200,2023-01-19,190000.0,2023-01-09,,,
7201,2023-01-26,192000.0,2023-01-09,,,
7202,2023-04-06,200000.0,2023-01-09,,,
7203,2024-03-21,203000.0,2023-01-09,,,
7204,2026-03-19,204000.0,2023-01-09,,,
7205,2023-01-26,186000.0,2023-01-16,,,
7206,2023-04-06,194000.0,2023-01-16,,,
7207,2024-03-21,202000.0,2023-01-16,,,
7208,2025-03-27,203000.0,2023-01-16,,,
7209,2026-03-19,204000.0,2023-01-16,,,
7210,2023-02-02,183000.0,2023-01-23,,,
7211,2023-04-06,199000.0,2023-01-23,,,
7212,2025-03-27,200000.0,2023-01-23,,,
7213,2023-02-09,196000.0,2023-01-30,,,
7214,2023-02-16,195000.0,2023-01-30,,,
7215,2023-04-06,220000.0,2023-01-30,,,
7216,2024-03-21,214000.0,2023-01-30,,,
7217,2025-03-27,215000.0,2023-01-30,,,
7218,2023-02-16,194000.0,2023-02-06,,,
7219,2023-02-23,195000.0,2023-02-06,,,
7220,2023-04-06,216000.0,2023-02-06,,,
7221,2024-03-21,217000.0,2023-02-06,,,
7222,2025-03-27,219000.0,2023-02-06,,,
7223,2026-03-19,220000.0,2023-02-06,,,
7224,2023-02-23,192000.0,2023-02-13,,,
7225,2023-04-06,217000.0,2023-02-13,,,
7226,2024-03-21,215000.0,2023-02-13,,,
7227,2025-03-27,217000.0,2023-02-13,,,
7228,2023-03-02,190000.0,2023-02-20,,,
7229,2023-04-06,221000.0,2023-02-20,,,
7230,2024-03-21,208000.0,2023-02-20,,,
7231,2025-03-27,209000.0,2023-02-20,,,
7232,2026-03-19,207000.0,2023-02-20,,,
7233,2023-03-09,211000.0,2023-02-27,,,
7234,2023-03-16,212000.0,2023-02-27,,,
7235,2023-04-06,245000.0,2023-02-27,,,
7236,2024-03-21,227000.0,2023-02-27,,,
7237,2025-03-27,229000.0,2023-02-27,,,
7238,2026-03-19,230000.0,2023-02-27,,,
7239,2023-03-16,192000.0,2023-03-06,,,
7240,2023-04-06,230000.0,2023-03-06,,,
7241,2024-03-21,221000.0,2023-03-06,,,
7242,2025-03-27,222000.0,2023-03-06,,,
7243,2023-03-23,191000.0,2023-03-13,,,
7244,2023-04-06,247000.0,2023-03-13,,,
7245,2024-03-21,228000.0,2023-03-13,,,
7246,2025-03-27,230000.0,2023-03-13,,,
7247,2023-03-30,198000.0,2023-03-20,,,
7248,2023-04-06,246000.0,2023-03-20,,,
7249,2024-03-21,232000.0,2023-03-20,,,
7250,2025-03-27,234000.0,2023-03-20,,,
7251,2023-04-06,228000.0,2023-03-27,,,
7252,2024-03-21,216000.0,2023-03-27,,,
7253,2025-03-27,217000.0,2023-03-27,,,
7254,2023-04-13,239000.0,2023-04-03,,,
7255,2023-04-20,240000.0,2023-04-03,,,
7256,2024-03-21,220000.0,2023-04-03,,,
7257,2025-03-27,219000.0,2023-04-03,,,
7258,2026-03-19,220000.0,2023-04-03,,,
7259,2023-04-20,245000.0,2023-04-10,,,
7260,2023-04-27,246000.0,2023-04-10,,,
7261,2024-03-21,224000.0,2023-04-10,,,
7262,2025-03-27,223000.0,2023-04-10,,,
7263,2023-04-27,230000.0,2023-04-17,,,
7264,2023-05-04,229000.0,2023-04-17,,,
7265,2024-03-21,209000.0,2023-04-17,,,
7266,2025-03-27,210000.0,2023-04-17,,,
7267,2026-03-19,209000.0,2023-04-17,,,
7268,2023-05-04,242000.0,2023-04-24,,,
7269,2024-03-21,214000.0,2023-04-24,,,
7270,2026-03-19,213000.0,2023-04-24,,,
7271,2023-05-11,264000.0,2023-05-01,,,
7272,2023-05-25,231000.0,2023-05-01,,,
7273,2024-03-21,225000.0,2023-05-01,,,
7274,2025-03-27,223000.0,2023-05-01,,,
7275,2023-05-18,242000.0,2023-05-08,,,
7276,2023-05-25,225000.0,2023-05-08,,,
7277,2023-05-25,229000.0,2023-05-15,,,
7278,2023-06-01,230000.0,2023-05-15,,,
7279,2024-03-21,227000.0,2023-05-15,,,
7280,2023-06-01,232000.0,2023-05-22,,,
7281,2023-06-08,233000.0,2023-05-22,,,
7282,2024-03-21,231000.0,2023-05-22,,,
7283,2025-03-27,230000.0,2023-05-22,,,
7284,2026-03-19,229000.0,2023-05-22,,,
7285,2023-06-08,261000.0,2023-05-29,,,
7286,2023-06-15,262000.0,2023-05-29,,,
7287,2024-03-21,255000.0,2023-05-29,,,
7288,2025-03-27,253000.0,2023-05-29,,,
7289,2026-03-19,252000.0,2023-05-29,,,
7290,2023-06-15,262000.0,2023-06-05,,,
7291,2023-06-22,264000.0,2023-06-05,,,
7292,2024-03-21,260000.0,2023-06-05,,,
7293,2025-03-27,258000.0,2023-06-05,,,
7294,2026-03-19,256000.0,2023-06-05,,,
7295,2023-06-22,264000.0,2023-06-12,,,
7296,2023-06-29,265000.0,2023-06-12,,,
7297,2024-03-21,261000.0,2023-06-12,,,
7298,2025-03-27,260000.0,2023-06-12,,,
7299,2026-03-19,259000.0,2023-06-12,,,
7300,2023-06-29,239000.0,2023-06-19,,,
7301,2023-07-06,236000.0,2023-06-19,,,
7302,2024-03-21,238000.0,2023-06-19,,,
7303,2025-03-27,236000.0,2023-06-19,,,
7304,2023-07-06,248000.0,2023-06-26,,,
7305,2023-07-13,249000.0,2023-06-26,,,
7306,2024-03-21,248000.0,2023-06-26,,,
7307,2023-07-13,237000.0,2023-07-03,,,
7308,2024-03-21,232000.0,2023-07-03,,,
7309,2025-03-27,229000.0,2023-07-03,,,
7310,2026-03-19,230000.0,2023-07-03,,,
7311,2023-07-20,228000.0,2023-07-10,,,
7312,2024-03-21,231000.0,2023-07-10,,,
7313,2025-03-27,228000.0,2023-07-10,,,
7314,2026-03-19,229000.0,2023-07-10,,,
7315,2023-07-27,221000.0,2023-07-17,,,
7316,2024-03-21,231000.0,2023-07-17,,,
7317,2023-08-03,227000.0,2023-07-24,,,
7318,2024-03-21,240000.0,2023-07-24,,,
7319,2025-03-27,238000.0,2023-07-24,,,
7320,2023-08-10,248000.0,2023-07-31,,,
7321,2023-08-17,250000.0,2023-07-31,,,
7322,2024-03-21,258000.0,2023-07-31,,,
7323,2023-08-17,239000.0,2023-08-07,,,
7324,2023-08-24,240000.0,2023-08-07,,,
7325,2024-03-21,248000.0,2023-08-07,,,
7326,2023-08-24,230000.0,2023-08-14,,,
7327,2023-08-31,232000.0,2023-08-14,,,
7328,2024-03-21,241000.0,2023-08-14,,,
7329,2025-03-27,240000.0,2023-08-14,,,
7330,2023-08-31,228000.0,2023-08-21,,,
7331,2023-09-07,229000.0,2023-08-21,,,
7332,2024-03-21,234000.0,2023-08-21,,,
7333,2023-09-07,216000.0,2023-08-28,,,
7334,2023-09-14,217000.0,2023-08-28,,,
7335,2024-03-21,228000.0,2023-08-28,,,
7336,2025-03-27,227000.0,2023-08-28,,,
7337,2026-03-19,225000.0,2023-08-28,,,
7338,2023-09-14,220000.0,2023-09-04,,,
7339,2023-09-21,221000.0,2023-09-04,,,
7340,2024-03-21,227000.0,2023-09-04,,,
7341,2026-03-19,225000.0,2023-09-04,,,
7342,2023-09-21,201000.0,2023-09-11,,,
7343,2023-09-28,202000.0,2023-09-11,,,
7344,2024-03-21,210000.0,2023-09-11,,,
7345,2026-03-19,211000.0,2023-09-11,,,
7346,2023-09-28,204000.0,2023-09-18,,,
7347,2023-10-05,205000.0,2023-09-18,,,
7348,2024-03-21,213000.0,2023-09-18,,,
7349,2025-03-27,215000.0,2023-09-18,,,
7350,2026-03-19,216000.0,2023-09-18,,,
7351,2023-10-05,207000.0,2023-09-25,,,
7352,2023-10-12,209000.0,2023-09-25,,,
7353,2024-03-21,216000.0,2023-09-25,,,
7354,2023-10-12,209000.0,2023-10-02,,,
7355,2023-10-19,211000.0,2023-10-02,,,
7356,2025-03-27,210000.0,2023-10-02,,,
7357,2023-10-19,198000.0,2023-10-09,,,
7358,2023-10-26,200000.0,2023-10-09,,,
7359,2024-03-21,202000.0,2023-10-09,,,
7360,2025-03-27,200000.0,2023-10-09,,,
7361,2023-10-26,210000.0,2023-10-16,,,
7362,2023-11-02,212000.0,2023-10-16,,,
7363,2024-03-21,213000.0,2023-10-16,,,
7364,2025-03-27,214000.0,2023-10-16,,,
7365,2023-11-02,217000.0,2023-10-23,,,
7366,2023-11-09,220000.0,2023-10-23,,,
7367,2024-03-21,216000.0,2023-10-23,,,
7368,2025-03-27,217000.0,2023-10-23,,,
7369,2023-11-09,217000.0,2023-10-30,,,
7370,2023-11-16,218000.0,2023-10-30,,,
7371,2024-03-21,216000.0,2023-10-30,,,
7372,2023-11-16,231000.0,2023-11-06,,,
7373,2023-11-22,233000.0,2023-11-06,,,
7374,2024-03-21,228000.0,2023-11-06,,,
7375,2025-03-27,229000.0,2023-11-06,,,
7376,2026-03-19,230000.0,2023-11-06,,,
7377,2023-11-22,209000.0,2023-11-13,,,
7378,2023-11-30,211000.0,2023-11-13,,,
7379,2024-03-21,213000.0,2023-11-13,,,
7380,2023-11-30,218000.0,2023-11-20,,,
7381,2023-12-07,219000.0,2023-11-20,,,
7382,2024-03-21,213000.0,2023-11-20,,,
7383,2025-03-27,214000.0,2023-11-20,,,
7384,2026-03-19,213000.0,2023-11-20,,,
7385,2023-12-07,220000.0,2023-11-27,,,
7386,2023-12-14,221000.0,2023-11-27,,,
7387,2024-03-21,216000.0,2023-11-27,,,
7388,2026-03-19,215000.0,2023-11-27,,,
7389,2023-12-14,202000.0,2023-12-04,,,
7390,2023-12-21,203000.0,2023-12-04,,,
7391,2024-03-21,205000.0,2023-12-04,,,
7392,2025-03-27,204000.0,2023-12-04,,,
7393,2026-03-19,203000.0,2023-12-04,,,
7394,2023-12-21,205000.0,2023-12-11,,,
7395,2023-12-28,206000.0,2023-12-11,,,
7396,2024-03-21,207000.0,2023-12-11,,,
7397,2025-03-27,209000.0,2023-12-11,,,
7398,2023-12-28,218000.0,2023-12-18,,,
7399,2024-01-04,220000.0,2023-12-18,,,
7400,2024-03-21,213000.0,2023-12-18,,,
7401,2025-03-27,210000.0,2023-12-18,,,
7402,2026-03-19,212000.0,2023-12-18,,,
7403,2024-01-04,202000.0,2023-12-25,,,
7404,2024-01-11,203000.0,2023-12-25,,,
7405,2024-03-21,198000.0,2023-12-25,,,
7406,2026-03-19,200000.0,2023-12-25,,,
7407,2024-01-11,202000.0,2024-01-01,,,
7408,2024-01-18,203000.0,2024-01-01,,,
7409,2024-03-21,198000.0,2024-01-01,,,
7410,2025-03-27,199000.0,2024-01-01,,,
7411,2026-03-19,201000.0,2024-01-01,,,
7412,2024-01-18,187000.0,2024-01-08,,,
7413,2024-01-25,189000.0,2024-01-08,,,
7414,2024-03-21,194000.0,2024-01-08,,,
7415,2025-03-27,193000.0,2024-01-08,,,
7416,2026-03-19,195000.0,2024-01-08,,,
7417,2024-01-25,214000.0,2024-01-15,,,
7418,2024-02-01,215000.0,2024-01-15,,,
7419,2024-03-21,221000.0,2024-01-15,,,
7420,2025-03-27,223000.0,2024-01-15,,,
7421,2026-03-19,224000.0,2024-01-15,,,
7422,2024-02-01,224000.0,2024-01-22,,,
7423,2024-02-08,227000.0,2024-01-22,,,
7424,2024-03-21,225000.0,2024-01-22,,,
7425,2026-03-19,226000.0,2024-01-22,,,
7426,2024-02-08,218000.0,2024-01-29,,,
7427,2024-02-15,220000.0,2024-01-29,,,
7428,2024-03-21,213000.0,2024-01-29,,,
7429,2025-03-27,214000.0,2024-01-29,,,
7430,2026-03-19,213000.0,2024-01-29,,,
7431,2024-02-15,212000.0,2024-02-05,,,
7432,2024-02-22,213000.0,2024-02-05,,,
7433,2024-03-21,211000.0,2024-02-05,,,
7434,2025-03-27,212000.0,2024-02-05,,,
7435,2026-03-19,213000.0,2024-02-05,,,
7436,2024-02-22,201000.0,2024-02-12,,,
7437,2024-02-29,202000.0,2024-02-12,,,
7438,2024-03-21,200000.0,2024-02-12,,,
7439,2025-03-27,203000.0,2024-02-12,,,
7440,2026-03-19,202000.0,2024-02-12,,,
7441,2024-02-29,215000.0,2024-02-19,,,
7442,2024-03-07,217000.0,2024-02-19,,,
7443,2024-03-14,213000.0,2024-02-19,,,
7444,2025-03-27,214000.0,2024-02-19,,,
7445,2026-03-19,212000.0,2024-02-19,,,
7446,2024-03-07,217000.0,2024-02-26,,,
7447,2024-03-14,210000.0,2024-02-26,,,
7448,2025-03-27,212000.0,2024-02-26,,,
7449,2026-03-19,213000.0,2024-02-26,,,
7450,2024-03-14,209000.0,2024-03-04,,,
7451,2024-03-21,212000.0,2024-03-04,,,
7452,2025-03-27,213000.0,2024-03-04,,,
7453,2024-03-21,210000.0,2024-03-11,,,
7454,2024-03-28,212000.0,2024-03-11,,,
7455,2025-03-27,213000.0,2024-03-11,,,
7456,2024-03-28,210000.0,2024-03-18,,,
7457,2024-04-04,212000.0,2024-03-18,,,
7458,2025-03-27,214000.0,2024-03-18,,,
7459,2024-04-04,221000.0,2024-03-25,,,
7460,2024-04-11,222000.0,2024-03-25,,,
7461,2025-03-27,223000.0,2024-03-25,,,
7462,2024-04-11,211000.0,2024-04-01,,,
7463,2024-04-18,212000.0,2024-04-01,,,
7464,2026-03-19,213000.0,2024-04-01,,,
7465,2024-04-18,212000.0,2024-04-08,,,
7466,2025-03-27,211000.0,2024-04-08,,,
7467,2026-03-19,212000.0,2024-04-08,,,
7468,2024-04-25,207000.0,2024-04-15,,,
7469,2024-05-02,208000.0,2024-04-15,,,
7470,2025-03-27,209000.0,2024-04-15,,,
7471,2024-05-02,208000.0,2024-04-22,,,
7472,2024-05-09,209000.0,2024-04-22,,,
7473,2026-03-19,207000.0,2024-04-22,,,
7474,2024-05-09,231000.0,2024-04-29,,,
7475,2024-05-16,232000.0,2024-04-29,,,
7476,2025-03-27,229000.0,2024-04-29,,,
7477,2026-03-19,230000.0,2024-04-29,,,
7478,2024-05-16,222000.0,2024-05-06,,,
7479,2024-05-23,223000.0,2024-05-06,,,
7480,2025-03-27,222000.0,2024-05-06,,,
7481,2024-05-23,215000.0,2024-05-13,,,
7482,2024-05-30,216000.0,2024-05-13,,,
7483,2024-05-30,219000.0,2024-05-20,,,
7484,2024-06-06,221000.0,2024-05-20,,,
7485,2026-03-19,220000.0,2024-05-20,,,
7486,2024-06-06,229000.0,2024-05-27,,,
7487,2026-03-19,227000.0,2024-05-27,,,
7488,2024-06-13,242000.0,2024-06-03,,,
7489,2024-06-20,243000.0,2024-06-03,,,
7490,2025-03-27,241000.0,2024-06-03,,,
7491,2026-03-19,240000.0,2024-06-03,,,
7492,2024-06-20,238000.0,2024-06-10,,,
7493,2024-06-27,239000.0,2024-06-10,,,
7494,2025-03-27,237000.0,2024-06-10,,,
7495,2026-03-19,236000.0,2024-06-10,,,
7496,2024-06-27,233000.0,2024-06-17,,,
7497,2024-07-03,234000.0,2024-06-17,,,
7498,2025-03-27,233000.0,2024-06-17,,,
7499,2024-07-03,238000.0,2024-06-24,,,
7500,2024-07-11,239000.0,2024-06-24,,,
7501,2025-03-27,238000.0,2024-06-24,,,
7502,2024-07-11,222000.0,2024-07-01,,,
7503,2024-07-18,223000.0,2024-07-01,,,
7504,2025-03-27,222000.0,2024-07-01,,,
7505,2026-03-19,223000.0,2024-07-01,,,
7506,2024-07-18,243000.0,2024-07-08,,,
7507,2024-07-25,245000.0,2024-07-08,,,
7508,2025-03-27,240000.0,2024-07-08,,,
7509,2026-03-19,241000.0,2024-07-08,,,
7510,2024-07-25,235000.0,2024-07-15,,,
7511,2025-03-27,236000.0,2024-07-15,,,
7512,2026-03-19,237000.0,2024-07-15,,,
7513,2024-08-01,249000.0,2024-07-22,,,
7514,2024-08-08,250000.0,2024-07-22,,,
7515,2025-03-27,248000.0,2024-07-22,,,
7516,2024-08-08,233000.0,2024-07-29,,,
7517,2024-08-15,234000.0,2024-07-29,,,
7518,2024-08-15,227000.0,2024-08-05,,,
7519,2024-08-22,228000.0,2024-08-05,,,
7520,2024-08-22,232000.0,2024-08-12,,,
7521,2024-08-29,233000.0,2024-08-12,,,
7522,2025-03-27,232000.0,2024-08-12,,,
7523,2024-08-29,231000.0,2024-08-19,,,
7524,2024-09-05,232000.0,2024-08-19,,,
7525,2024-09-05,227000.0,2024-08-26,,,
7526,2024-09-12,228000.0,2024-08-26,,,
7527,2026-03-19,227000.0,2024-08-26,,,
7528,2024-09-12,230000.0,2024-09-02,,,
7529,2024-09-19,231000.0,2024-09-02,,,
7530,2025-03-27,230000.0,2024-09-02,,,
7531,2026-03-19,227000.0,2024-09-02,,,
7532,2024-09-19,219000.0,2024-09-09,,,
7533,2024-09-26,222000.0,2024-09-09,,,
7534,2026-03-19,223000.0,2024-09-09,,,
7535,2024-09-26,218000.0,2024-09-16,,,
7536,2024-10-03,219000.0,2024-09-16,,,
7537,2025-03-27,221000.0,2024-09-16,,,
7538,2024-10-03,225000.0,2024-09-23,,,
7539,2025-03-27,227000.0,2024-09-23,,,
7540,2024-10-10,258000.0,2024-09-30,,,
7541,2024-10-17,260000.0,2024-09-30,,,
7542,2025-03-27,259000.0,2024-09-30,,,
7543,2026-03-19,258000.0,2024-09-30,,,
7544,2024-10-17,241000.0,2024-10-07,,,
7545,2024-10-24,242000.0,2024-10-07,,,
7546,2025-03-27,240000.0,2024-10-07,,,
7547,2026-03-19,241000.0,2024-10-07,,,
7548,2024-10-24,227000.0,2024-10-14,,,
7549,2024-10-31,228000.0,2024-10-14,,,
7550,2026-03-19,227000.0,2024-10-14,,,
7551,2024-10-31,216000.0,2024-10-21,,,
7552,2024-11-07,218000.0,2024-10-21,,,
7553,2026-03-19,219000.0,2024-10-21,,,
7554,2024-11-07,221000.0,2024-10-28,,,
7555,2024-11-14,217000.0,2024-11-04,,,
7556,2024-11-21,219000.0,2024-11-04,,,
7557,2026-03-19,218000.0,2024-11-04,,,
7558,2024-11-21,213000.0,2024-11-11,,,
7559,2024-11-27,215000.0,2024-11-11,,,
7560,2025-03-27,216000.0,2024-11-11,,,
7561,2024-11-27,213000.0,2024-11-18,,,
7562,2024-12-05,215000.0,2024-11-18,,,
7563,2025-03-27,216000.0,2024-11-18,,,
7564,2026-03-19,219000.0,2024-11-18,,,
7565,2024-12-05,224000.0,2024-11-25,,,
7566,2024-12-12,225000.0,2024-11-25,,,
7567,2026-03-19,222000.0,2024-11-25,,,
7568,2024-12-12,242000.0,2024-12-02,,,
7569,2025-03-27,239000.0,2024-12-02,,,
7570,2026-03-19,238000.0,2024-12-02,,,
7571,2024-12-19,220000.0,2024-12-09,,,
7572,2025-03-27,222000.0,2024-12-09,,,
7573,2024-12-26,219000.0,2024-12-16,,,
7574,2025-01-02,220000.0,2024-12-16,,,
7575,2025-03-27,219000.0,2024-12-16,,,
7576,2025-01-02,211000.0,2024-12-23,,,
7577,2025-03-27,209000.0,2024-12-23,,,
7578,2026-03-19,212000.0,2024-12-23,,,
7579,2025-01-08,201000.0,2024-12-30,,,
7580,2025-01-16,203000.0,2024-12-30,,,
7581,2025-03-27,205000.0,2024-12-30,,,
7582,2026-03-19,206000.0,2024-12-30,,,
7583,2025-01-16,217000.0,2025-01-06,,,
7584,2026-03-19,219000.0,2025-01-06,,,
7585,2025-01-23,223000.0,2025-01-13,,,
7586,2025-03-27,222000.0,2025-01-13,,,
7587,2026-03-19,223000.0,2025-01-13,,,
7588,2025-01-30,207000.0,2025-01-20,,,
7589,2025-02-06,208000.0,2025-01-20,,,
7590,2025-03-27,210000.0,2025-01-20,,,
7591,2026-03-19,212000.0,2025-01-20,,,
7592,2025-02-06,219000.0,2025-01-27,,,
7593,2025-02-13,220000.0,2025-01-27,,,
7594,2025-03-27,222000.0,2025-01-27,,,
7595,2026-03-19,220000.0,2025-01-27,,,
7596,2025-02-13,213000.0,2025-02-03,,,
7597,2025-02-20,214000.0,2025-02-03,,,
7598,2025-03-27,215000.0,2025-02-03,,,
7599,2026-03-19,216000.0,2025-02-03,,,
7600,2025-02-20,219000.0,2025-02-10,,,
7601,2025-02-27,220000.0,2025-02-10,,,
7602,2025-03-27,224000.0,2025-02-10,,,
7603,2026-03-19,223000.0,2025-02-10,,,
7604,2025-02-27,242000.0,2025-02-17,,,
7605,2025-03-27,243000.0,2025-02-17,,,
7606,2026-03-19,241000.0,2025-02-17,,,
7607,2025-03-06,221000.0,2025-02-24,,,
7608,2025-03-13,222000.0,2025-02-24,,,
7609,2025-03-27,224000.0,2025-02-24,,,
7610,2025-03-13,220000.0,2025-03-03,,,
7611,2025-03-20,221000.0,2025-03-03,,,
7612,2025-03-27,223000.0,2025-03-03,,,
7613,2026-03-19,222000.0,2025-03-03,,,
7614,2025-03-20,223000.0,2025-03-10,,,
7615,2025-03-27,225000.0,2025-03-10,,,
7616,2025-03-27,224000.0,2025-03-17,,,
7617,2025-04-03,225000.0,2025-03-17,,,
7618,2026-03-19,224000.0,2025-03-17,,,
7619,2025-04-03,219000.0,2025-03-24,,,
7620,2026-03-19,220000.0,2025-03-24,,,
7621,2025-04-10,223000.0,2025-03-31,,,
7622,2025-04-17,224000.0,2025-03-31,,,
7623,2026-03-19,223000.0,2025-03-31,,,
7624,2025-04-17,215000.0,2025-04-07,,,
7625,2025-04-24,216000.0,2025-04-07,,,
7626,2026-03-19,217000.0,2025-04-07,,,
7627,2025-04-24,222000.0,2025-04-14,,,
7628,2025-05-01,223000.0,2025-04-14,,,
7629,2026-03-19,224000.0,2025-04-14,,,
7630,2025-05-01,241000.0,2025-04-21,,,
7631,2026-03-19,239000.0,2025-04-21,,,
7632,2025-05-08,228000.0,2025-04-28,,,
7633,2025-05-15,229000.0,2025-04-28,,,
7634,2026-03-19,228000.0,2025-04-28,,,
7635,2025-05-15,229000.0,2025-05-05,,,
7636,2025-05-29,228000.0,2025-05-05,,,
7637,2026-03-19,226000.0,2025-05-05,,,
7638,2025-05-22,227000.0,2025-05-12,,,
7639,2025-05-29,226000.0,2025-05-12,,,
7640,2026-03-19,225000.0,2025-05-12,,,
7641,2025-05-29,240000.0,2025-05-19,,,
7642,2025-06-05,239000.0,2025-05-19,,,
7643,2026-03-19,236000.0,2025-05-19,,,
7644,2025-06-05,247000.0,2025-05-26,,,
7645,2025-06-12,248000.0,2025-05-26,,,
7646,2026-03-05,246000.0,2025-05-26,,,
7647,2026-03-19,244000.0,2025-05-26,,,
7648,2025-06-12,248000.0,2025-06-02,,,
7649,2025-06-18,250000.0,2025-06-02,,,
7650,2026-03-05,248000.0,2025-06-02,,,
7651,2026-03-19,246000.0,2025-06-02,,,
7652,2025-06-18,245000.0,2025-06-09,,,
7653,2025-06-26,246000.0,2025-06-09,,,
7654,2026-03-19,243000.0,2025-06-09,,,
7655,2025-06-26,236000.0,2025-06-16,,,
7656,2025-07-03,237000.0,2025-06-16,,,
7657,2026-03-19,236000.0,2025-06-16,,,
7658,2025-07-03,233000.0,2025-06-23,,,
7659,2025-07-10,232000.0,2025-06-23,,,
7660,2026-03-19,231000.0,2025-06-23,,,
7661,2025-07-10,227000.0,2025-06-30,,,
7662,2025-07-17,228000.0,2025-06-30,,,
7663,2025-07-17,221000.0,2025-07-07,,,
7664,2025-07-24,217000.0,2025-07-14,,,
7665,2026-03-19,218000.0,2025-07-14,,,
7666,2025-07-31,218000.0,2025-07-21,,,
7667,2025-08-07,219000.0,2025-07-21,,,
7668,2025-08-07,226000.0,2025-07-28,,,
7669,2025-08-14,227000.0,2025-07-28,,,
7670,2026-03-19,226000.0,2025-07-28,,,
7671,2025-08-14,224000.0,2025-08-04,,,
7672,2025-08-21,235000.0,2025-08-11,,,
7673,2025-08-28,234000.0,2025-08-11,,,
7674,2026-03-19,233000.0,2025-08-11,,,
7675,2025-08-28,229000.0,2025-08-18,,,
7676,2025-09-04,237000.0,2025-08-25,,,
7677,2025-09-11,236000.0,2025-08-25,,,
7678,2025-09-11,263000.0,2025-09-01,,,
7679,2025-09-18,264000.0,2025-09-01,,,
7680,2026-03-19,259000.0,2025-09-01,,,
7681,2025-09-18,231000.0,2025-09-08,,,
7682,2025-09-25,232000.0,2025-09-08,,,
7683,2026-03-19,233000.0,2025-09-08,,,
7684,2025-09-25,218000.0,2025-09-15,,,
7685,2025-11-20,219000.0,2025-09-15,,,
7686,2025-11-20,224000.0,2025-09-22,,,
7687,2026-03-19,225000.0,2025-09-22,,,
7688,2025-11-20,235000.0,2025-09-29,,,
7689,2026-03-19,233000.0,2025-09-29,,,
7690,2025-11-20,220000.0,2025-10-06,,,
7691,2026-03-19,222000.0,2025-10-06,,,
7692,2025-11-20,232000.0,2025-10-13,,,
7693,2026-03-19,231000.0,2025-10-13,,,
7694,2025-11-20,220000.0,2025-10-20,,,
7695,2026-03-19,221000.0,2025-10-20,,,
7696,2025-11-20,229000.0,2025-10-27,,,
7697,2026-03-19,228000.0,2025-10-27,,,
7698,2025-11-20,228000.0,2025-11-03,,,
7699,2025-11-20,220000.0,2025-11-10,,,
7700,2025-11-26,222000.0,2025-11-10,,,
7701,2025-11-26,216000.0,2025-11-17,,,
7702,2025-12-04,218000.0,2025-11-17,,,
7703,2025-12-11,217000.0,2025-11-17,,,
7704,2026-03-19,218000.0,2025-11-17,,,
7705,2025-12-04,191000.0,2025-11-24,,,
7706,2025-12-11,192000.0,2025-11-24,,,
7707,2026-03-19,216000.0,2025-11-24,,,
7708,2025-12-11,236000.0,2025-12-01,,,
7709,2025-12-18,237000.0,2025-12-01,,,
7710,2026-03-19,235000.0,2025-12-01,,,
7711,2025-12-18,224000.0,2025-12-08,,,
7712,2025-12-24,214000.0,2025-12-15,,,
7713,2025-12-31,215000.0,2025-12-15,,,
7714,2025-12-31,199000.0,2025-12-22,,,
7715,2026-01-08,200000.0,2025-12-22,,,
7716,2026-03-19,203000.0,2025-12-22,,,
7717,2026-01-08,208000.0,2025-12-29,,,
7718,2026-01-15,207000.0,2025-12-29,,,
7719,2026-01-15,198000.0,2026-01-05,,,
7720,2026-01-22,199000.0,2026-01-05,,,
7721,2026-03-19,201000.0,2026-01-05,,,
7722,2026-01-22,200000.0,2026-01-12,,,
7723,2026-01-29,210000.0,2026-01-12,,,
7724,2026-01-29,209000.0,2026-01-19,,,
7725,2026-03-19,211000.0,2026-01-19,,,
7726,2026-02-05,231000.0,2026-01-26,,,
7727,2026-02-12,232000.0,2026-01-26,,,
7728,2026-03-19,230000.0,2026-01-26,,,
7729,2026-02-12,227000.0,2026-02-02,,,
7730,2026-02-19,229000.0,2026-02-02,,,
7731,2026-03-19,230000.0,2026-02-02,,,
7732,2026-02-19,206000.0,2026-02-09,,,
7733,2026-02-26,208000.0,2026-02-09,,,
7734,2026-02-26,212000.0,2026-02-16,,,
7735,2026-03-05,213000.0,2026-02-16,,,
7736,2026-03-19,211000.0,2026-02-16,,,
7737,2026-03-05,213000.0,2026-02-23,,,
7738,2026-03-12,214000.0,2026-02-23,,,
7739,2026-03-12,213000.0,2026-03-02,,,
7740,2026-03-19,205000.0,2026-03-09,,,
7741,2026-03-26,210000.0,2026-03-16,,,
7742,2026-04-02,211000.0,2026-03-16,,,
7743,2026-04-02,202000.0,2026-03-23,,,
7744,2026-04-09,203000.0,2026-03-23,,,
7745,2026-04-09,219000.0,2026-03-30,,,
7746,2026-04-16,218000.0,2026-03-30,,,
7747,2026-04-16,207000.0,2026-04-06,,,
7748,2026-04-23,208000.0,2026-04-06,,,
7749,2026-04-23,214000.0,2026-04-13,,,
7750,2026-04-30,215000.0,2026-04-13,,,
7751,2026-04-30,189000.0,2026-04-20,,,
7752,2026-05-07,190000.0,2026-04-20,,,
7753,2026-05-07,200000.0,2026-04-27,,,
